#
# A fatal error has been detected by the Java Runtime Environment:
#
#  EXCEPTION_ACCESS_VIOLATION (0xc0000005) at pc=0x000001a43750dfdd, pid=45184, tid=9092
#
# JRE version: Java(TM) SE Runtime Environment (21.0.10+8) (build 21.0.10+8-LTS-217)
# Java VM: Java HotSpot(TM) 64-Bit Server VM (21.0.10+8-LTS-217, mixed mode, sharing, tiered, compressed oops, compressed class ptrs, g1 gc, windows-amd64)
# Problematic frame:
# J 29348 c2 net.runelite.client.plugins.gpu.SceneUploader.uploadZone(Lnet/runelite/api/Scene;Lnet/runelite/client/plugins/gpu/Zone;II)V (392 bytes) @ 0x000001a43750dfdd [0x000001a43750be60+0x000000000000217d]
#
# No core dump will be written. Minidumps are not enabled by default on client versions of Windows
#
# If you would like to submit a bug report, please visit:
#   https://bugreport.java.com/bugreport/crash.jsp
#

---------------  S U M M A R Y ------------

Command Line: -Dfile.encoding=UTF-8 -Duser.country=US -Duser.language=en -Duser.variant net.runelite.client.RuneLite

Host: 12th Gen Intel(R) Core(TM) i9-12900K, 24 cores, 31G,  Windows 11 , 64 bit Build 26100 (10.0.26100.7920)
Time: Sat Mar 21 16:06:37 2026 US Eastern Daylight Time elapsed time: 2067.117803 seconds (0d 0h 34m 27s)

---------------  T H R E A D  ---------------

Current thread (0x000001a493506e20):  JavaThread "Map Loader" daemon [_thread_in_Java, id=9092, stack(0x0000003892200000,0x0000003892300000) (1024K)]

Stack: [0x0000003892200000,0x0000003892300000],  sp=0x00000038922feae0,  free space=1018k
Native frames: (J=compiled Java code, j=interpreted, Vv=VM code, C=native code)
C  0x000001a43750dfdd

The last pc belongs to nmethod (printed below).

siginfo: EXCEPTION_ACCESS_VIOLATION (0xc0000005), reading address 0x000001a59a710004


Registers:
RAX=0x0000000000000001, RBX=0x0000000605eeb618, RCX=0x000001a4a18bf0f0, RDX=0x0000000000000000
RSP=0x00000038922feae0, RBP=0x00000000c0bdd6c3, RSI=0x0000000024040000, RDI=0x00000000c0bdd6c3
R8 =0x0000000000000524, R9 =0x0000000000000000, R10=0x00000000c0c50ccd, R11=0x000001a59a710000
R12=0x0000000000000000, R13=0x0000000000000000, R14=0x00000038922feac0, R15=0x000001a493506e20
RIP=0x000001a43750dfdd, EFLAGS=0x0000000000010246


Register to memory mapping:

RAX=0x0000000000000001 is an unknown value
RBX=0x0000000605eeb618 is an oop: net.runelite.client.plugins.gpushared.shim.SceneGraphBridge 
{0x0000000605eeb618} - klass: 'net/runelite/client/plugins/gpushared/shim/SceneGraphBridge'
 - ---- fields (total size 4 words):
 - private 'localWriteHead' 'I' @12  1316 (0x00000524)
 - private 'nativeHandle' 'J' @16  1810772328448 (0x000001a59a710000)
 - private 'buf' 'Ljava/nio/ByteBuffer;' @24  a 'java/nio/DirectByteBuffer'{0x0000000606286668} (0xc0c50ccd)
RCX=0x000001a4a18bf0f0 points into unknown readable memory: 0x0000000603a5bd30 | 30 bd a5 03 06 00 00 00
RDX=0x0 is null
RSP=0x00000038922feae0 is pointing into the stack for thread: 0x000001a493506e20
RBP=3233666755 is a compressed pointer to object: net.runelite.client.plugins.gpushared.shim.SceneGraphBridge 
{0x0000000605eeb618} - klass: 'net/runelite/client/plugins/gpushared/shim/SceneGraphBridge'
 - ---- fields (total size 4 words):
 - private 'localWriteHead' 'I' @12  1316 (0x00000524)
 - private 'nativeHandle' 'J' @16  1810772328448 (0x000001a59a710000)
 - private 'buf' 'Ljava/nio/ByteBuffer;' @24  a 'java/nio/DirectByteBuffer'{0x0000000606286668} (0xc0c50ccd)
RSI=0x0000000024040000 is an unknown value
RDI=3233666755 is a compressed pointer to object: net.runelite.client.plugins.gpushared.shim.SceneGraphBridge 
{0x0000000605eeb618} - klass: 'net/runelite/client/plugins/gpushared/shim/SceneGraphBridge'
 - ---- fields (total size 4 words):
 - private 'localWriteHead' 'I' @12  1316 (0x00000524)
 - private 'nativeHandle' 'J' @16  1810772328448 (0x000001a59a710000)
 - private 'buf' 'Ljava/nio/ByteBuffer;' @24  a 'java/nio/DirectByteBuffer'{0x0000000606286668} (0xc0c50ccd)
R8 =0x0000000000000524 is an unknown value
R9 =0x0 is null
R10=3234139341 is a compressed pointer to object: java.nio.DirectByteBuffer 
{0x0000000606286668} - klass: 'java/nio/DirectByteBuffer'
 - ---- fields (total size 8 words):
 - private 'mark' 'I' @12  -1 (0xffffffff)
 - 'address' 'J' @16  1810772328448 (0x000001a59a710000)
 - private 'position' 'I' @24  0 (0x00000000)
 - private 'limit' 'I' @28  536870928 (0x20000010)
 - private final 'capacity' 'I' @32  536870928 (0x20000010)
 - final 'segment' 'Ljava/lang/foreign/MemorySegment;' @36  null (0x00000000)
 - final 'offset' 'I' @40  0 (0x00000000)
 - 'isReadOnly' 'Z' @44  false (0x00)
 - 'bigEndian' 'Z' @45  false (0x00)
 - 'nativeByteOrder' 'Z' @46  true (0x01)
 - final 'hb' '[B' @48  null (0x00000000)
 - private final 'isSync' 'Z' @47  false (0x00)
 - private final 'fd' 'Ljava/io/FileDescriptor;' @52  null (0x00000000)
 - private final 'att' 'Ljava/lang/Object;' @56  null (0x00000000)
 - private final 'cleaner' 'Ljdk/internal/ref/Cleaner;' @60  null (0x00000000)
R11=0x000001a59a710000 is an unknown value
R12=0x0 is null
R13=0x0 is null
R14=0x00000038922feac0 is pointing into the stack for thread: 0x000001a493506e20
R15=0x000001a493506e20 is a thread

Top of Stack: (sp=0x00000038922feae0)
0x00000038922feae0:   0000001000000000 00000006062552c0
0x00000038922feaf0:   00000007fa3b80c8 0000000000000000
0x00000038922feb00:   0000000605eeb618 0000000000000003
0x00000038922feb10:   00000007fa3b9580 0000001000000010
0x00000038922feb20:   00000006057e7428 000000000000dcb9
0x00000038922feb30:   ff477033c0bc73bd 00000007fa3b9590
0x00000038922feb40:   0000000000000000 0000000000000000
0x00000038922feb50:   00000007fa3b81b4 00000007fa3b81b0
0x00000038922feb60:   00000007fa3b81ac 000001a4918e47b8
0x00000038922feb70:   00000006c3767cd8 00000006184d3848
0x00000038922feb80:   0000000000000000 00000007fa3b80c8
0x00000038922feb90:   0000000000000000 0000000000000000
0x00000038922feba0:   000001a43db44000 0000000000000004
0x00000038922febb0:   000001a49040e8df 0000000000000001
0x00000038922febc0:   00000038922fec48 000001a436ac8860
0x00000038922febd0:   000001a436ac8860 0000000000000010
0x00000038922febe0:   0000000000000010 00000006184d3848
0x00000038922febf0:   000000061959a160 00000006062552c0
0x00000038922fec00:   00000038922fec00 000001a49131918a
0x00000038922fec10:   000000000000001c 000001a491918000
0x00000038922fec20:   000001a4c686ed40 0000000604943610
0x00000038922fec30:   000001a491319600 00000038922febd8
0x00000038922fec40:   00000038922fed18 00000038922fed88
0x00000038922fec50:   000001a436ac8d06 0000000000000000
0x00000038922fec60:   0000000000000000 0000000000000000
0x00000038922fec70:   0000000000000000 0000000000000000
0x00000038922fec80:   0000000000000000 0000000000000000
0x00000038922fec90:   0000000000000000 00000006184d3848
0x00000038922feca0:   0000000600000010 0000000600000010
0x00000038922fecb0:   000000061959a468 0000000000000152
0x00000038922fecc0:   00000000000000bf 0000000000003410
0x00000038922fecd0:   00000006001aa746 000000061959a440 

Instructions: (pc=0x000001a43750dfdd)
0x000001a43750dedd:   d4 08 81 f9 b0 0e 1c 00 0f 85 8d 2c 00 00 4b 8d
0x000001a43750deed:   34 d4 8b 6e 1c 83 c5 fd 85 ed 0f 8c c3 2c 00 00
0x000001a43750defd:   83 fd 04 0f 86 fe 2c 00 00 4c 8b 46 10 8b 4e 24
0x000001a43750df0d:   85 c9 0f 85 ff 35 00 00 0f b6 4e 2d 41 8b 54 fc
0x000001a43750df1d:   0c 45 8b 40 04 49 8d 1c fc 41 8b f0 0f ce 85 c9
0x000001a43750df2d:   44 0f 45 c6 8b ca 41 2b c8 81 f9 00 01 00 00 0f
0x000001a43750df3d:   8c 9c 0d 00 00 4c 8b 54 24 40 45 8b 42 08 41 81
0x000001a43750df4d:   f8 98 9e 02 00 0f 84 ac 2b 00 00 8b ef eb 13 0f
0x000001a43750df5d:   1f 40 00 44 8b 4c 24 48 44 8b 5c 24 4c 48 8b 5c
0x000001a43750df6d:   24 20 48 89 5c 24 20 44 89 5c 24 4c 44 89 4c 24
0x000001a43750df7d:   48 90 e8 5c f6 e1 ff 0f 1f 84 00 74 28 00 0c 45
0x000001a43750df8d:   8b 54 ec 18 47 8b 44 d4 08 41 81 f8 b0 0e 1c 00
0x000001a43750df9d:   0f 85 d5 23 00 00 4f 8d 0c d4 45 8b 59 1c 41 83
0x000001a43750dfad:   c3 fd 45 85 db 0f 8c 00 24 00 00 41 83 fb 04 0f
0x000001a43750dfbd:   86 4a 24 00 00 4d 8b 59 10 45 8b 41 24 45 85 c0
0x000001a43750dfcd:   0f 85 11 25 00 00 45 0f b6 49 2d 45 8b 44 ec 0c
0x000001a43750dfdd:   45 8b 5b 04 41 8b db 0f cb 45 85 c9 44 0f 45 db
0x000001a43750dfed:   41 8b c8 41 2b cb 81 f9 00 01 00 00 0f 8d 61 ff
0x000001a43750dffd:   ff ff 45 0f b6 d8 41 c1 e3 15 45 8d 43 10 89 6c
0x000001a43750e00d:   24 6c 44 89 5c 24 68 44 89 44 24 70 47 8b 44 d4
0x000001a43750e01d:   08 44 8b 5c 24 48 41 b9 fb ff 07 00 45 3b d9 44
0x000001a43750e02d:   8b 4c 24 48 41 bb fb ff 07 00 45 0f 4f cb 44 89
0x000001a43750e03d:   4c 24 50 41 b9 fb ff 07 00 44 2b 4c 24 50 44 3b
0x000001a43750e04d:   4c 24 4c 44 8b 5c 24 4c 45 0f 4f cb 44 89 4c 24
0x000001a43750e05d:   4c 41 81 f8 b0 0e 1c 00 0f 85 dd 2b 00 00 49 c1
0x000001a43750e06d:   e2 03 4c 89 54 24 60 41 8b 6a 24 85 ed 0f 85 38
0x000001a43750e07d:   35 00 00 45 8b 52 1c 45 85 d2 0f 8c f3 2b 00 00
0x000001a43750e08d:   41 8b ea 44 8b 44 24 70 44 3b c5 0f 83 5e 28 00
0x000001a43750e09d:   00 4c 8b 5c 24 60 4d 8b 43 10 44 8b 5c 24 68 41
0x000001a43750e0ad:   83 c3 14 4c 63 4c 24 68 4c 89 4c 24 28 4d 03 c1
0x000001a43750e0bd:   41 c6 40 10 01 41 83 c2 fd 45 85 d2 0f 8c 01 2c
0x000001a43750e0cd:   00 00 45 8b ca 45 3b da 0f 83 61 28 00 00 4c 8b 


Stack slot to memory mapping:

stack at sp + 0 slots: 0x0000001000000000 is an unknown value
stack at sp + 1 slots: 0x00000006062552c0 is an oop: net.runelite.client.plugins.gpu.SceneUploader 
{0x00000006062552c0} - klass: 'net/runelite/client/plugins/gpu/SceneUploader'
 - ---- fields (total size 9 words):
 - private 'basex' 'I' @12  11264 (0x00002c00)
 - private 'basez' 'I' @16  11264 (0x00002c00)
 - private 'rid' 'I' @20  0 (0x00000000)
 - private 'level' 'I' @24  3 (0x00000003)
 - 'u0' 'F' @28  0.000000 (0x00000000)
 - 'u1' 'F' @32  1.000000 (0x3f800000)
 - 'u2' 'F' @36  0.000000 (0x00000000)
 - 'v0' 'F' @40  0.000000 (0x00000000)
 - 'v1' 'F' @44  0.000000 (0x00000000)
 - 'v2' 'F' @48  1.000000 (0x3f800000)
 - private final 'modelLocalXI' '[I' @52  [I{0x00000006062d19d0} (0xc0c5a33a)
 - private final 'modelLocalYI' '[I' @56  [I{0x00000006062d7f70} (0xc0c5afee)
 - private final 'modelLocalZI' '[I' @60  [I{0x00000006062de510} (0xc0c5bca2)
 - private final 'renderCallbackManager' 'Lnet/runelite/client/callback/RenderCallbackManager;' @64  a 'net/runelite/client/callback/RenderCallbackManager'{0x000000060473f810} (0xc08e7f02)
 - private 'zoneListener' 'Lnet/runelite/client/plugins/gpu/SceneUploader$ZoneUploadListener;' @68  a 'net/runelite/client/plugins/gpushared/GpuPluginShared$$Lambda+0x000001a44f71e708'{0x00000006062552b0} (0xc0c4aa56)
stack at sp + 2 slots: 0x00000007fa3b80c8 is an oop: net.runelite.client.plugins.gpu.GpuIntBuffer 
{0x00000007fa3b80c8} - klass: 'net/runelite/client/plugins/gpu/GpuIntBuffer'
 - ---- fields (total size 2 words):
 - private final 'buffer' 'Ljava/nio/IntBuffer;' @12  a 'java/nio/DirectIntBufferU'{0x00000006184d38f8} (0xc309a71f)
stack at sp + 3 slots: 0x0 is null
stack at sp + 4 slots: 0x0000000605eeb618 is an oop: net.runelite.client.plugins.gpushared.shim.SceneGraphBridge 
{0x0000000605eeb618} - klass: 'net/runelite/client/plugins/gpushared/shim/SceneGraphBridge'
 - ---- fields (total size 4 words):
 - private 'localWriteHead' 'I' @12  1316 (0x00000524)
 - private 'nativeHandle' 'J' @16  0 (0x0000000000000000)
 - private 'buf' 'Ljava/nio/ByteBuffer;' @24  a 'java/nio/DirectByteBuffer'{0x0000000606286668} (0xc0c50ccd)
stack at sp + 5 slots: 0x0000000000000003 is an unknown value
stack at sp + 6 slots: 0x00000007fa3b9580 is an oop: [I 
{0x00000007fa3b9580} - klass: {type array int}
 - length: 56505
stack at sp + 7 slots: 0x0000001000000010 is an unknown value


Compiled method (c2) 2067172 29348       4       net.runelite.client.plugins.gpu.SceneUploader::uploadZone (392 bytes)
 total in heap  [0x000001a43750b710,0x000001a437516cd8] = 46536
 relocation     [0x000001a43750b870,0x000001a43750be60] = 1520
 main code      [0x000001a43750be60,0x000001a437512a20] = 27584
 stub code      [0x000001a437512a20,0x000001a437512bd8] = 440
 oops           [0x000001a437512bd8,0x000001a437512c08] = 48
 metadata       [0x000001a437512c08,0x000001a437512ff0] = 1000
 scopes data    [0x000001a437512ff0,0x000001a437515910] = 10528
 scopes pcs     [0x000001a437515910,0x000001a437516590] = 3200
 dependencies   [0x000001a437516590,0x000001a437516628] = 152
 handler table  [0x000001a437516628,0x000001a437516bb0] = 1416
 nul chk table  [0x000001a437516bb0,0x000001a437516cd8] = 296

[Constant Pool (empty)]

[MachCode]
[Entry Point]
  # {method} {0x000001a491301bc0} 'uploadZone' '(Lnet/runelite/api/Scene;Lnet/runelite/client/plugins/gpu/Zone;II)V' in 'net/runelite/client/plugins/gpu/SceneUploader'
  # this:     rdx:rdx   = 'net/runelite/client/plugins/gpu/SceneUploader'
  # parm0:    r8:r8     = 'net/runelite/api/Scene'
  # parm1:    r9:r9     = 'net/runelite/client/plugins/gpu/Zone'
  # parm2:    rdi       = int
  # parm3:    rsi       = int
  #           [sp+0xf0]  (sp of caller)
  0x000001a43750be60: 448b 5208 | 49bb 0000 | 004e a401 | 0000 4d03 | d349 3bc2 

  0x000001a43750be74: ;   {runtime_call ic_miss_stub}
  0x000001a43750be74: 0f85 0629 | 60ff 6690 | 0f1f 4000 
[Verified Entry Point]
  0x000001a43750be80: 8984 2400 | 80ff ff55 | 4881 ece0 | 0000 0090 | 4181 7f20 | 3e00 0000 | 0f85 746b | 0000 8974 
  0x000001a43750bea0: 243c 897c | 2438 4c89 | 4c24 2848 | 8954 2420 

  0x000001a43750beb0: ; implicit exception: dispatches to 0x000001a4375122f4
  0x000001a43750beb0: 458b 5808 

  0x000001a43750beb4: ;   {metadata('ih')}
  0x000001a43750beb4: 4181 fb28 | a132 010f | 85bf 4900 | 0049 8bd8 | 448b 93f0 | 0100 0044 | 8994 2484 | 0000 0049 
  0x000001a43750bed4: 8b87 b801 | 0000 4d8b | 9788 0300 | 004c 8bd8 | 4983 c310 | 498b 3a4d | 3b9f c801 | 0000 0f83 
  0x000001a43750bef4: 323f 0000 | 4d89 9fb8 | 0100 0041 | 0f0d 8bc0 | 0000 0048 | c700 0100 

  0x000001a43750bf0c: ;   {metadata('java/util/HashSet')}
  0x000001a43750bf0c: 0000 c740 | 08e0 e40d | 0044 8960 | 0c48 8bf0 | 498b 87b8 | 0100 004c | 8bd0 4983 | c230 4d3b 
  0x000001a43750bf2c: 97c8 0100 | 000f 83bb | 3e00 004d | 8997 b801 | 0000 410f | 0d8a c000 | 0000 48c7 | 0001 0000 
  0x000001a43750bf4c: ;   {metadata('java/util/HashMap')}
  0x000001a43750bf4c: 00c7 4008 | 08d0 0800 | 4489 600c | 4c89 6010 | 4c89 6018 | 4c89 6028 | 48c7 4020 | 0000 403f 
  0x000001a43750bf6c: 4c8b d049 | c1ea 0344 | 8956 0c4c | 8bd0 4c8b | de4d 33d3 | 49c1 ea16 | 4d85 d274 | 1a49 c1eb 
  0x000001a43750bf8c: 0948 b900 | 40b4 3da4 | 0100 0049 | 03cb 8039 | 020f 859a | 3100 004c | 8b54 2428 

  0x000001a43750bfa8: ; implicit exception: dispatches to 0x000001a437512308
  0x000001a43750bfa8: 458b 4a28 | 4889 7424 | 4848 897c | 2440 4889 | 5c24 308b | 5c24 3cc1 | e303 8bac | 2484 0000 
  0x000001a43750bfc8: 0049 8d34 | ec48 63eb | 8b7c 2438 | c1e7 034c | 8d45 0748 | 63c7 4c8b | d849 f7db | 41ba 0800 
  0x000001a43750bfe8: 0000 b902 | 0000 00ba | ffff ff7f | 4981 fbff | ffff 7f4c | 0f4f da49 | 83fb 024c | 0f4c d941 
  0x000001a43750c008: 8bd3 413b | d241 0f4f | d245 85c9 | 0f84 302c | 0000 4d8b | afb8 0100 | 004d 8bd5 | 4983 c210 
  0x000001a43750c028: 4d3b 97c8 | 0100 000f | 83d4 4200 | 004d 8997 | b801 0000 | 410f 0d8a | c000 0000 | 49c7 4500 
  0x000001a43750c048: 0100 0000 

  0x000001a43750c04c: ;   {metadata('net/runelite/client/plugins/gpu/GpuIntBuffer')}
  0x000001a43750c04c: 41c7 4508 | 0000 4401 | 4589 650c | 478b 5ccc | 2445 895d | 0c4d 8bd5 | 4d8b cb49 | c1e1 034d 
  0x000001a43750c06c: 33ca 49c1 | e916 4d85 | c974 1f45 | 85db 741a | 49c1 ea09 | 48b9 0040 | b43d a401 | 0000 4903 
  0x000001a43750c08c: ca80 3902 | 0f85 3a3a | 0000 4c8b | 5424 2845 | 8b5a 2c45 | 85db 0f84 | a100 0000 | 4c89 6c24 
  0x000001a43750c0ac: 504d 8baf | b801 0000 | 4d8b d549 | 83c2 104d | 3b97 c801 | 0000 0f83 | 0a45 0000 | 4d89 97b8 
  0x000001a43750c0cc: 0100 0041 | 0f0d 8ac0 | 0000 0049 | c745 0001 

  0x000001a43750c0dc: ;   {metadata('net/runelite/client/plugins/gpu/GpuIntBuffer')}
  0x000001a43750c0dc: 0000 0041 | c745 0800 | 0044 0145 | 8965 0c4d | 8bf5 478b | 54dc 2445 | 8955 0c4d | 8bdd 4d8b 
  0x000001a43750c0fc: ca49 c1e1 | 034d 33cb | 49c1 e916 | 4d85 c974 | 1f45 85d2 | 741a 49c1 | eb09 48b9 | 0040 b43d 
  0x000001a43750c11c: a401 0000 | 4903 cb80 | 3902 0f85 | ae3b 0000 | 4c8b 5424 | 284c 8b6c | 2450 c5f9 | 6ec3 897c 
  0x000001a43750c13c: 2428 c4c1 | f96e c889 | 5424 2ceb | 1445 33f6 | c5f9 6ec3 | 897c 2428 | c4c1 f96e | c889 5424 
  0x000001a43750c15c: 2c45 33c9 | 49b8 0040 | b43d a401 | 0000 33c9 | 41bb 0400 | 0000 4c89 | 9424 9800 | 0000 4c89 
  0x000001a43750c17c: 8424 c000 | 0000 4889 | 8c24 b800 | 0000 4489 | 9c24 c800 | 0000 4c89 | ac24 a800 | 0000 4c89 
  0x000001a43750c19c: b424 b000 | 0000 eb17 | 4d8b 9758 | 0400 0041 

  0x000001a43750c1ac: ; ImmutableOopMap {rsi=Oop [32]=Oop [48]=Oop [64]=Oop [72]=Oop [132]=NarrowOop [152]=Oop [168]=Oop [176]=Oop }
                      ;*goto {reexecute=1 rethrow=0 return_oop=0}
                      ; - (reexecute) net.runelite.client.plugins.gpu.SceneUploader::uploadZone@155 (line 116)
                      ;   {poll}
  0x000001a43750c1ac: ffc1 4185 | 0241 83f9 | 040f 8d22 | 0400 0044 | 8b84 2484 | 0000 0047 | 8b5c c40c | 453b cb0f 
  0x000001a43750c1cc: 8338 4500 | 0042 8b5c | 8e10 458b | 54dc 0c44 | 8b5c 2428 | 453b da0f | 8327 4500 | 0049 8d0c 
  0x000001a43750c1ec: dc46 8b5c | 9910 438b | 5cdc 0cc4 | c179 7ec0 | 443b c30f | 8379 4200 | 004c 63c3 | c4e1 f97e 
  0x000001a43750c20c: cb49 3bd8 | 0f83 7442 | 0000 4f8d | 04dc c4c1 | 797e c347 | 8b5c 9810 | 4585 db0f | 8f26 4400 
  0x000001a43750c22c: 0045 8b5c | a814 4585 | db0f 8f36 | 4400 0045 | 8b5c a818 | 4585 db0f | 8f3e 4400 | 0045 8b5c 
  0x000001a43750c24c: a81c 4585 | db0f 8f03 | 4400 0045 | 8b5c a820 | 4585 db0f | 8fe2 4300 | 0045 8b5c | a824 4585 
  0x000001a43750c26c: db0f 8f05 | 4400 0045 | 8b5c a828 | 4585 db0f | 8f0d 4400 | 0045 8b5c | a82c 4585 | db0f 8fd2 
  0x000001a43750c28c: 4300 00bb | 0100 0000 | 448b c344 | 0344 2428 | 453b c20f | 834b 4400 | 004c 63db | 4c03 d846 
  0x000001a43750c2ac: ;   {no_reloc}
  0x000001a43750c2ac: 8b5c 9910 

  0x000001a43750c2b0: ; implicit exception: dispatches to 0x000001a437510474
  0x000001a43750c2b0: 438b 7cdc | 0cc4 c179 | 7ec0 443b | c70f 83bd | 4100 004c | 63c7 c4e1 | f97e cf49 | 3bf8 0f83 
  0x000001a43750c2d0: b841 0000 | 4f8d 04dc | c4c1 797e | c347 8b5c | 9810 4585 | db0f 8f6a | 4300 0045 | 8b5c a814 
  0x000001a43750c2f0: 4585 db0f | 8f7a 4300 | 0045 8b5c | a818 4585 | db0f 8f82 | 4300 0045 | 8b5c a81c | 4585 db0f 
  0x000001a43750c310: 8f47 4300 | 0045 8b5c | a820 4585 | db0f 8f26 | 4300 0045 | 8b5c a824 | 4585 db0f | 8f49 4300 
  0x000001a43750c330: 0045 8b5c | a828 4585 | db0f 8f51 | 4300 0045 | 8b5c a82c | 4585 db0f | 8f16 4300 | 004d 8b87 
  0x000001a43750c350: 5804 0000 

  0x000001a43750c354: ; ImmutableOopMap {rcx=Oop rsi=Oop [32]=Oop [48]=Oop [64]=Oop [72]=Oop [132]=NarrowOop [152]=Oop [168]=Oop [176]=Oop }
                      ;*goto {reexecute=1 rethrow=0 return_oop=0}
                      ; - (reexecute) net.runelite.client.plugins.gpu.SceneUploader::uploadZone@149 (line 118)
  0x000001a43750c354: 448d 5b01 

  0x000001a43750c358: ;   {poll}
  0x000001a43750c358: 4185 0044 | 3b5c 242c | 7d08 418b | dbe9 2aff | ffff 4d63 | c24c 2bc0 | 4983 f808 | bf08 0000 
  0x000001a43750c378: 004c 0f4f | c741 8bf8 | 443b df0f | 8d8e 4300 | 00ff c30f | 1f44 0000 | 4c63 db4c | 03d8 468b 
  0x000001a43750c398: 4499 1047 | 8b5c c40c | c5f9 7ec2 | 413b d30f | 83d3 4000 | 004d 63db | c4e1 f97e | ca49 3bd3 
  0x000001a43750c3b8: 0f83 ce40 | 0000 49c1 | e003 c4c1 | 797e c347 | 8b5c 9810 | 4585 db0f | 8f80 4200 | 0045 8b5c 
  0x000001a43750c3d8: a814 4585 | db0f 8f90 | 4200 0045 | 8b5c a818 | 4585 db0f | 8f98 4200 | 0045 8b5c | a81c 4585 
  0x000001a43750c3f8: db0f 8f5d | 4200 0045 | 8b5c a820 | 4585 db0f | 8f3c 4200 | 0045 8b5c | a824 4585 | db0f 8f5f 
  0x000001a43750c418: 4200 0045 | 8b5c a828 | 4585 db0f | 8f67 4200 | 0045 8b5c | a82c 4585 | db0f 8f2c | 4200 004d 
  0x000001a43750c438: 8b9f 5804 

  0x000001a43750c43c: ; ImmutableOopMap {rcx=Oop rsi=Oop [32]=Oop [48]=Oop [64]=Oop [72]=Oop [132]=NarrowOop [152]=Oop [168]=Oop [176]=Oop }
                      ;*goto {reexecute=1 rethrow=0 return_oop=0}
                      ; - (reexecute) net.runelite.client.plugins.gpu.SceneUploader::uploadZone@149 (line 118)
  0x000001a43750c43c: 0000 ffc3 

  0x000001a43750c440: ;   {poll}
  0x000001a43750c440: 4185 033b | df0f 8c45 | ffff ff83 | fb08 0f8d | 50fd ffff | 448b db44 | 035c 2428 | 453b da0f 
  0x000001a43750c460: 838b 4200 | 004c 63db | 4c03 d846 | 8b5c 9910 

  0x000001a43750c470: ; implicit exception: dispatches to 0x000001a437510474
  0x000001a43750c470: 438b 7cdc | 0cc4 c179 | 7ec0 443b | c70f 83fd | 3f00 004c | 63c7 c4e1 | f97e cf49 | 3bf8 0f83 
  0x000001a43750c490: f83f 0000 | 4f8d 04dc | c4c1 797e | c347 8b5c | 9810 4585 | db0f 8faa | 4100 0045 | 8b5c a814 
  0x000001a43750c4b0: 4585 db0f | 8fba 4100 | 0045 8b5c | a818 4585 | db0f 8fc2 | 4100 0045 | 8b5c a81c | 4585 db0f 
  0x000001a43750c4d0: 8f87 4100 | 0045 8b5c | a820 4585 | db0f 8f66 | 4100 0045 | 8b5c a824 | 4585 db0f | 8f89 4100 
  0x000001a43750c4f0: 0045 8b5c | a828 4585 | db0f 8f91 | 4100 0045 | 8b5c a82c | 4585 db0f | 8f56 4100 | 004d 8b9f 
  0x000001a43750c510: 5804 0000 

  0x000001a43750c514: ; ImmutableOopMap {rcx=Oop rsi=Oop [32]=Oop [48]=Oop [64]=Oop [72]=Oop [132]=NarrowOop [152]=Oop [168]=Oop [176]=Oop }
                      ;*goto {reexecute=1 rethrow=0 return_oop=0}
                      ; - (reexecute) net.runelite.client.plugins.gpu.SceneUploader::uploadZone@149 (line 118)
                      ;   {poll}
  0x000001a43750c514: ffc3 4185 | 0383 fb08 | 0f8c 32ff | ffff e97d | fcff ff66 | 0f1f 8400 | 0000 0000 | 4489 4424 
  0x000001a43750c534: 2848 8beb | 488b 5424 | 204c 8b44 | 2430 4c8b | cb8b 7c24 | 388b 7424 | 3c8b 4c24 | 2845 33d2 
  0x000001a43750c554: 4489 1424 | 4c8b 5424 | 484c 8954 | 2408 4c8b | 9424 a800 | 0000 4c89 | 5424 104c | 8b94 24b0 
  0x000001a43750c574: 0000 004c | 8954 2418 

  0x000001a43750c57c: ;   {optimized virtual_call}
  0x000001a43750c57c: 6666 90e8 

  0x000001a43750c580: ; ImmutableOopMap {rbp=Oop [32]=Oop [48]=Oop [64]=Oop [72]=Oop [168]=Oop [176]=Oop }
                      ;*invokevirtual uploadZoneLevel {reexecute=0 rethrow=0 return_oop=0}
                      ; - net.runelite.client.plugins.gpu.SceneUploader::uploadZone@331 (line 149)
  0x000001a43750c580: bcbf 9f00 

  0x000001a43750c584: ;   {other}
  0x000001a43750c584: 0f1f 8400 | 740e 0004 | 448b 4424 | 2848 8bdd | 448b 5d28 | 4585 db74 | 2447 8b5c | dc24 478b 
  0x000001a43750c5a4: 54dc 188b | 6d30 458b | 4cec 0c45 | 3bc1 0f83 | 6741 0000 | 4d8d 1cec | 4789 5483 | 104d 8b9f 
  0x000001a43750c5c4: 5804 0000 

  0x000001a43750c5c8: ; ImmutableOopMap {rbx=Oop [32]=Oop [48]=Oop [64]=Oop [72]=Oop [168]=Oop [176]=Oop }
                      ;*goto {reexecute=1 rethrow=0 return_oop=0}
                      ; - (reexecute) net.runelite.client.plugins.gpu.SceneUploader::uploadZone@365 (line 135)
                      ;   {poll}
  0x000001a43750c5c8: 41ff c041 | 8503 4183 | f803 0f8e | b511 0000 | e97b 1300 | 004c 8b4c | 2448 458b | 590c 478b 
  0x000001a43750c5e8: 5cdc 1449 | 8b9f b801 | 0000 4c8b | d349 83c2 | 204d 3b97 | c801 0000 | 0f83 5338 | 0000 4d89 
  0x000001a43750c608: 97b8 0100 | 0041 0f0d | 8ac0 0000 | 0048 c703 | 0100 0000 | 410f 0d8a | 0001 0000 

  0x000001a43750c624: ;   {metadata({type array int}[])}
  0x000001a43750c624: c743 0820 | 2800 0041 | 0f0d 8a40 | 0100 00c7 | 430c 0400 | 0000 410f | 0d8a 8001 | 0000 4c89 
  0x000001a43750c644: 6310 4c89 | 6318 4963 | d349 63f3 | 4181 fb00 | 0004 000f | 87b1 4100 | 004c 8bd6 | 4181 fb00 
  0x000001a43750c664: 0004 000f | 8771 3800 | 004d 8baf | b801 0000 | 4a8d 0c95 | 1700 0000 | 4c8b c149 | 83e0 f84d 
  0x000001a43750c684: 8bd5 4d03 | d04d 3b97 | c801 0000 | 0f83 4838 | 0000 4d89 | 97b8 0100 | 0041 0f0d | 8ac0 0000 
  0x000001a43750c6a4: 0049 c745 | 0001 0000 | 0041 0f0d | 8a00 0100 

  0x000001a43750c6b4: ;   {metadata({type array int})}
  0x000001a43750c6b4: 0041 c745 | 0838 2600 | 0045 895d | 0c41 0f0d | 8a40 0100 | 0049 8bfd | 4883 c710 | 410f 0d8a 
  0x000001a43750c6d4: 8001 0000 | 48c1 e903 | 4883 c1fe | 4833 c048 | 83f9 087f | 1048 ffc9 | 784f 4889 | 04cf 48ff 
  0x000001a43750c6f4: c97d f7eb | 44c5 fdef | c0e9 0d00 | 0000 c5fe | 7f07 c5fe | 7f47 2048 | 83c7 4048 | 83e9 087d 
  0x000001a43750c714: ed48 83c1 | 047c 0cc5 | fe7f 0748 | 83c7 2048 | 83e9 0448 | 83c1 047e | 1048 ffc9 | c5f9 d607 
  0x000001a43750c734: 4883 c708 | 48ff c97d | f348 8bcb | 4883 c110 | 4c8b c349 | 83c0 1c48 | 8bfb 4883 | c718 488b 
  0x000001a43750c754: c348 83c0 | 144d 8bd5 | 49c1 ea03 | 4489 1141 | 8beb 4c8b | d14d 33ea | 488b cb48 | c1e9 0389 
  0x000001a43750c774: 8c24 8000 | 0000 49c1 | ed16 4d85 | ed74 1a49 | c1ea 0948 | b900 40b4 | 3da4 0100 | 0049 03ca 
  0x000001a43750c794: 8039 020f | 85de 2a00 | 0041 81fb | 0000 0400 | 0f87 5240 | 0000 4c8b | d641 81fb | 0000 0400 
  0x000001a43750c7b4: ;   {no_reloc}
  0x000001a43750c7b4: 0f87 8137 | 0000 4889 | 4424 7848 | 897c 2470 | 4c89 4424 | 6848 8974 | 2460 4889 | 5424 5848 
  0x000001a43750c7d4: 895c 2450 | 4489 5c24 | 484c 894c | 2428 4d8b | 9fb8 0100 | 004a 8d0c | 9517 0000 | 004c 8bd1 
  0x000001a43750c7f4: 4983 e2f8 | 4d8b c34d | 03c2 4d3b | 87c8 0100 | 000f 8358 | 3700 004d | 8987 b801 | 0000 410f 
  0x000001a43750c814: 0d88 c000 | 0000 49c7 | 0301 0000 | 0041 0f0d | 8800 0100 

  0x000001a43750c828: ;   {metadata({type array int})}
  0x000001a43750c828: 0041 c743 | 0838 2600 | 0044 8b54 | 2448 4589 | 530c 410f | 0d88 4001 | 0000 498b | fb48 83c7 
  0x000001a43750c848: 1041 0f0d | 8880 0100 | 0048 c1e9 | 0348 83c1 | fe48 33c0 | 4883 f908 | 7f10 48ff | c978 4f48 
  0x000001a43750c868: 8904 cf48 | ffc9 7df7 | eb44 c5fd | efc0 e90d | 0000 00c5 | fe7f 07c5 | fe7f 4720 | 4883 c740 
  0x000001a43750c888: 4883 e908 | 7ded 4883 | c104 7c0c | c5fe 7f07 | 4883 c720 | 4883 e904 | 4883 c104 | 7e10 48ff 
  0x000001a43750c8a8: c9c5 f9d6 | 0748 83c7 | 0848 ffc9 | 7df3 4d8b | c341 807f | 4000 0f85 | 3426 0000 | 4c8b 4c24 
  0x000001a43750c8c8: 784d 8bd0 | 49c1 ea03 | 4589 114d | 8bd1 4d8b | d84d 33da | 49c1 eb16 | 4d85 db74 | 1a49 c1ea 
  0x000001a43750c8e8: 0948 b900 | 40b4 3da4 | 0100 0049 | 03ca 8039 | 020f 85da | 2800 0044 | 8b54 2448 | 4181 fa00 
  0x000001a43750c908: 0004 000f | 87f3 3e00 | 004c 8b5c | 2460 4181 | fa00 0004 | 000f 87ad | 3600 004d | 8b8f b801 
  0x000001a43750c928: ;   {no_reloc}
  0x000001a43750c928: 0000 4a8d | 0c9d 1700 | 0000 4c8b | c149 83e0 | f84d 8bd9 | 4d03 d84d | 3b9f c801 | 0000 0f83 
  0x000001a43750c948: 8436 0000 | 4d89 9fb8 | 0100 0041 | 0f0d 8bc0 | 0000 0049 | c701 0100 | 0000 410f | 0d8b 0001 
  0x000001a43750c968: ;   {metadata({type array int})}
  0x000001a43750c968: 0000 41c7 | 4108 3826 | 0000 4589 | 510c 410f | 0d8b 4001 | 0000 498b | f948 83c7 | 1041 0f0d 
  0x000001a43750c988: 8b80 0100 | 0048 c1e9 | 0348 83c1 | fe48 33c0 | 4883 f908 | 7f10 48ff | c978 4f48 | 8904 cf48 
  0x000001a43750c9a8: ffc9 7df7 | eb44 c5fd | efc0 e90d | 0000 00c5 | fe7f 07c5 | fe7f 4720 | 4883 c740 | 4883 e908 
  0x000001a43750c9c8: 7ded 4883 | c104 7c0c | c5fe 7f07 | 4883 c720 | 4883 e904 | 4883 c104 | 7e10 48ff | c9c5 f9d6 
  0x000001a43750c9e8: 0748 83c7 | 0848 ffc9 | 7df3 4180 | 7f40 000f | 85c0 2400 | 0048 8b5c | 2470 4d8b | d949 c1eb 
  0x000001a43750ca08: 0344 891b | 4c8b db4d | 8bc1 4d33 | c349 c1e8 | 164d 85c0 | 741a 49c1 | eb09 48b9 | 0040 b43d 
  0x000001a43750ca28: a401 0000 | 4903 cb80 | 3902 0f85 | ef27 0000 | 4181 fa00 | 0004 000f | 87a8 3d00 | 0041 81fa 
  0x000001a43750ca48: 0000 0400 | 0f87 4f35 | 0000 498b | 9fb8 0100 | 004c 8b5c | 2460 4a8d | 0c9d 1700 | 0000 4c8b 
  0x000001a43750ca68: ;   {no_reloc}
  0x000001a43750ca68: d949 83e3 | f84c 8bc3 | 4d03 c34d | 3b87 c801 | 0000 0f83 | 2135 0000 | 4d89 87b8 | 0100 0041 
  0x000001a43750ca88: 0f0d 88c0 | 0000 0048 | c703 0100 | 0000 410f | 0d88 0001 

  0x000001a43750ca9c: ;   {metadata({type array int})}
  0x000001a43750ca9c: 0000 c743 | 0838 2600 | 0044 8953 | 0c41 0f0d | 8840 0100 | 0048 8bfb | 4883 c710 | 410f 0d88 
  0x000001a43750cabc: 8001 0000 | 48c1 e903 | 4883 c1fe | 4833 c048 | 83f9 087f | 1048 ffc9 | 784f 4889 | 04cf 48ff 
  0x000001a43750cadc: c97d f7eb | 44c5 fdef | c0e9 0d00 | 0000 c5fe | 7f07 c5fe | 7f47 2048 | 83c7 4048 | 83e9 087d 
  0x000001a43750cafc: ed48 83c1 | 047c 0cc5 | fe7f 0748 | 83c7 2048 | 83e9 0448 | 83c1 047e | 1048 ffc9 | c5f9 d607 
  0x000001a43750cb1c: 4883 c708 | 48ff c97d | f341 807f | 4000 0f85 | 1323 0000 | 488b 7c24 | 684c 8bdb | 49c1 eb03 
  0x000001a43750cb3c: 4489 1f4c | 8bd7 4c8b | db4d 33da | 49c1 eb16 | 4d85 db74 | 1a49 c1ea | 0948 b900 | 40b4 3da4 
  0x000001a43750cb5c: 0100 0049 | 03ca 8039 | 020f 8520 | 2600 0041 | 807f 4000 | 0f85 0823 | 0000 448b | 9c24 8000 
  0x000001a43750cb7c: 0000 4c8b | 9424 9800 | 0000 4589 | 5a34 4c8b | 5424 504c | 8b9c 2498 | 0000 004d | 33d3 49c1 
  0x000001a43750cb9c: ;   {no_reloc}
  0x000001a43750cb9c: ea16 4d85 | d274 1a49 | c1eb 0948 | b900 40b4 | 3da4 0100 | 0049 03cb | 8039 020f | 8548 2700 
  0x000001a43750cbbc: 004c 8b6c | 2428 458b | 5d0c 478b | 4cdc 144d | 8b87 b801 | 0000 4d8b | d049 83c2 | 204d 3b97 
  0x000001a43750cbdc: c801 0000 | 0f83 ba32 | 0000 4d89 | 97b8 0100 | 0041 0f0d | 8ac0 0000 | 0049 c700 | 0100 0000 
  0x000001a43750cbfc: 410f 0d8a | 0001 0000 

  0x000001a43750cc04: ;   {metadata({type array int}[])}
  0x000001a43750cc04: 41c7 4008 | 2028 0000 | 410f 0d8a | 4001 0000 | 41c7 400c | 0400 0000 | 410f 0d8a | 8001 0000 
  0x000001a43750cc24: 4d89 6010 | 4d89 6018 | 4963 e949 | 63d9 4181 | f900 0004 | 000f 87e6 | 3b00 004c | 8bd3 4181 
  0x000001a43750cc44: f900 0004 | 000f 8725 | 3400 0049 | 8bb7 b801 | 0000 4a8d | 0c95 1700 | 0000 4c8b | d149 83e2 
  0x000001a43750cc64: f84c 8bde | 4d03 da4d | 3b9f c801 | 0000 0f83 | fc33 0000 | 4d89 9fb8 | 0100 0041 | 0f0d 8bc0 
  0x000001a43750cc84: 0000 0048 | c706 0100 | 0000 410f | 0d8b 0001 

  0x000001a43750cc94: ;   {metadata({type array int})}
  0x000001a43750cc94: 0000 c746 | 0838 2600 | 0044 894e | 0c41 0f0d | 8b40 0100 | 0048 8bfe | 4883 c710 | 410f 0d8b 
  0x000001a43750ccb4: 8001 0000 | 48c1 e903 | 4883 c1fe | 4833 c048 | 83f9 087f | 1048 ffc9 | 784f 4889 | 04cf 48ff 
  0x000001a43750ccd4: c97d f7eb | 44c5 fdef | c0e9 0d00 | 0000 c5fe | 7f07 c5fe | 7f47 2048 | 83c7 4048 | 83e9 087d 
  0x000001a43750ccf4: ed48 83c1 | 047c 0cc5 | fe7f 0748 | 83c7 2048 | 83e9 0448 | 83c1 047e | 1048 ffc9 | c5f9 d607 
  0x000001a43750cd14: 4883 c708 | 48ff c97d | f349 8bc8 | 4883 c110 | 4d8b d849 | 83c3 1c49 | 8bf8 4883 | c718 498b 
  0x000001a43750cd34: d048 83c2 | 144c 8bd6 | 49c1 ea03 | 4489 1145 | 8bd1 4489 | 9424 cc00 | 0000 488b | c148 33f0 
  0x000001a43750cd54: 4d8b d049 | c1ea 0344 | 8994 2480 | 0000 0048 | c1ee 1648 | 85f6 741a | 48c1 e809 | 48b9 0040 
  0x000001a43750cd74: b43d a401 | 0000 4803 | c880 3902 | 0f85 0527 | 0000 4181 | f900 0004 | 000f 87a4 | 3a00 004c 
  0x000001a43750cd94: ;   {no_reloc}
  0x000001a43750cd94: 8bd3 4181 | f900 0004 | 000f 872e | 3300 0048 | 8954 2478 | 4889 7c24 | 704c 895c | 2468 4889 
  0x000001a43750cdb4: 5c24 6048 | 896c 2458 | 4c89 4424 | 5044 894c | 2448 4c89 | 6c24 284d | 8b87 b801 | 0000 4a8d 
  0x000001a43750cdd4: 0c95 1700 | 0000 4c8b | d949 83e3 | f84d 8bd0 | 4d03 d34d | 3b97 c801 | 0000 0f83 | 0533 0000 
  0x000001a43750cdf4: 4d89 97b8 | 0100 0041 | 0f0d 8ac0 | 0000 0049 | c700 0100 | 0000 410f | 0d8a 0001 

  0x000001a43750ce10: ;   {metadata({type array int})}
  0x000001a43750ce10: 0000 41c7 | 4008 3826 | 0000 4589 | 480c 410f | 0d8a 4001 | 0000 498b | f848 83c7 | 1041 0f0d 
  0x000001a43750ce30: 8a80 0100 | 0048 c1e9 | 0348 83c1 | fe48 33c0 | 4883 f908 | 7f10 48ff | c978 4f48 | 8904 cf48 
  0x000001a43750ce50: ffc9 7df7 | eb44 c5fd | efc0 e90d | 0000 00c5 | fe7f 07c5 | fe7f 4720 | 4883 c740 | 4883 e908 
  0x000001a43750ce70: 7ded 4883 | c104 7c0c | c5fe 7f07 | 4883 c720 | 4883 e904 | 4883 c104 | 7e10 48ff | c9c5 f9d6 
  0x000001a43750ce90: 0748 83c7 | 0848 ffc9 | 7df3 4180 | 7f40 000f | 859c 2000 | 004c 8b4c | 2478 4d8b | d049 c1ea 
  0x000001a43750ceb0: 0345 8911 | 4d8b d14d | 8bd8 4d33 | da49 c1eb | 164d 85db | 741a 49c1 | ea09 48b9 | 0040 b43d 
  0x000001a43750ced0: a401 0000 | 4903 ca80 | 3902 0f85 | 0f25 0000 | 8b6c 2448 | 81fd 0000 | 0400 0f87 | 3d39 0000 
  0x000001a43750cef0: 4c8b 5424 | 6081 fd00 | 0004 000f | 8721 3100 | 004d 8b87 | b801 0000 | 4a8d 0c95 | 1700 0000 
  0x000001a43750cf10: ;   {no_reloc}
  0x000001a43750cf10: 4c8b d949 | 83e3 f84d | 8bd0 4d03 | d34d 3b97 | c801 0000 | 0f83 f830 | 0000 4d89 | 97b8 0100 
  0x000001a43750cf30: 0041 0f0d | 8ac0 0000 | 0049 c700 | 0100 0000 | 410f 0d8a | 0001 0000 

  0x000001a43750cf48: ;   {metadata({type array int})}
  0x000001a43750cf48: 41c7 4008 | 3826 0000 | 4189 680c | 410f 0d8a | 4001 0000 | 498b f848 | 83c7 1041 | 0f0d 8a80 
  0x000001a43750cf68: 0100 0048 | c1e9 0348 | 83c1 fe48 | 33c0 4883 | f908 7f10 | 48ff c978 | 4f48 8904 | cf48 ffc9 
  0x000001a43750cf88: 7df7 eb44 | c5fd efc0 | e90d 0000 | 00c5 fe7f | 07c5 fe7f | 4720 4883 | c740 4883 | e908 7ded 
  0x000001a43750cfa8: 4883 c104 | 7c0c c5fe | 7f07 4883 | c720 4883 | e904 4883 | c104 7e10 | 48ff c9c5 | f9d6 0748 
  0x000001a43750cfc8: 83c7 0848 | ffc9 7df3 | 4180 7f40 | 000f 8529 | 2000 004c | 8b5c 2470 | 4d8b d049 | c1ea 0345 
  0x000001a43750cfe8: 8913 4d8b | d34d 8bd8 | 4d33 da49 | c1eb 164d | 85db 741a | 49c1 ea09 | 48b9 0040 | b43d a401 
  0x000001a43750d008: 0000 4903 | ca80 3902 | 0f85 2724 | 0000 81fd | 0000 0400 | 0f87 f437 | 0000 81fd | 0000 0400 
  0x000001a43750d028: 0f87 1f31 | 0000 498b | 9fb8 0100 | 004c 8b54 | 2460 4a8d | 0c95 1700 | 0000 4c8b 

  0x000001a43750d044: ;   {no_reloc}
  0x000001a43750d044: d149 83e2 | f84c 8bdb | 4d03 da4d | 3b9f c801 | 0000 0f83 | f130 0000 | 4d89 9fb8 | 0100 0041 
  0x000001a43750d064: 0f0d 8bc0 | 0000 0048 | c703 0100 | 0000 410f | 0d8b 0001 

  0x000001a43750d078: ;   {metadata({type array int})}
  0x000001a43750d078: 0000 c743 | 0838 2600 | 0089 6b0c | 410f 0d8b | 4001 0000 | 488b fb48 | 83c7 1041 | 0f0d 8b80 
  0x000001a43750d098: 0100 0048 | c1e9 0348 | 83c1 fe48 | 33c0 4883 | f908 7f10 | 48ff c978 | 4f48 8904 | cf48 ffc9 
  0x000001a43750d0b8: 7df7 eb44 | c5fd efc0 | e90d 0000 | 00c5 fe7f | 07c5 fe7f | 4720 4883 | c740 4883 | e908 7ded 
  0x000001a43750d0d8: 4883 c104 | 7c0c c5fe | 7f07 4883 | c720 4883 | e904 4883 | c104 7e10 | 48ff c9c5 | f9d6 0748 
  0x000001a43750d0f8: 83c7 0848 | ffc9 7df3 | 4180 7f40 | 000f 85be | 1e00 0048 | 8b7c 2468 | 4c8b d349 | c1ea 0344 
  0x000001a43750d118: 8917 4c8b | d74c 8bdb | 4d33 da49 | c1eb 164d | 85db 741a | 49c1 ea09 | 48b9 0040 | b43d a401 
  0x000001a43750d138: 0000 4903 | ca80 3902 | 0f85 0d22 | 0000 4180 | 7f40 000f | 8539 1e00 | 0048 8b9c | 2498 0000 
  0x000001a43750d158: 0044 8b94 | 2480 0000 | 0044 8953 | 384c 8b54 | 2450 4c8b | db4d 33d3 | 49c1 ea16 | 4d85 d274 
  0x000001a43750d178: ;   {no_reloc}
  0x000001a43750d178: 1a49 c1eb | 0948 b900 | 40b4 3da4 | 0100 0049 | 03cb 8039 | 020f 850e | 2200 004c | 8b44 2428 
  0x000001a43750d198: 458b 500c 

  0x000001a43750d19c: ; implicit exception: dispatches to 0x000001a437512344
  0x000001a43750d19c: 478b 54d4 | 144d 8b8f | b801 0000 | 4d8b d949 | 83c3 204d | 3b9f c801 | 0000 0f83 | c82f 0000 
  0x000001a43750d1bc: 4d89 9fb8 | 0100 0041 | 0f0d 8bc0 | 0000 0049 | c701 0100 | 0000 410f | 0d8b 0001 

  0x000001a43750d1d8: ;   {metadata({type array int}[])}
  0x000001a43750d1d8: 0000 41c7 | 4108 2028 | 0000 410f | 0d8b 4001 | 0000 41c7 | 410c 0400 | 0000 410f | 0d8b 8001 
  0x000001a43750d1f8: 0000 4d89 | 6110 4d89 | 6118 4963 | d24d 63da | 4181 fa00 | 0004 000f | 8743 3600 | 0049 8bcb 
  0x000001a43750d218: 4181 fa00 | 0004 000f | 879c 2f00 | 0049 8bb7 | b801 0000 | 488d 0c8d | 1700 0000 | 488b f948 
  0x000001a43750d238: 83e7 f848 | 8bc6 4803 | c749 3b87 | c801 0000 | 0f83 732f | 0000 4989 | 87b8 0100 | 000f 0d88 
  0x000001a43750d258: c000 0000 | 48c7 0601 | 0000 000f | 0d88 0001 

  0x000001a43750d268: ;   {metadata({type array int})}
  0x000001a43750d268: 0000 c746 | 0838 2600 | 0044 8956 | 0c0f 0d88 | 4001 0000 | 488b fe48 | 83c7 100f | 0d88 8001 
  0x000001a43750d288: 0000 48c1 | e903 4883 | c1fe 4833 | c048 83f9 | 087f 1048 | ffc9 784f | 4889 04cf | 48ff c97d 
  0x000001a43750d2a8: f7eb 44c5 | fdef c0e9 | 0d00 0000 | c5fe 7f07 | c5fe 7f47 | 2048 83c7 | 4048 83e9 | 087d ed48 
  0x000001a43750d2c8: 83c1 047c | 0cc5 fe7f | 0748 83c7 | 2048 83e9 | 0448 83c1 | 047e 1048 | ffc9 c5f9 | d607 4883 
  0x000001a43750d2e8: c708 48ff | c97d f348 | 895c 2428 | 4c89 4424 | 4844 8954 | 2450 4c89 | 4c24 5848 | 8954 2460 
  0x000001a43750d308: 4c89 5c24 | 684c 8b54 | 2458 4983 | c21c 4c89 | 5424 704c | 8b54 2458 | 4983 c218 | 4c89 5424 
  0x000001a43750d328: 784c 8b54 | 2458 4983 | c214 4c89 | 9424 8000 | 0000 4c8b | 5424 5849 | 83c2 104c | 8b5c 2458 
  0x000001a43750d348: 49c1 eb03 | 4489 5c24 | 544d 8bda | 4c8b c649 | c1e8 0345 | 8902 4c8b | d64d 33d3 | 8b6c 2450 
  0x000001a43750d368: ;   {no_reloc}
  0x000001a43750d368: 49c1 ea16 | 4d85 d274 | 1a49 c1eb | 0948 b900 | 40b4 3da4 | 0100 0049 | 03cb 8039 | 020f 8524 
  0x000001a43750d388: 2200 0044 | 8b44 2450 | 4181 f800 | 0004 000f | 87c3 3400 | 004c 8b54 | 2468 4181 | f800 0004 
  0x000001a43750d3a8: 000f 87a1 | 2e00 004d | 8b87 b801 | 0000 4a8d | 0c95 1700 | 0000 4c8b | d149 83e2 | f84d 8bd8 
  0x000001a43750d3c8: 4d03 da4d | 3b9f c801 | 0000 0f83 | 782e 0000 | 4d89 9fb8 | 0100 0041 | 0f0d 8bc0 | 0000 0049 
  0x000001a43750d3e8: c700 0100 | 0000 410f | 0d8b 0001 

  0x000001a43750d3f4: ;   {metadata({type array int})}
  0x000001a43750d3f4: 0000 41c7 | 4008 3826 | 0000 448b | 5424 5045 | 8950 0c41 | 0f0d 8b40 | 0100 0049 | 8bf8 4883 
  0x000001a43750d414: c710 410f | 0d8b 8001 | 0000 48c1 | e903 4883 | c1fe 4833 | c048 83f9 | 087f 1048 | ffc9 784f 
  0x000001a43750d434: 4889 04cf | 48ff c97d | f7eb 44c5 | fdef c0e9 | 0d00 0000 | c5fe 7f07 | c5fe 7f47 | 2048 83c7 
  0x000001a43750d454: 4048 83e9 | 087d ed48 | 83c1 047c | 0cc5 fe7f | 0748 83c7 | 2048 83e9 | 0448 83c1 | 047e 1048 
  0x000001a43750d474: ffc9 c5f9 | d607 4883 | c708 48ff | c97d f341 | 807f 4000 | 0f85 6f1c | 0000 4d8b | d049 c1ea 
  0x000001a43750d494: 034c 8b9c | 2480 0000 | 0045 8913 | 4d8b d34d | 8bd8 4d33 | da49 c1eb | 164d 85db | 741a 49c1 
  0x000001a43750d4b4: ea09 48b9 | 0040 b43d | a401 0000 | 4903 ca80 | 3902 0f85 | 3121 0000 | 448b 4424 | 5041 81f8 
  0x000001a43750d4d4: 0000 0400 | 0f87 7033 | 0000 4c8b | 5424 6841 | 81f8 0000 | 0400 0f87 | 182d 0000 | 4d8b 87b8 
  0x000001a43750d4f4: ;   {no_reloc}
  0x000001a43750d4f4: 0100 004a | 8d0c 9517 | 0000 004c | 8bd1 4983 | e2f8 4d8b | d84d 03da | 4d3b 9fc8 | 0100 000f 
  0x000001a43750d514: 83ef 2c00 | 004d 899f | b801 0000 | 410f 0d8b | c000 0000 | 49c7 0001 | 0000 0041 | 0f0d 8b00 
  0x000001a43750d534: ;   {metadata({type array int})}
  0x000001a43750d534: 0100 0041 | c740 0838 | 2600 0044 | 8b54 2450 | 4589 500c | 410f 0d8b | 4001 0000 | 498b f848 
  0x000001a43750d554: 83c7 1041 | 0f0d 8b80 | 0100 0048 | c1e9 0348 | 83c1 fe48 | 33c0 4883 | f908 7f10 | 48ff c978 
  0x000001a43750d574: 4f48 8904 | cf48 ffc9 | 7df7 eb44 | c5fd efc0 | e90d 0000 | 00c5 fe7f | 07c5 fe7f | 4720 4883 
  0x000001a43750d594: c740 4883 | e908 7ded | 4883 c104 | 7c0c c5fe | 7f07 4883 | c720 4883 | e904 4883 | c104 7e10 
  0x000001a43750d5b4: 48ff c9c5 | f9d6 0748 | 83c7 0848 | ffc9 7df3 | 4180 7f40 | 000f 85ab | 1a00 004c | 8b4c 2478 
  0x000001a43750d5d4: 4d8b d049 | c1ea 0345 | 8911 4d8b | d14d 8bd8 | 4d33 da49 | c1eb 164d | 85db 741a | 49c1 ea09 
  0x000001a43750d5f4: 48b9 0040 | b43d a401 | 0000 4903 | ca80 3902 | 0f85 4120 | 0000 448b | 4c24 5041 | 81f9 0000 
  0x000001a43750d614: 0400 0f87 | 2332 0000 | 4181 f900 | 0004 000f | 8703 2c00 | 004d 8b87 | b801 0000 | 4c8b 5424 
  0x000001a43750d634: ;   {no_reloc}
  0x000001a43750d634: 684a 8d0c | 9517 0000 | 004c 8bd1 | 4983 e2f8 | 4d8b d84d | 03da 4d3b | 9fc8 0100 | 000f 83d5 
  0x000001a43750d654: 2b00 004d | 899f b801 | 0000 410f | 0d8b c000 | 0000 49c7 | 0001 0000 | 0041 0f0d | 8b00 0100 
  0x000001a43750d674: ;   {metadata({type array int})}
  0x000001a43750d674: 0041 c740 | 0838 2600 | 0045 8948 | 0c41 0f0d | 8b40 0100 | 0049 8bf8 | 4883 c710 | 410f 0d8b 
  0x000001a43750d694: 8001 0000 | 48c1 e903 | 4883 c1fe | 4833 c048 | 83f9 087f | 1048 ffc9 | 784f 4889 | 04cf 48ff 
  0x000001a43750d6b4: c97d f7eb | 44c5 fdef | c0e9 0d00 | 0000 c5fe | 7f07 c5fe | 7f47 2048 | 83c7 4048 | 83e9 087d 
  0x000001a43750d6d4: ed48 83c1 | 047c 0cc5 | fe7f 0748 | 83c7 2048 | 83e9 0448 | 83c1 047e | 1048 ffc9 | c5f9 d607 
  0x000001a43750d6f4: 4883 c708 | 48ff c97d | f341 807f | 4000 0f85 | 3719 0000 | 4c8b 4c24 | 704d 8bd0 | 49c1 ea03 
  0x000001a43750d714: 4589 114d | 8bd1 4d8b | d84d 33da | 49c1 eb16 | 4d85 db74 | 1a49 c1ea | 0948 b900 | 40b4 3da4 
  0x000001a43750d734: 0100 0049 | 03ca 8039 | 020f 851e | 1e00 0041 | 807f 4000 | 0f85 7319 | 0000 488b | 5c24 2844 
  0x000001a43750d754: 8b54 2454 | 4489 533c | 4c8b 5424 | 584c 8bdb | 4d33 d349 | c1ea 164d | 85d2 741a | 49c1 eb09 
  0x000001a43750d774: ;   {no_reloc}
  0x000001a43750d774: 48b9 0040 | b43d a401 | 0000 4903 | cb80 3902 | 0f85 891d | 0000 4533 | c04c 8b54 | 2420 4589 
  0x000001a43750d794: 4218 4585 | c00f 8591 | edff ff48 | 8beb 488b | 5424 204c | 8b44 2430 | 4c8b cb8b | 7c24 388b 
  0x000001a43750d7b4: 7424 3c33 | c945 33d2 | 4489 1424 | 4c8b 5424 | 484c 8954 | 2408 4c8b | 9424 a800 | 0000 4c89 
  0x000001a43750d7d4: 5424 104c | 8b94 24b0 | 0000 004c | 8954 2418 

  0x000001a43750d7e4: ;   {optimized virtual_call}
  0x000001a43750d7e4: 6666 90e8 

  0x000001a43750d7e8: ; ImmutableOopMap {rbp=Oop [32]=Oop [48]=Oop [64]=Oop [72]=Oop [168]=Oop [176]=Oop }
                      ;*invokevirtual uploadZoneLevel {reexecute=0 rethrow=0 return_oop=0}
                      ; - net.runelite.client.plugins.gpu.SceneUploader::uploadZone@241 (line 141)
  0x000001a43750d7e8: 54ad 9f00 

  0x000001a43750d7ec: ;   {other}
  0x000001a43750d7ec: 0f1f 8400 | dc20 0006 | 488b 5424 | 204c 8b44 | 2430 4c8b | cd8b 7c24 | 388b 7424 | 3c33 c941 
  0x000001a43750d80c: ba01 0000 | 0044 8914 | 244c 8b54 | 2448 4c89 | 5424 084c | 8b94 24a8 | 0000 004c | 8954 2410 
  0x000001a43750d82c: 4c8b 9424 | b000 0000 | 4c89 5424 

  0x000001a43750d838: ;   {optimized virtual_call}
  0x000001a43750d838: 1866 90e8 

  0x000001a43750d83c: ; ImmutableOopMap {rbp=Oop [32]=Oop [48]=Oop [64]=Oop [72]=Oop [168]=Oop [176]=Oop }
                      ;*invokevirtual uploadZoneLevel {reexecute=0 rethrow=0 return_oop=0}
                      ; - net.runelite.client.plugins.gpu.SceneUploader::uploadZone@259 (line 142)
  0x000001a43750d83c: 00ad 9f00 

  0x000001a43750d840: ;   {other}
  0x000001a43750d840: 0f1f 8400 | 3021 0007 | 488b 5424 | 204c 8b44 | 2430 4c8b | cd8b 7c24 | 388b 7424 | 3cb9 0100 
  0x000001a43750d860: 0000 41ba | 0100 0000 | 4489 1424 | 4c8b 5424 | 484c 8954 | 2408 4c8b | 9424 a800 | 0000 4c89 
  0x000001a43750d880: 5424 104c | 8b94 24b0 | 0000 004c | 8954 2418 

  0x000001a43750d890: ;   {optimized virtual_call}
  0x000001a43750d890: 6666 90e8 

  0x000001a43750d894: ; ImmutableOopMap {rbp=Oop [32]=Oop [48]=Oop [64]=Oop [72]=Oop [168]=Oop [176]=Oop }
                      ;*invokevirtual uploadZoneLevel {reexecute=0 rethrow=0 return_oop=0}
                      ; - net.runelite.client.plugins.gpu.SceneUploader::uploadZone@276 (line 143)
  0x000001a43750d894: a8ac 9f00 

  0x000001a43750d898: ;   {other}
  0x000001a43750d898: 0f1f 8400 | 8821 0008 | 488b 5424 | 204c 8b44 | 2430 4c8b | cd8b 7c24 | 388b 7424 | 3cb9 0200 
  0x000001a43750d8b8: 0000 41ba | 0100 0000 | 4489 1424 | 4c8b 5424 | 484c 8954 | 2408 4c8b | 9424 a800 | 0000 4c89 
  0x000001a43750d8d8: 5424 104c | 8b94 24b0 | 0000 004c | 8954 2418 

  0x000001a43750d8e8: ;   {optimized virtual_call}
  0x000001a43750d8e8: 6666 90e8 

  0x000001a43750d8ec: ; ImmutableOopMap {rbp=Oop [32]=Oop [48]=Oop [64]=Oop [72]=Oop [168]=Oop [176]=Oop }
                      ;*invokevirtual uploadZoneLevel {reexecute=0 rethrow=0 return_oop=0}
                      ; - net.runelite.client.plugins.gpu.SceneUploader::uploadZone@293 (line 144)
  0x000001a43750d8ec: 50ac 9f00 

  0x000001a43750d8f0: ;   {other}
  0x000001a43750d8f0: 0f1f 8400 | e021 0009 | 488b 5424 | 204c 8b44 | 2430 4c8b | cd8b 7c24 | 388b 7424 | 3cb9 0300 
  0x000001a43750d910: 0000 41ba | 0100 0000 | 4489 1424 | 4c8b 5424 | 484c 8954 | 2408 4c8b | 9424 a800 | 0000 4c89 
  0x000001a43750d930: 5424 104c | 8b94 24b0 | 0000 004c | 8954 2418 

  0x000001a43750d940: ;   {optimized virtual_call}
  0x000001a43750d940: 6666 90e8 

  0x000001a43750d944: ; ImmutableOopMap {rbp=Oop [32]=Oop [48]=Oop [64]=Oop [72]=Oop [168]=Oop [176]=Oop }
                      ;*invokevirtual uploadZoneLevel {reexecute=0 rethrow=0 return_oop=0}
                      ; - net.runelite.client.plugins.gpu.SceneUploader::uploadZone@310 (line 145)
  0x000001a43750d944: f8ab 9f00 

  0x000001a43750d948: ;   {other}
  0x000001a43750d948: 0f1f 8400 | 3822 000a | 4533 c0e9 | 39ec ffff | 4c8b 5424 | 2041 8b6a | 4445 8b54 

  0x000001a43750d964: ;   {metadata('net/runelite/client/plugins/gpushared/GpuPluginShared$$Lambda+0x000001a44f71e708')}
  0x000001a43750d964: ec08 4181 | fa08 e771 | 010f 8539 | 2f00 004d | 8d14 ec45 | 8b5a 0c44 | 895c 2450 | 4585 db0f 
  0x000001a43750d984: 84e1 2e00 | 004c 8b94 | 24a8 0000 | 004d 85d2 | 0f84 c212 | 0000 458b | 5a0c 49c1 | e303 4c8b 
  0x000001a43750d9a4: 9424 b000 | 0000 4d85 | d274 0d45 | 8b52 0c49 | 8bda 48c1 | e303 eb02 | 33db 4d85 | db0f 848b 
  0x000001a43750d9c4: 1200 0041 | 8b73 1848 | 85db 7406 | 448b 6b18 | eb05 33db | 4533 ed85 | f60f 8e51 | 1200 0081 
  0x000001a43750d9e4: fe00 0004 | 000f 8705 | 2f00 004c | 63c6 448b | 5424 504b | 8d14 d481 | fe00 0004 | 000f 876d 
  0x000001a43750da04: 2800 004d | 8b97 b801 | 0000 4a8d | 0c85 1700 | 0000 4c8b | c149 83e0 | f84d 8bca | 4d03 c84d 
  0x000001a43750da24: 3b8f c801 | 0000 0f83 | 4428 0000 | 4d89 8fb8 | 0100 0041 | 0f0d 89c0 | 0000 0049 | c702 0100 
  0x000001a43750da44: 0000 410f | 0d89 0001 

  0x000001a43750da4c: ;   {metadata({type array int})}
  0x000001a43750da4c: 0000 41c7 | 4208 3826 | 0000 4189 | 720c 410f | 0d89 4001 | 0000 498b | fa48 83c7 | 1041 0f0d 
  0x000001a43750da6c: 8980 0100 | 0048 c1e9 | 0348 83c1 | fe48 33c0 | 4883 f908 | 7f10 48ff | c978 4f48 | 8904 cf48 
  0x000001a43750da8c: ffc9 7df7 | eb44 c5fd | efc0 e90d | 0000 00c5 | fe7f 07c5 | fe7f 4720 | 4883 c740 | 4883 e908 
  0x000001a43750daac: 7ded 4883 | c104 7c0c | c5fe 7f07 | 4883 c720 | 4883 e904 | 4883 c104 | 7e10 48ff | c9c5 f9d6 
  0x000001a43750dacc: 0748 83c7 | 0848 ffc9 | 7df3 458b 

  0x000001a43750dad8: ;   {metadata('java/nio/DirectIntBufferU')}
  0x000001a43750dad8: 4308 4181 | f888 5f26 | 000f 8559 | 3000 0041 | 8b4b 2085 | c90f 8c05 | 3700 0041 | 8b43 2445 
  0x000001a43750daf8: 8b4b 1c45 | 8b43 1841 | 8b6b 0c44 | 3bc9 0f8f | 2837 0000 | 4585 c90f | 8c73 3700 | 0041 83f9 
  0x000001a43750db18: ff0f 8cc1 | 3700 0045 | 3bc1 0f8f | 0c38 0000 | 4585 c00f | 8c5f 3800 | 0085 ed0f | 8d2f 2100 
  0x000001a43750db38: 0045 8b4b | 3445 85c9 | 7406 4b8d | 3ccc eb03 | 498b fb41 | 3bf0 0f8f | 9838 0000 | 4d8b 5b10 
  0x000001a43750db58: 4863 ee48 | c1e5 0248 | 83fd 060f | 8edb 3300 | 0085 c00f | 85b3 3800 | 004d 8bcb | 4c89 5424 
  0x000001a43750db78: 3048 8954 | 2420 4489 | 6c24 2c89 | 7424 4848 | 85ed 0f84 | f038 0000 | 41c6 8778 | 0400 0001 
  0x000001a43750db98: 4983 c210 | 4c89 5424 | 5849 8bcb | 498b d24c | 8bc5 49ba | a046 af36 | a401 0000 

  0x000001a43750dbb4: ;   {other}
  0x000001a43750dbb4: 41ff d20f | 1f84 0000 | 0000 0045 | 88a7 7804 | 0000 4585 | ed0f 8ed9 | 0200 008b | 6b08 458b 
  0x000001a43750dbd4: cd41 81fd | 0000 0400 | 0f87 da3f | 0000 4d63 | d541 81fd | 0000 0400 | 0f87 6629 | 0000 4d8b 
  0x000001a43750dbf4: 9fb8 0100 | 004a 8d0c | 9517 0000 | 004c 8bd1 | 4983 e2f8 | 4d8b c34d | 03c2 4d3b | 87c8 0100 
  0x000001a43750dc14: 000f 833d | 2900 004d | 8987 b801 | 0000 410f | 0d88 c000 | 0000 49c7 | 0301 0000 | 0041 0f0d 
  0x000001a43750dc34: 8800 0100 

  0x000001a43750dc38: ;   {metadata({type array int})}
  0x000001a43750dc38: 0041 c743 | 0838 2600 | 0045 896b | 0c41 0f0d | 8840 0100 | 0049 8bfb | 4883 c710 | 410f 0d88 
  0x000001a43750dc58: 8001 0000 | 48c1 e903 | 4883 c1fe | 4833 c048 | 83f9 087f | 1048 ffc9 | 784f 4889 | 04cf 48ff 
  0x000001a43750dc78: c97d f7eb | 44c5 fdef | c0e9 0d00 | 0000 c5fe | 7f07 c5fe | 7f47 2048 | 83c7 4048 | 83e9 087d 
  0x000001a43750dc98: ed48 83c1 | 047c 0cc5 | fe7f 0748 | 83c7 2048 | 83e9 0448 | 83c1 047e | 1048 ffc9 | c5f9 d607 
  0x000001a43750dcb8: 4883 c708 | 48ff c97d | f345 8bd1 

  0x000001a43750dcc4: ;   {metadata('java/nio/DirectIntBufferU')}
  0x000001a43750dcc4: 81fd 885f | 2600 0f85 | f43e 0000 | 498b bfb8 | 0100 004c | 8bc7 4983 | c038 4d3b | 87c8 0100 
  0x000001a43750dce4: 000f 83a3 | 2800 004d | 8987 b801 | 0000 410f | 0d88 c000 | 0000 48c7 | 0701 0000 

  0x000001a43750dd00: ;   {metadata('java/nio/DirectIntBufferU')}
  0x000001a43750dd00: 00c7 4708 | 885f 2600 | 4c89 6710 | 4c89 6718 | 4c89 6720 | 4c89 6728 | 4c89 6730 | c747 0cff 
  0x000001a43750dd20: ffff ff44 | 8b43 2045 | 85c0 0f8c | 8c40 0000 | 4489 5424 | 4c4c 899c | 24b8 0000 | 0044 894c 
  0x000001a43750dd40: 242c 4489 | 4720 448b | 5b24 4489 | 5f24 488b | f78b 7b1c | 448b f78b | 7b0c 897c | 2454 8b7b 
  0x000001a43750dd60: 1889 7c24 | 604c 8beb | 4d8b cb49 | c1e1 034c | 8bd6 4d33 | ca49 c1e9 | 164d 85c9 | 0f84 c61d 
  0x000001a43750dd80: 0000 4585 | db0f 8484 | 1e00 0049 | c1ea 0948 | b900 40b4 | 3da4 0100 | 0049 03ca | 8039 020f 
  0x000001a43750dda0: 8575 1e00 | 0048 8bfe | 458b d041 | 8bf6 413b | f20f 8f5d | 4000 0085 | f60f 8ce1 | 4000 0044 
  0x000001a43750ddc0: 8b5f 1844 | 3bde 0f8f | 741d 0000 | 8977 1c8b | 6f0c 3bee | 0f8f 4a41 | 0000 8b5c | 2460 3bde 
  0x000001a43750dde0: 0f8f b241 | 0000 85db | 0f8c 2a42 | 0000 3beb | 0f8f 0729 | 0000 895f | 1844 8b54 | 2454 4585 
  0x000001a43750de00: ;   {no_reloc}
  0x000001a43750de00: d20f 8d59 | 2600 0041 | 807f 4000 | 0f85 781d | 0000 4489 | 6730 4489 | 6728 458b | 5534 4d8b 
  0x000001a43750de20: 5d10 4c89 | 5f10 4585 | d274 044f | 8d2c d441 | 807f 4000 | 0f85 191d | 0000 4c8b | d74d 8bc5 
  0x000001a43750de40: 49c1 e803 | 4489 4734 | 4d8b dd4d | 33da 49c1 | eb16 4d85 | db74 1a49 | c1ea 0948 | b900 40b4 
  0x000001a43750de60: 3da4 0100 | 0049 03ca | 8039 020f | 8550 1d00 | 00c7 470c | ffff ffff | 448b 5f18 | 4489 5f1c 
  0x000001a43750de80: 4489 6718 | 488b d74c | 8b84 24b8 | 0000 0045 | 33c9 8b7c | 244c 8b6c 

  0x000001a43750de98: ;   {optimized virtual_call}
  0x000001a43750de98: 243c 90e8 

  0x000001a43750de9c: ; ImmutableOopMap {[32]=Oop [48]=Oop [88]=Derived_oop_[48] [64]=Oop [80]=NarrowOop [184]=Oop }
                      ;*invokevirtual get {reexecute=0 rethrow=0 return_oop=1}
                      ; - net.runelite.client.plugins.gpushared.GpuPluginShared::lambda$startUp$0@137 (line 318)
                      ; - net.runelite.client.plugins.gpushared.GpuPluginShared$$Lambda/0x000001a44f71e708::onZoneUploaded@9
                      ; - net.runelite.client.plugins.gpu.SceneUploader::uploadZone@386 (line 161)
  0x000001a43750de9c: 20ab 2cf8 

  0x000001a43750dea0: ;   {other}
  0x000001a43750dea0: 0f1f 8400 | 9027 000b | 448b 5424 | 5043 8bbc | d41c 0100 | 0044 8b5c | 242c 418b | 6cfc 1885 
  0x000001a43750dec0: ed0f 8421 | 3600 0044 | 8b4c 2448 | 4585 c90f | 8e27 3600 | 0045 8b54 | fc18 438b 

  0x000001a43750dedc: ;   {metadata('java/nio/DirectByteBuffer')}
  0x000001a43750dedc: 4cd4 0881 | f9b0 0e1c | 000f 858d | 2c00 004b | 8d34 d48b | 6e1c 83c5 | fd85 ed0f | 8cc3 2c00 
  0x000001a43750defc: 0083 fd04 | 0f86 fe2c | 0000 4c8b | 4610 8b4e | 2485 c90f | 85ff 3500 | 000f b64e | 2d41 8b54 
  0x000001a43750df1c: fc0c 458b | 4004 498d | 1cfc 418b | f00f ce85 | c944 0f45 | c68b ca41 | 2bc8 81f9 | 0001 0000 
  0x000001a43750df3c: 0f8c 9c0d | 0000 4c8b | 5424 4045 

  0x000001a43750df48: ;   {metadata('java/lang/VirtualThread')}
  0x000001a43750df48: 8b42 0841 | 81f8 989e | 0200 0f84 | ac2b 0000 | 8bef eb13 | 0f1f 4000 | 448b 4c24 | 4844 8b5c 
  0x000001a43750df68: 244c 488b | 5c24 2048 | 895c 2420 | 4489 5c24 | 4c44 894c 

  0x000001a43750df7c: ;   {static_call}
  0x000001a43750df7c: 2448 90e8 

  0x000001a43750df80: ; ImmutableOopMap {rbp=NarrowOop [32]=Oop [48]=Oop [88]=Derived_oop_[48] [64]=Oop [184]=Oop }
                      ;*invokestatic yield0 {reexecute=0 rethrow=0 return_oop=0}
                      ; - java.lang.Thread::yield@23 (line 445)
                      ; - net.runelite.client.plugins.gpushared.shim.SceneGraphBridge::waitForSpace@7 (line 115)
                      ; - net.runelite.client.plugins.gpushared.shim.SceneGraphBridge::sendZone@14 (line 142)
                      ; - net.runelite.client.plugins.gpushared.GpuPluginShared::lambda$startUp$0@155 (line 321)
                      ; - net.runelite.client.plugins.gpushared.GpuPluginShared$$Lambda/0x000001a44f71e708::onZoneUploaded@9
                      ; - net.runelite.client.plugins.gpu.SceneUploader::uploadZone@386 (line 161)
  0x000001a43750df80: 5cf6 e1ff 

  0x000001a43750df84: ;   {other}
  0x000001a43750df84: 0f1f 8400 | 7428 000c | 458b 54ec | 1847 8b44 

  0x000001a43750df94: ;   {metadata('java/nio/DirectByteBuffer')}
  0x000001a43750df94: d408 4181 | f8b0 0e1c | 000f 85d5 | 2300 004f | 8d0c d445 | 8b59 1c41 | 83c3 fd45 | 85db 0f8c 
  0x000001a43750dfb4: 0024 0000 | 4183 fb04 | 0f86 4a24 | 0000 4d8b | 5910 458b | 4124 4585 | c00f 8511 | 2500 0045 
  0x000001a43750dfd4: 0fb6 492d | 458b 44ec | 0c45 8b5b | 0441 8bdb | 0fcb 4585 | c944 0f45 | db41 8bc8 | 412b cb81 
  0x000001a43750dff4: f900 0100 | 000f 8d61 | ffff ff45 | 0fb6 d841 | c1e3 1545 | 8d43 1089 | 6c24 6c44 | 895c 2468 
  0x000001a43750e014: 4489 4424 | 7047 8b44 | d408 448b | 5c24 4841 | b9fb ff07 | 0045 3bd9 | 448b 4c24 | 4841 bbfb 
  0x000001a43750e034: ff07 0045 | 0f4f cb44 | 894c 2450 | 41b9 fbff | 0700 442b | 4c24 5044 | 3b4c 244c | 448b 5c24 
  0x000001a43750e054: 4c45 0f4f | cb44 894c 

  0x000001a43750e05c: ;   {metadata('java/nio/DirectByteBuffer')}
  0x000001a43750e05c: 244c 4181 | f8b0 0e1c | 000f 85dd | 2b00 0049 | c1e2 034c | 8954 2460 | 418b 6a24 | 85ed 0f85 
  0x000001a43750e07c: 3835 0000 | 458b 521c | 4585 d20f | 8cf3 2b00 | 0041 8bea | 448b 4424 | 7044 3bc5 | 0f83 5e28 
  0x000001a43750e09c: 0000 4c8b | 5c24 604d | 8b43 1044 | 8b5c 2468 | 4183 c314 | 4c63 4c24 | 684c 894c | 2428 4d03 
  0x000001a43750e0bc: c141 c640 | 1001 4183 | c2fd 4585 | d20f 8c01 | 2c00 0045 | 8bca 453b | da0f 8361 | 2800 004c 
  0x000001a43750e0dc: 8b54 2460 | 410f b64a | 2d44 8b54 | 2438 410f | ca85 c98b | 5c24 3841 | 0f45 da41 | 8958 1444 
  0x000001a43750e0fc: 8b5c 2468 | 4183 c320 | 453b d90f | 838f 2800 | 0044 8b54 | 244c 410f | ca85 c944 | 8b5c 244c 
  0x000001a43750e11c: 450f 45da | 448b 5424 | 5041 0fca | 448b 4c24 | 3c41 0fc9 | 85c9 8b7c | 243c 410f | 45f9 4189 
  0x000001a43750e13c: 7818 85c9 | 8b4c 2450 | 410f 45ca | 4189 481c | 4589 5820 | 498b 9fb8 | 0100 004c | 8bd3 4983 
  0x000001a43750e15c: ;   {no_reloc}
  0x000001a43750e15c: c240 4d3b | 97c8 0100 | 000f 835d | 2100 004d | 8997 b801 | 0000 410f | 0d8a c000 | 0000 48c7 
  0x000001a43750e17c: 0301 0000 

  0x000001a43750e180: ;   {metadata('java/nio/DirectByteBuffer')}
  0x000001a43750e180: 00c7 4308 | b00e 1c00 | 4c89 6310 | 4c89 6318 | 4c89 6320 | 4c89 6328 | 4c89 6330 | 4c89 6338 
  0x000001a43750e1a0: c743 0cff | ffff ff4c | 8b54 2460 | 410f b67a | 2f41 8b72 | 3445 8b52 | 2045 85d2 | 0f8c 3634 
  0x000001a43750e1c0: 0000 4489 | 5320 4c8b | 5c24 6045 | 8b4b 2444 | 894b 2445 | 8b6b 1c45 | 8b73 0c45 | 8b43 1844 
  0x000001a43750e1e0: 8944 2438 | 4d8b d949 | c1e3 034c | 8bc3 4d33 | d849 c1eb | 164d 85db | 741f 4585 | c974 1a49 
  0x000001a43750e200: c1e8 0948 | b900 40b4 | 3da4 0100 | 0049 03c8 | 8039 020f | 8540 1600 | 0045 3bea | 0f8f 3634 
  0x000001a43750e220: 0000 4585 | ed0f 8c9d | 3400 0044 | 8b5b 1845 | 3bdd 0f8f | ce0a 0000 | 4489 6b1c | 8b6b 0c41 
  0x000001a43750e240: 3bed 0f8f | e834 0000 | 448b 5c24 | 3845 3bdd | 0f8f 4a35 | 0000 4585 | db0f 8ca9 | 3500 0041 
  0x000001a43750e260: 3beb 0f8f | d822 0000 | 4489 5b18 | 4585 f60f | 8d53 1a00 | 0041 807f | 4000 0f85 | 8714 0000 
  0x000001a43750e280: ;   {no_reloc}
  0x000001a43750e280: 4489 6330 | c643 2d01 | 4488 632e | 4489 6328 | 4180 7f40 | 000f 8535 | 1400 0089 | 7334 4c8b 
  0x000001a43750e2a0: d649 c1e2 | 034c 8bdb | 4d33 d349 | c1ea 164d | 85d2 741e | 85f6 741a | 49c1 eb09 | 48b9 0040 
  0x000001a43750e2c0: b43d a401 | 0000 4903 | cb80 3902 | 0f85 d215 | 0000 4088 | 7b2f 4180 | 7f40 000f | 85b8 1300 
  0x000001a43750e2e0: 0044 8963 | 3c4c 8b54 | 2460 418b | 6a38 4d8b | 5210 4c89 | 5310 85ed | 0f85 be2c | 0000 4180 
  0x000001a43750e300: 7f40 000f | 8535 1400 | 004c 8bd3 | 8b6c 2468 | 83c5 244c | 8b5c 2460 | 4d8b c349 | c1e8 0344 
  0x000001a43750e320: 8943 384d | 33da 49c1 | eb16 4d85 | db74 1a49 | c1ea 0948 | b900 40b4 | 3da4 0100 | 0049 03ca 
  0x000001a43750e340: 8039 020f | 856e 1400 | 0048 8bf3 | c643 2e01 | 8b7b 1c44 | 8863 2d8b | dd3b ef0f | 8f07 3500 
  0x000001a43750e360: 0044 8b56 | 0c44 3bd5 | 0f8f de21 | 0000 896e | 182b 7c24 | 6883 c7dc | c1ff 0285 

  0x000001a43750e37c: ;   {no_reloc}
  0x000001a43750e37c: ff0f 8c29 | 3500 0044 | 8b6e 2483 | ffff 0f8c | 4835 0000 | 448b 5424 | 4844 0b54 | 2450 448b 
  0x000001a43750e39c: 5e38 4c8b | 4610 488b | 5c24 2849 | 03d8 4c8d | 7324 4585 | db74 044b | 8d34 dc45 | 85d2 0f8c 
  0x000001a43750e3bc: 282c 0000 | 448b 5424 | 5044 3b54 | 2448 0f8f | 5035 0000 | 443b d70f | 8f9b 3500 | 004d 63d2 
  0x000001a43750e3dc: 49c1 e202 | 4c89 5424 | 3849 83fa | 060f 8e4d | 2c00 0045 | 85ed 0f85 | b035 0000 | 4d85 d20f 
  0x000001a43750e3fc: 84eb 3500 | 0041 c687 | 7804 0000 | 014d 8bd0 | 4c8b 5c24 | 284b 8d54 | 1a24 488b | 4c24 584c 
  0x000001a43750e41c: 8b44 2438 | 49ba a046 | af36 a401 | 0000 41ff 

  0x000001a43750e42c: ;   {other}
  0x000001a43750e42c: d20f 1f84 | 0000 0000 | 0045 88a7 | 7804 0000 | 448b 5424 | 4c45 85d2 | 0f8e e200 | 0000 488b 
  0x000001a43750e44c: 8c24 b800 | 0000 448b | 590c 418b | eb41 0bea | 85ed 0f8c | 9c37 0000 | 458b c245 | 3bd3 0f8f 
  0x000001a43750e46c: 5a38 0000 | 8bef 2b6c | 2450 443b | d50f 8f89 | 3800 004d | 63ca 49c1 | e102 4983 | f906 0f8e 
  0x000001a43750e48c: ac37 0000 | 4c8b 5424 | 384c 03d3 | 4533 db4d | 3bcb 41bb | ffff ffff | 7c08 410f | 95c3 450f 
  0x000001a43750e4ac: b6db 4d85 | c90f 8c65 | 3800 004d | 85c9 0f84 | 9438 0000 | 41c6 8778 | 0400 0001 | 4883 c110 
  0x000001a43750e4cc: 8b6c 2450 | 4103 e849 | 8bd2 4883 | c224 4d8b | c149 baa0 | 46af 36a4 | 0100 0041 

  0x000001a43750e4e8: ;   {other}
  0x000001a43750e4e8: ffd2 0f1f | 8400 0000 | 0000 4588 | a778 0400 | 003b ef0f | 8f8f 3800 | 0085 ed7d | 27ba 45ff 
  0x000001a43750e508: ffff 4c89 | 7424 2889 | 7c24 3444 | 896c 2438 | 4889 7424 

  0x000001a43750e51c: ;   {runtime_call UncommonTrapBlob}
  0x000001a43750e51c: 4066 90e8 

  0x000001a43750e520: ; ImmutableOopMap {[56]=NarrowOop [64]=Oop [108]=NarrowOop }
                      ;*ifge {reexecute=1 rethrow=0 return_oop=0}
                      ; - (reexecute) java.nio.Buffer::position@14 (line 326)
                      ; - java.nio.IntBuffer::position@2 (line 1551)
                      ; - java.nio.IntBuffer::put@63 (line 1214)
                      ; - net.runelite.client.plugins.gpushared.shim.SceneGraphBridge::sendZone@178 (line 160)
                      ; - net.runelite.client.plugins.gpushared.GpuPluginShared::lambda$startUp$0@155 (line 321)
                      ; - net.runelite.client.plugins.gpushared.GpuPluginShared$$Lambda/0x000001a44f71e708::onZoneUploaded@9
                      ; - net.runelite.client.plugins.gpu.SceneUploader::uploadZone@386 (line 161)
  0x000001a43750e520: dc60 60ff 

  0x000001a43750e524: ;   {other}
  0x000001a43750e524: 0f1f 8400 | 142e 000d | 448b 4424 | 6c47 8b54 | c40c 41ff | c247 8954 | c40c 478b | 5cc4 1843 
  0x000001a43750e544: 8b4c c40c 

  0x000001a43750e548: ; implicit exception: dispatches to 0x000001a4375123dc
  0x000001a43750e548: 478b 54dc 

  0x000001a43750e54c: ;   {metadata('java/nio/DirectByteBuffer')}
  0x000001a43750e54c: 0841 81fa | b00e 1c00 | 0f85 d627 | 0000 4f8d | 14dc 418b | 6a1c 83c5 | fd85 ed0f | 8cdf 2700 
  0x000001a43750e56c: 0085 ed0f | 8483 2400 | 004d 8b42 | 1041 8b6a | 2485 ed0f | 85ab 3400 | 0045 0fb6 | 5a2d 4d8b 
  0x000001a43750e58c: d044 8bc1 | 410f c845 | 85db 410f | 45c8 4189 

  0x000001a43750e59c: ;   {oop(a 'java/lang/Class'{0x0000000603870bc0} = 'java/lang/System')}
  0x000001a43750e59c: 0a49 bac0 | 0b87 0306 | 0000 0045 | 8b52 7443 | 8b6c d418 

  0x000001a43750e5b0: ; implicit exception: dispatches to 0x000001a437512588
  0x000001a43750e5b0: 458b 5cec | 0c47 8b4c | dc0c 4585 | c90f 8455 | 2400 0033 | c041 bb01 | 0000 00f0 | 470f b15c 
  0x000001a43750e5d0: cc10 0f94 | c10f b6c9 | 4c8b 5c24 | 404d 8bc3 | 49c1 e803 | 4b8d 14cc | 4b8d 34d4 | 85c9 0f84 
  0x000001a43750e5f0: 1b07 0000 | 4180 7f40 | 000f 85f3 | 1200 0047 | 8944 cc0c | 4d8b cb48 | 8bda 4c33 | cb49 c1e9 
  0x000001a43750e610: 164d 85c9 | 741a 48c1 | eb09 48b9 | 0040 b43d | a401 0000 | 4803 cb80 | 3902 0f85 | 8a13 0000 
  0x000001a43750e630: 438b 6cd4 | 1085 ed0f | 841b 3400 | 0047 8b4c | d424 4585 | c90f 84e5 | 2300 0048 | 8974 2430 
  0x000001a43750e650: 4489 4424 | 2c44 8954 | 2428 4c89 | 5c24 204b 

  0x000001a43750e660: ;   {oop("Sent Zone"{0x00000006061167d0})}
  0x000001a43750e660: 8d14 cc49 | b8d0 6711 | 0606 0000 

  0x000001a43750e66c: ;   {optimized virtual_call}
  0x000001a43750e66c: 0066 90e8 

  0x000001a43750e670: ; ImmutableOopMap {[32]=Oop [40]=NarrowOop [44]=NarrowOop [48]=Oop }
                      ;*invokevirtual write {reexecute=0 rethrow=0 return_oop=0}
                      ; - java.io.PrintStream::implWriteln@9 (line 846)
                      ; - java.io.PrintStream::writeln@16 (line 826)
                      ; - java.io.PrintStream::println@14 (line 1168)
                      ; - net.runelite.client.plugins.gpushared.GpuPluginShared::lambda$startUp$0@164 (line 322)
                      ; - net.runelite.client.plugins.gpushared.GpuPluginShared$$Lambda/0x000001a44f71e708::onZoneUploaded@9
                      ; - net.runelite.client.plugins.gpu.SceneUploader::uploadZone@386 (line 161)
  0x000001a43750e670: 8c8a edff 

  0x000001a43750e674: ;   {other}
  0x000001a43750e674: 0f1f 8400 | 642f 000e | 448b 4424 | 2847 8b5c | c424 4585 | db0f 84b9 

  0x000001a43750e68c: ;   {oop(a 'java/lang/Class'{0x0000000603870bc0} = 'java/lang/System')}
  0x000001a43750e68c: 2300 0049 | bac0 0b87 | 0306 0000 | 0045 8b82 | 9400 0000 | 4b8d 14dc | 49c1 e003 

  0x000001a43750e6a8: ;   {optimized virtual_call}
  0x000001a43750e6a8: 6666 90e8 

  0x000001a43750e6ac: ; ImmutableOopMap {[32]=Oop [40]=NarrowOop [44]=NarrowOop [48]=Oop }
                      ;*invokevirtual write {reexecute=0 rethrow=0 return_oop=0}
                      ; - java.io.BufferedWriter::newLine@4 (line 346)
                      ; - java.io.PrintStream::implWriteln@16 (line 847)
                      ; - java.io.PrintStream::writeln@16 (line 826)
                      ; - java.io.PrintStream::println@14 (line 1168)
                      ; - net.runelite.client.plugins.gpushared.GpuPluginShared::lambda$startUp$0@164 (line 322)
                      ; - net.runelite.client.plugins.gpushared.GpuPluginShared$$Lambda/0x000001a44f71e708::onZoneUploaded@9
                      ; - net.runelite.client.plugins.gpu.SceneUploader::uploadZone@386 (line 161)
  0x000001a43750e6ac: 508a edff 

  0x000001a43750e6b0: ;   {other}
  0x000001a43750e6b0: 0f1f 8400 | a02f 000f | 448b 7424 | 2847 8b54 | f424 438b | 6cd4 1045 | 8b5c ec08 

  0x000001a43750e6cc: ;   {metadata('jdk/internal/misc/InternalLock')}
  0x000001a43750e6cc: 4181 fba0 | e410 000f | 857f 3b00 | 004d 8d1c | ec45 8b4b | 0c47 8b44 | cc0c 4585 | c00f 8471 
  0x000001a43750e6ec: 2300 0033 | c041 b901 | 0000 00f0 | 470f b14c | c410 0f94 | c10f b6c9 | 4b8d 14c4 | 4b8d 34d4 
  0x000001a43750e70c: 85c9 0f84 | 2f06 0000 | 4180 7f40 | 000f 8507 | 1200 008b | 7c24 2c43 | 897c c40c | 488b 5c24 
  0x000001a43750e72c: 204c 8bc3 | 4c8b ca4d | 33c1 49c1 | e816 4d85 | c074 1a49 | c1e9 0948 | b900 40b4 | 3da4 0100 
  0x000001a43750e74c: 0049 03c9 | 8039 020f | 85c1 1200 | 0047 8b4c | d420 438b | 44cc 0847 | 8b44 d418 | 4585 c00f 
  0x000001a43750e76c: 84ff 3200 | 0043 8b4c 

  0x000001a43750e774: ;   {metadata('java/io/OutputStreamWriter')}
  0x000001a43750e774: d424 81f8 | 303a 1300 | 0f85 ea25 | 0000 49c1 | e103 458b | 4914 438b | 6ccc 1041 | 8b54 ec08 
  0x000001a43750e794: ;   {metadata('jdk/internal/misc/InternalLock')}
  0x000001a43750e794: 81fa a0e4 | 1000 0f85 | d43a 0000 | 498d 04ec | 8b50 0c41 | 8b54 d40c | 85d2 0f84 | cc22 0000 
  0x000001a43750e7b4: 4889 4424 | 5844 894c | 2450 894c | 244c 4489 | 4424 4848 | 8974 2440 | 4c89 5c24 | 3844 8954 
  0x000001a43750e7d4: 242c 4489 | 7424 2833 | c041 bb01 | 0000 00f0 | 450f b15c | d410 410f | 94c3 450f | b6db 8bf2 
  0x000001a43750e7f4: 498d 2cd4 | 4f8d 14cc | 4c89 5424 | 6045 85db | 0f84 7605 | 0000 4180 | 7f40 000f | 856d 1100 
  0x000001a43750e814: 0041 897c | f40c 4c8b | db4c 8bd5 | 4d33 da49 | c1eb 164d | 85db 741a | 49c1 ea09 | 48b9 0040 
  0x000001a43750e834: b43d a401 | 0000 4903 | ca80 3902 | 0f85 3c12 | 0000 448b | 5424 5043 | 0fb6 6cd4 | 1a85 ed0f 
  0x000001a43750e854: 853b 3200 | 0044 8b5c | 244c 438b | 4cdc 0c44 | 8d49 0144 | 8b44 2448 | 453b c10f | 834f 3200 
  0x000001a43750e874: 0089 4c24 | 5448 895c | 2420 498b | 87b8 0100 | 004c 8bd0 | 4983 c238 | 4b8d 2cdc 

  0x000001a43750e890: ;   {no_reloc}
  0x000001a43750e890: 4d3b 97c8 | 0100 000f | 834f 1a00 | 004d 8997 | b801 0000 | 410f 0d8a | c000 0000 | 48c7 0001 
  0x000001a43750e8b0: ;   {metadata('java/nio/HeapCharBuffer')}
  0x000001a43750e8b0: 0000 00c7 | 4008 a828 | 2600 4c89 | 6010 4c89 | 6018 4c89 | 6020 4c89 | 6028 4c89 | 6030 c740 
  0x000001a43750e8d0: 0cff ffff | ff48 8944 | 2468 448b | 5c24 5444 | 8958 2048 | 8bd0 448b 

  0x000001a43750e8e8: ;   {optimized virtual_call}
  0x000001a43750e8e8: 4424 48e8 

  0x000001a43750e8ec: ; ImmutableOopMap {rbp=Oop [32]=Oop [40]=NarrowOop [44]=NarrowOop [48]=Oop [56]=Oop [64]=Oop [76]=NarrowOop [80]=NarrowOop [88]=Oop [96]=Oop [104]=Oop }
                      ;*invokevirtual limit {reexecute=0 rethrow=0 return_oop=1}
                      ; - java.nio.CharBuffer::limit@2 (line 285)
                      ; - java.nio.Buffer::<init>@39 (line 256)
                      ; - java.nio.CharBuffer::<init>@8 (line 316)
                      ; - java.nio.HeapCharBuffer::<init>@12 (line 85)
                      ; - java.nio.CharBuffer::wrap@8 (line 436)
                      ; - sun.nio.cs.StreamEncoder::implWrite@3 (line 356)
                      ; - sun.nio.cs.StreamEncoder::lockedWrite@49 (line 158)
                      ; - sun.nio.cs.StreamEncoder::write@30 (line 139)
                      ; - java.io.OutputStreamWriter::write@7 (line 219)
                      ; - java.io.BufferedWriter::implFlushBuffer@25 (line 178)
                      ; - java.io.BufferedWriter::flushBuffer@22 (line 163)
                      ; - java.io.PrintStream::implWriteln@23 (line 848)
                      ; - java.io.PrintStream::writeln@16 (line 826)
                      ; - java.io.PrintStream::println@14 (line 1168)
                      ; - net.runelite.client.plugins.gpushared.GpuPluginShared::lambda$startUp$0@164 (line 322)
                      ; - net.runelite.client.plugins.gpushared.GpuPluginShared$$Lambda/0x000001a44f71e708::onZoneUploaded@9
                      ; - net.runelite.client.plugins.gpu.SceneUploader::uploadZone@386 (line 161)
  0x000001a43750e8ec: 5066 f500 

  0x000001a43750e8f0: ;   {other}
  0x000001a43750e8f0: 0f1f 8400 | e031 0010 | 488b 5424 | 6845 33c0 

  0x000001a43750e900: ;   {optimized virtual_call}
  0x000001a43750e900: 6666 90e8 

  0x000001a43750e904: ; ImmutableOopMap {rbp=Oop [32]=Oop [40]=NarrowOop [44]=NarrowOop [48]=Oop [56]=Oop [64]=Oop [76]=NarrowOop [80]=NarrowOop [88]=Oop [96]=Oop [104]=Oop }
                      ;*invokevirtual position {reexecute=0 rethrow=0 return_oop=1}
                      ; - java.nio.CharBuffer::position@2 (line 285)
                      ; - java.nio.Buffer::<init>@45 (line 257)
                      ; - java.nio.CharBuffer::<init>@8 (line 316)
                      ; - java.nio.HeapCharBuffer::<init>@12 (line 85)
                      ; - java.nio.CharBuffer::wrap@8 (line 436)
                      ; - sun.nio.cs.StreamEncoder::implWrite@3 (line 356)
                      ; - sun.nio.cs.StreamEncoder::lockedWrite@49 (line 158)
                      ; - sun.nio.cs.StreamEncoder::write@30 (line 139)
                      ; - java.io.OutputStreamWriter::write@7 (line 219)
                      ; - java.io.BufferedWriter::implFlushBuffer@25 (line 178)
                      ; - java.io.BufferedWriter::flushBuffer@22 (line 163)
                      ; - java.io.PrintStream::implWriteln@23 (line 848)
                      ; - java.io.PrintStream::writeln@16 (line 826)
                      ; - java.io.PrintStream::println@14 (line 1168)
                      ; - net.runelite.client.plugins.gpushared.GpuPluginShared::lambda$startUp$0@164 (line 322)
                      ; - net.runelite.client.plugins.gpushared.GpuPluginShared$$Lambda/0x000001a44f71e708::onZoneUploaded@9
                      ; - net.runelite.client.plugins.gpu.SceneUploader::uploadZone@386 (line 161)
  0x000001a43750e904: 7142 0000 

  0x000001a43750e908: ;   {other}
  0x000001a43750e908: 0f1f 8400 | f831 0011 | 4180 7f40 | 000f 855a | 0e00 004c | 8b44 2468 | 448b 5424 | 4c45 8950 
  0x000001a43750e928: 304c 8bd5 | 4d8b d84d | 33d3 49c1 | ea16 4d85 | d274 1a49 | c1eb 0948 | b900 40b4 | 3da4 0100 
  0x000001a43750e948: 0049 03cb | 8039 020f | 85b0 0e00 | 0045 8960 | 2844 8b54 | 2450 430f | b66c d41b | 49c7 4010 
  0x000001a43750e968: 1000 0000 | 85ed 0f85 | 8031 0000 | 458b 4818 | 418b 581c | 8bfb 412b | f985 ff0f | 8edb 0200 
  0x000001a43750e988: 0047 8b5c | d424 438b | 54dc 204c | 8944 2448 | 418b ea47 | 8b54 d414 | 413b d20f | 8d23 0300 
  0x000001a43750e9a8: 0045 8b5c | ec20 c481 | 7a10 4cdc | 1041 b800 | 0080 7fc4 | c179 7ecb | 4523 d841 | c1fb 1741 
  0x000001a43750e9c8: b895 0000 | 0045 2bc3 | 418b c841 | bbe0 ffff | ff45 85c3 | 752f c4c1 | 797e cb41 | 81e3 ffff 
  0x000001a43750e9e8: 7f00 4181 | cb00 0080 | 00c4 c179 | 7ec8 4585 | c07d 0341 | f7db 41d3 | fb41 83c3 

  0x000001a43750ea04: ;   {no_reloc}
  0x000001a43750ea04: 0141 d1fb | e91d 0000 | 00c5 7a2c | d941 81fb | 0000 0080 | 7510 4883 | ec08 c5fa 

  0x000001a43750ea20: ;   {runtime_call StubRoutines (initial stubs)}
  0x000001a43750ea20: 110c 24e8 | e226 5bff | 415b 410f | affb 413b | fa41 0f4f | fa89 7c24 | 503b fa0f | 8f73 0300 
  0x000001a43750ea40: 0044 8bc5 | 488b 7c24 | 604c 8b5c | 2448 443b | cb0f 8d5d | 2000 0043 | 8b5c c424 | 478b 54c4 
  0x000001a43750ea60: 2043 8b6c | d414 85ed | 7409 83fd | 010f 8540 | 2700 0043 | c744 d414 | 0100 0000 | 438b 4cd4 
  0x000001a43750ea80: 084c 8bcb | 49c1 e103 | 4b8d 14d4 

  0x000001a43750ea8c: ;   {metadata('sun/nio/cs/SingleByte$Encoder')}
  0x000001a43750ea8c: 81f9 a88e | 1b00 743e 

  0x000001a43750ea94: ;   {metadata('sun/nio/cs/UTF_8$Encoder')}
  0x000001a43750ea94: 81f9 68a0 | 1e01 0f85 | d030 0000 | 4489 5424 | 6889 5c24 | 4c4c 895c | 2460 4889 | 7c24 5044 
  0x000001a43750eab4: 8944 2448 | 4d8b c348 | 8954 2478 

  0x000001a43750eac0: ;   {optimized virtual_call}
  0x000001a43750eac0: 498b ebe8 

  0x000001a43750eac4: ; ImmutableOopMap {rbp=Oop [32]=Oop [40]=NarrowOop [44]=NarrowOop [48]=Oop [56]=Oop [64]=Oop [72]=NarrowOop [76]=NarrowOop [80]=Oop [88]=Oop [96]=Oop [104]=NarrowOop [120]=Oop }
                      ;*invokevirtual encodeLoop {reexecute=0 rethrow=0 return_oop=1}
                      ; - java.nio.charset.CharsetEncoder::encode@57 (line 586)
                      ; - sun.nio.cs.StreamEncoder::implWrite@38 (line 370)
                      ; - sun.nio.cs.StreamEncoder::implWrite@11 (line 357)
                      ; - sun.nio.cs.StreamEncoder::lockedWrite@49 (line 158)
                      ; - sun.nio.cs.StreamEncoder::write@30 (line 139)
                      ; - java.io.OutputStreamWriter::write@7 (line 219)
                      ; - java.io.BufferedWriter::implFlushBuffer@25 (line 178)
                      ; - java.io.BufferedWriter::flushBuffer@22 (line 163)
                      ; - java.io.PrintStream::implWriteln@23 (line 848)
                      ; - java.io.PrintStream::writeln@16 (line 826)
                      ; - java.io.PrintStream::println@14 (line 1168)
                      ; - net.runelite.client.plugins.gpushared.GpuPluginShared::lambda$startUp$0@164 (line 322)
                      ; - net.runelite.client.plugins.gpushared.GpuPluginShared$$Lambda/0x000001a44f71e708::onZoneUploaded@9
                      ; - net.runelite.client.plugins.gpu.SceneUploader::uploadZone@386 (line 161)
  0x000001a43750eac4: b8ff 5fff 

  0x000001a43750eac8: ;   {other}
  0x000001a43750eac8: 0f1f 8400 | b833 0012 | eb32 4489 | 5424 6889 | 5c24 4c4c | 895c 2460 | 4889 7c24 | 5044 8944 
  0x000001a43750eae8: 2448 4d8b | c348 8954 | 2478 498b 

  0x000001a43750eaf4: ;   {optimized virtual_call}
  0x000001a43750eaf4: eb66 90e8 

  0x000001a43750eaf8: ; ImmutableOopMap {rbp=Oop [32]=Oop [40]=NarrowOop [44]=NarrowOop [48]=Oop [56]=Oop [64]=Oop [72]=NarrowOop [76]=NarrowOop [80]=Oop [88]=Oop [96]=Oop [104]=NarrowOop [120]=Oop }
                      ;*invokevirtual encodeLoop {reexecute=0 rethrow=0 return_oop=1}
                      ; - java.nio.charset.CharsetEncoder::encode@57 (line 586)
                      ; - sun.nio.cs.StreamEncoder::implWrite@38 (line 370)
                      ; - sun.nio.cs.StreamEncoder::implWrite@11 (line 357)
                      ; - sun.nio.cs.StreamEncoder::lockedWrite@49 (line 158)
                      ; - sun.nio.cs.StreamEncoder::write@30 (line 139)
                      ; - java.io.OutputStreamWriter::write@7 (line 219)
                      ; - java.io.BufferedWriter::implFlushBuffer@25 (line 178)
                      ; - java.io.BufferedWriter::flushBuffer@22 (line 163)
                      ; - java.io.PrintStream::implWriteln@23 (line 848)
                      ; - java.io.PrintStream::writeln@16 (line 826)
                      ; - java.io.PrintStream::println@14 (line 1168)
                      ; - net.runelite.client.plugins.gpushared.GpuPluginShared::lambda$startUp$0@164 (line 322)
                      ; - net.runelite.client.plugins.gpushared.GpuPluginShared$$Lambda/0x000001a44f71e708::onZoneUploaded@9
                      ; - net.runelite.client.plugins.gpu.SceneUploader::uploadZone@386 (line 161)
  0x000001a43750eaf8: a4a4 06f9 

  0x000001a43750eafc: ;   {other}
  0x000001a43750eafc: 0f1f 8400 | ec33 0013 | 4885 c00f | 84b3 1d00 | 0048 8944 | 2470 488b 

  0x000001a43750eb14: ;   {optimized virtual_call}
  0x000001a43750eb14: d066 90e8 

  0x000001a43750eb18: ; ImmutableOopMap {[32]=Oop [40]=NarrowOop [44]=NarrowOop [48]=Oop [56]=Oop [64]=Oop [72]=NarrowOop [76]=NarrowOop [80]=Oop [88]=Oop [96]=Oop [104]=NarrowOop [112]=Oop }
                      ;*invokevirtual isOverflow {reexecute=0 rethrow=0 return_oop=0}
                      ; - java.nio.charset.CharsetEncoder::encode@79 (line 591)
                      ; - sun.nio.cs.StreamEncoder::implWrite@38 (line 370)
                      ; - sun.nio.cs.StreamEncoder::implWrite@11 (line 357)
                      ; - sun.nio.cs.StreamEncoder::lockedWrite@49 (line 158)
                      ; - sun.nio.cs.StreamEncoder::write@30 (line 139)
                      ; - java.io.OutputStreamWriter::write@7 (line 219)
                      ; - java.io.BufferedWriter::implFlushBuffer@25 (line 178)
                      ; - java.io.BufferedWriter::flushBuffer@22 (line 163)
                      ; - java.io.PrintStream::implWriteln@23 (line 848)
                      ; - java.io.PrintStream::writeln@16 (line 826)
                      ; - java.io.PrintStream::println@14 (line 1168)
                      ; - net.runelite.client.plugins.gpushared.GpuPluginShared::lambda$startUp$0@164 (line 322)
                      ; - net.runelite.client.plugins.gpushared.GpuPluginShared$$Lambda/0x000001a44f71e708::onZoneUploaded@9
                      ; - net.runelite.client.plugins.gpu.SceneUploader::uploadZone@386 (line 161)
  0x000001a43750eb18: a40e a900 

  0x000001a43750eb1c: ;   {other}
  0x000001a43750eb1c: 0f1f 8400 | 0c34 0014 | 85c0 751c | 488b 5424 

  0x000001a43750eb2c: ;   {optimized virtual_call}
  0x000001a43750eb2c: 7066 90e8 

  0x000001a43750eb30: ; ImmutableOopMap {[32]=Oop [40]=NarrowOop [44]=NarrowOop [48]=Oop [56]=Oop [64]=Oop [72]=NarrowOop [76]=NarrowOop [80]=Oop [88]=Oop [96]=Oop [104]=NarrowOop [112]=Oop }
                      ;*invokevirtual isUnderflow {reexecute=0 rethrow=0 return_oop=0}
                      ; - java.nio.charset.CharsetEncoder::encode@90 (line 594)
                      ; - sun.nio.cs.StreamEncoder::implWrite@38 (line 370)
                      ; - sun.nio.cs.StreamEncoder::implWrite@11 (line 357)
                      ; - sun.nio.cs.StreamEncoder::lockedWrite@49 (line 158)
                      ; - sun.nio.cs.StreamEncoder::write@30 (line 139)
                      ; - java.io.OutputStreamWriter::write@7 (line 219)
                      ; - java.io.BufferedWriter::implFlushBuffer@25 (line 178)
                      ; - java.io.BufferedWriter::flushBuffer@22 (line 163)
                      ; - java.io.PrintStream::implWriteln@23 (line 848)
                      ; - java.io.PrintStream::writeln@16 (line 826)
                      ; - java.io.PrintStream::println@14 (line 1168)
                      ; - net.runelite.client.plugins.gpushared.GpuPluginShared::lambda$startUp$0@164 (line 322)
                      ; - net.runelite.client.plugins.gpushared.GpuPluginShared$$Lambda/0x000001a44f71e708::onZoneUploaded@9
                      ; - net.runelite.client.plugins.gpu.SceneUploader::uploadZone@386 (line 161)
  0x000001a43750eb30: 0cdc dcff 

  0x000001a43750eb34: ;   {other}
  0x000001a43750eb34: 0f1f 8400 | 2434 0015 | 85c0 0f84 | 282a 0000 | 488b 5424 | 7048 8b6c 

  0x000001a43750eb4c: ;   {optimized virtual_call}
  0x000001a43750eb4c: 2430 90e8 

  0x000001a43750eb50: ; ImmutableOopMap {rbp=Oop [32]=Oop [40]=NarrowOop [44]=NarrowOop [48]=Oop [56]=Oop [64]=Oop [72]=NarrowOop [80]=Oop [88]=Oop [96]=Oop [112]=Oop }
                      ;*invokevirtual isUnderflow {reexecute=0 rethrow=0 return_oop=0}
                      ; - sun.nio.cs.StreamEncoder::implWrite@43 (line 371)
                      ; - sun.nio.cs.StreamEncoder::implWrite@11 (line 357)
                      ; - sun.nio.cs.StreamEncoder::lockedWrite@49 (line 158)
                      ; - sun.nio.cs.StreamEncoder::write@30 (line 139)
                      ; - java.io.OutputStreamWriter::write@7 (line 219)
                      ; - java.io.BufferedWriter::implFlushBuffer@25 (line 178)
                      ; - java.io.BufferedWriter::flushBuffer@22 (line 163)
                      ; - java.io.PrintStream::implWriteln@23 (line 848)
                      ; - java.io.PrintStream::writeln@16 (line 826)
                      ; - java.io.PrintStream::println@14 (line 1168)
                      ; - net.runelite.client.plugins.gpushared.GpuPluginShared::lambda$startUp$0@164 (line 322)
                      ; - net.runelite.client.plugins.gpushared.GpuPluginShared$$Lambda/0x000001a44f71e708::onZoneUploaded@9
                      ; - net.runelite.client.plugins.gpu.SceneUploader::uploadZone@386 (line 161)
  0x000001a43750eb50: ecdb dcff 

  0x000001a43750eb54: ;   {other}
  0x000001a43750eb54: 0f1f 8400 | 4434 0016 | 85c0 0f84 | 0701 0000 | 488b 5424 

  0x000001a43750eb68: ;   {optimized virtual_call}
  0x000001a43750eb68: 6066 90e8 

  0x000001a43750eb6c: ; ImmutableOopMap {rbp=Oop [32]=Oop [40]=NarrowOop [44]=NarrowOop [48]=Oop [56]=Oop [64]=Oop [72]=NarrowOop [80]=Oop [88]=Oop [96]=Oop }
                      ;*invokevirtual remaining {reexecute=0 rethrow=0 return_oop=0}
                      ; - sun.nio.cs.StreamEncoder::implWrite@76 (line 373)
                      ; - sun.nio.cs.StreamEncoder::implWrite@11 (line 357)
                      ; - sun.nio.cs.StreamEncoder::lockedWrite@49 (line 158)
                      ; - sun.nio.cs.StreamEncoder::write@30 (line 139)
                      ; - java.io.OutputStreamWriter::write@7 (line 219)
                      ; - java.io.BufferedWriter::implFlushBuffer@25 (line 178)
                      ; - java.io.BufferedWriter::flushBuffer@22 (line 163)
                      ; - java.io.PrintStream::implWriteln@23 (line 848)
                      ; - java.io.PrintStream::writeln@16 (line 826)
                      ; - java.io.PrintStream::println@14 (line 1168)
                      ; - net.runelite.client.plugins.gpushared.GpuPluginShared::lambda$startUp$0@164 (line 322)
                      ; - net.runelite.client.plugins.gpushared.GpuPluginShared$$Lambda/0x000001a44f71e708::onZoneUploaded@9
                      ; - net.runelite.client.plugins.gpu.SceneUploader::uploadZone@386 (line 161)
  0x000001a43750eb6c: d0c0 2f00 

  0x000001a43750eb70: ;   {other}
  0x000001a43750eb70: 0f1f 8400 | 6034 0017 | 83f8 010f | 84ab 2f00 | 0048 8b54 

  0x000001a43750eb84: ;   {optimized virtual_call}
  0x000001a43750eb84: 2458 90e8 

  0x000001a43750eb88: ; ImmutableOopMap {rbp=Oop [32]=Oop [40]=NarrowOop [44]=NarrowOop [48]=Oop [56]=Oop [64]=Oop }
                      ;*invokevirtual unlock {reexecute=0 rethrow=0 return_oop=0}
                      ; - sun.nio.cs.StreamEncoder::write@35 (line 141)
                      ; - java.io.OutputStreamWriter::write@7 (line 219)
                      ; - java.io.BufferedWriter::implFlushBuffer@25 (line 178)
                      ; - java.io.BufferedWriter::flushBuffer@22 (line 163)
                      ; - java.io.PrintStream::implWriteln@23 (line 848)
                      ; - java.io.PrintStream::writeln@16 (line 826)
                      ; - java.io.PrintStream::println@14 (line 1168)
                      ; - net.runelite.client.plugins.gpushared.GpuPluginShared::lambda$startUp$0@164 (line 322)
                      ; - net.runelite.client.plugins.gpushared.GpuPluginShared$$Lambda/0x000001a44f71e708::onZoneUploaded@9
                      ; - net.runelite.client.plugins.gpu.SceneUploader::uploadZone@386 (line 161)
  0x000001a43750eb88: 5472 daff 

  0x000001a43750eb8c: ;   {other}
  0x000001a43750eb8c: 0f1f 8400 | 7c34 0018 | 448b 5424 | 2c47 8964 | d418 488b 

  0x000001a43750eba0: ;   {optimized virtual_call}
  0x000001a43750eba0: 5424 38e8 

  0x000001a43750eba4: ; ImmutableOopMap {rbp=Oop [32]=Oop [40]=NarrowOop [48]=Oop }
                      ;*invokevirtual unlock {reexecute=0 rethrow=0 return_oop=0}
                      ; - java.io.BufferedWriter::flushBuffer@26 (line 165)
                      ; - java.io.PrintStream::implWriteln@23 (line 848)
                      ; - java.io.PrintStream::writeln@16 (line 826)
                      ; - java.io.PrintStream::println@14 (line 1168)
                      ; - net.runelite.client.plugins.gpushared.GpuPluginShared::lambda$startUp$0@164 (line 322)
                      ; - net.runelite.client.plugins.gpushared.GpuPluginShared$$Lambda/0x000001a44f71e708::onZoneUploaded@9
                      ; - net.runelite.client.plugins.gpu.SceneUploader::uploadZone@386 (line 161)
  0x000001a43750eba4: 3872 daff 

  0x000001a43750eba8: ;   {other}
  0x000001a43750eba8: 0f1f 8400 | 9834 0019 | 448b 5424 | 2847 8b5c | d428 4585 | db0f 8411 | 1f00 004b 

  0x000001a43750ebc4: ;   {optimized virtual_call}
  0x000001a43750ebc4: 8d14 dce8 

  0x000001a43750ebc8: ; ImmutableOopMap {rbp=Oop [32]=Oop [40]=NarrowOop [48]=Oop }
                      ;*invokevirtual flushBuffer {reexecute=0 rethrow=0 return_oop=0}
                      ; - java.io.PrintStream::implWriteln@30 (line 849)
                      ; - java.io.PrintStream::writeln@16 (line 826)
                      ; - java.io.PrintStream::println@14 (line 1168)
                      ; - net.runelite.client.plugins.gpushared.GpuPluginShared::lambda$startUp$0@164 (line 322)
                      ; - net.runelite.client.plugins.gpushared.GpuPluginShared$$Lambda/0x000001a44f71e708::onZoneUploaded@9
                      ; - net.runelite.client.plugins.gpu.SceneUploader::uploadZone@386 (line 161)
  0x000001a43750ebc8: 9451 78f8 

  0x000001a43750ebcc: ;   {other}
  0x000001a43750ebcc: 0f1f 8400 | bc34 001a | 448b 5424 | 2843 0fb6 | 6cd4 0d85 | ed0f 8475 | 2f00 0043 | 8b6c d410 
  0x000001a43750ebec: ; implicit exception: dispatches to 0x000001a43751253c
  0x000001a43750ebec: 458b 5cec 

  0x000001a43750ebf0: ;   {metadata('java/io/BufferedOutputStream')}
  0x000001a43750ebf0: 0841 81fb | 08f0 0000 | 0f85 9e21 | 0000 498d 

  0x000001a43750ec00: ;   {optimized virtual_call}
  0x000001a43750ec00: 14ec 90e8 

  0x000001a43750ec04: ; ImmutableOopMap {[32]=Oop [40]=NarrowOop [48]=Oop }
                      ;*invokevirtual flush {reexecute=0 rethrow=0 return_oop=0}
                      ; - java.io.PrintStream::implWriteln@44 (line 851)
                      ; - java.io.PrintStream::writeln@16 (line 826)
                      ; - java.io.PrintStream::println@14 (line 1168)
                      ; - net.runelite.client.plugins.gpushared.GpuPluginShared::lambda$startUp$0@164 (line 322)
                      ; - net.runelite.client.plugins.gpushared.GpuPluginShared$$Lambda/0x000001a44f71e708::onZoneUploaded@9
                      ; - net.runelite.client.plugins.gpu.SceneUploader::uploadZone@386 (line 161)
  0x000001a43750ec04: d8d8 1200 

  0x000001a43750ec08: ;   {other}
  0x000001a43750ec08: 0f1f 8400 | f834 001b | 448b 5c24 | 2847 8b54 | dc18 4585 | d20f 84c9 | 1e00 004b 

  0x000001a43750ec24: ;   {optimized virtual_call}
  0x000001a43750ec24: 8d14 d4e8 

  0x000001a43750ec28: ; ImmutableOopMap {[32]=Oop [40]=NarrowOop [48]=Oop }
                      ;*invokevirtual unlock {reexecute=0 rethrow=0 return_oop=0}
                      ; - java.io.PrintStream::writeln@23 (line 828)
                      ; - java.io.PrintStream::println@14 (line 1168)
                      ; - net.runelite.client.plugins.gpushared.GpuPluginShared::lambda$startUp$0@164 (line 322)
                      ; - net.runelite.client.plugins.gpushared.GpuPluginShared$$Lambda/0x000001a44f71e708::onZoneUploaded@9
                      ; - net.runelite.client.plugins.gpu.SceneUploader::uploadZone@386 (line 161)
  0x000001a43750ec28: b471 daff 

  0x000001a43750ec2c: ;   {other}
  0x000001a43750ec2c: 0f1f 8400 | 1c35 001c | 4881 c4e0 | 0000 005d 

  0x000001a43750ec3c: ;   {poll_return}
  0x000001a43750ec3c: 493b a750 | 0400 000f | 87b3 3d00 | 00c3 4533 | ede9 44d4 | ffff 4533 | db33 f6e9 | 6fed ffff 
  0x000001a43750ec5c: 4533 dbe9 | 3eed ffff | 33ff e91e | fdff ff48 | 8b54 2470 

  0x000001a43750ec70: ;   {optimized virtual_call}
  0x000001a43750ec70: 6666 90e8 

  0x000001a43750ec74: ; ImmutableOopMap {rbp=Oop [32]=Oop [40]=NarrowOop [44]=NarrowOop [48]=Oop [56]=Oop [64]=Oop [72]=NarrowOop [80]=Oop [88]=Oop [96]=Oop [112]=Oop }
                      ;*invokevirtual isOverflow {reexecute=0 rethrow=0 return_oop=0}
                      ; - sun.nio.cs.StreamEncoder::implWrite@100 (line 379)
                      ; - sun.nio.cs.StreamEncoder::implWrite@11 (line 357)
                      ; - sun.nio.cs.StreamEncoder::lockedWrite@49 (line 158)
                      ; - sun.nio.cs.StreamEncoder::write@30 (line 139)
                      ; - java.io.OutputStreamWriter::write@7 (line 219)
                      ; - java.io.BufferedWriter::implFlushBuffer@25 (line 178)
                      ; - java.io.BufferedWriter::flushBuffer@22 (line 163)
                      ; - java.io.PrintStream::implWriteln@23 (line 848)
                      ; - java.io.PrintStream::writeln@16 (line 826)
                      ; - java.io.PrintStream::println@14 (line 1168)
                      ; - net.runelite.client.plugins.gpushared.GpuPluginShared::lambda$startUp$0@164 (line 322)
                      ; - net.runelite.client.plugins.gpushared.GpuPluginShared$$Lambda/0x000001a44f71e708::onZoneUploaded@9
                      ; - net.runelite.client.plugins.gpu.SceneUploader::uploadZone@386 (line 161)
  0x000001a43750ec74: 08fe 5fff 

  0x000001a43750ec78: ;   {other}
  0x000001a43750ec78: 0f1f 8400 | 6835 001d | 85c0 0f84 | 0834 0000 | 488b 5424 

  0x000001a43750ec8c: ;   {optimized virtual_call}
  0x000001a43750ec8c: 5066 90e8 

  0x000001a43750ec90: ; ImmutableOopMap {rbp=Oop [32]=Oop [40]=NarrowOop [44]=NarrowOop [48]=Oop [56]=Oop [64]=Oop [72]=NarrowOop [80]=Oop [88]=Oop [96]=Oop }
                      ;*invokevirtual writeBytes {reexecute=0 rethrow=0 return_oop=0}
                      ; - sun.nio.cs.StreamEncoder::implWrite@131 (line 381)
                      ; - sun.nio.cs.StreamEncoder::implWrite@11 (line 357)
                      ; - sun.nio.cs.StreamEncoder::lockedWrite@49 (line 158)
                      ; - sun.nio.cs.StreamEncoder::write@30 (line 139)
                      ; - java.io.OutputStreamWriter::write@7 (line 219)
                      ; - java.io.BufferedWriter::implFlushBuffer@25 (line 178)
                      ; - java.io.BufferedWriter::flushBuffer@22 (line 163)
                      ; - java.io.PrintStream::implWriteln@23 (line 848)
                      ; - java.io.PrintStream::writeln@16 (line 826)
                      ; - java.io.PrintStream::println@14 (line 1168)
                      ; - net.runelite.client.plugins.gpushared.GpuPluginShared::lambda$startUp$0@164 (line 322)
                      ; - net.runelite.client.plugins.gpushared.GpuPluginShared$$Lambda/0x000001a44f71e708::onZoneUploaded@9
                      ; - net.runelite.client.plugins.gpu.SceneUploader::uploadZone@386 (line 161)
  0x000001a43750ec90: ecfd 5fff 

  0x000001a43750ec94: ;   {other}
  0x000001a43750ec94: 0f1f 8400 | 8435 001e | 488b 5424 

  0x000001a43750eca0: ;   {optimized virtual_call}
  0x000001a43750eca0: 6066 90e8 

  0x000001a43750eca4: ; ImmutableOopMap {rbp=Oop [32]=Oop [40]=NarrowOop [44]=NarrowOop [48]=Oop [56]=Oop [64]=Oop [72]=NarrowOop [80]=Oop [88]=Oop [96]=Oop }
                      ;*invokevirtual hasRemaining {reexecute=0 rethrow=0 return_oop=0}
                      ; - sun.nio.cs.StreamEncoder::implWrite@22 (line 369)
                      ; - sun.nio.cs.StreamEncoder::implWrite@11 (line 357)
                      ; - sun.nio.cs.StreamEncoder::lockedWrite@49 (line 158)
                      ; - sun.nio.cs.StreamEncoder::write@30 (line 139)
                      ; - java.io.OutputStreamWriter::write@7 (line 219)
                      ; - java.io.BufferedWriter::implFlushBuffer@25 (line 178)
                      ; - java.io.BufferedWriter::flushBuffer@22 (line 163)
                      ; - java.io.PrintStream::implWriteln@23 (line 848)
                      ; - java.io.PrintStream::writeln@16 (line 826)
                      ; - java.io.PrintStream::println@14 (line 1168)
                      ; - net.runelite.client.plugins.gpushared.GpuPluginShared::lambda$startUp$0@164 (line 322)
                      ; - net.runelite.client.plugins.gpushared.GpuPluginShared$$Lambda/0x000001a44f71e708::onZoneUploaded@9
                      ; - net.runelite.client.plugins.gpu.SceneUploader::uploadZone@386 (line 161)
  0x000001a43750eca4: d8fd 5fff 

  0x000001a43750eca8: ;   {other}
  0x000001a43750eca8: 0f1f 8400 | 9835 001f | 85c0 0f84 | 1034 0000 | 448b 4424 | 4848 8b7c | 2450 4c8b | 5c24 60e9 
  0x000001a43750ecc8: 8bfd ffff | 448b c548 | 8b7c 2460 | 4c8b 5c24 | 48e9 70fd | ffff 440f | b6c2 41c1 | e015 418d 
  0x000001a43750ece8: 4810 4489 | 5c24 4c89 | 7c24 6c48 | 895c 2420 | 4489 4424 | 6889 4c24 | 70e9 13f3 | ffff 4489 
  0x000001a43750ed08: 6b18 e929 | f5ff ff43 | 8b5c cc0c | 488b cb48 | c1e1 0349 | 3bcb 0f85 | 2610 0000 | 438b 6ccc 
  0x000001a43750ed28: 10ff c585 | ed0f 8ce5 | 3300 0043 | 896c cc10 | f083 4424 | c000 e9ed | f8ff ff43 | 8b4c c40c 
  0x000001a43750ed48: 4c8b c949 | c1e1 0348 | 8b5c 2420 | 4c3b cb0f | 852a 1000 | 0043 8b6c | c410 ffc5 | 85ed 0f8c 
  0x000001a43750ed68: c833 0000 | 4389 6cc4 | 10f0 8344 | 24c0 008b | 7c24 2ce9 | d9f9 ffff | 458b 44d4 | 0c4d 8bd8 
  0x000001a43750ed88: 49c1 e303 | 4c3b db0f | 8533 1000 | 0041 8b6c | d410 ffc5 | 85ed 0f8c | b833 0000 

  0x000001a43750eda4: ;   {no_reloc}
  0x000001a43750eda4: 4189 6cd4 | 10f0 8344 | 24c0 00e9 | 92fa ffff | 488b 5424 

  0x000001a43750edb8: ;   {optimized virtual_call}
  0x000001a43750edb8: 6066 90e8 

  0x000001a43750edbc: ; ImmutableOopMap {rbp=NarrowOop [32]=Oop [40]=NarrowOop [44]=NarrowOop [48]=Oop [56]=Oop [64]=Oop [72]=Oop [88]=Oop [96]=Oop }
                      ;*invokevirtual implFlushBuffer {reexecute=0 rethrow=0 return_oop=0}
                      ; - sun.nio.cs.StreamEncoder::growByteBufferIfNeeded@46 (line 397)
                      ; - sun.nio.cs.StreamEncoder::implWrite@18 (line 367)
                      ; - sun.nio.cs.StreamEncoder::implWrite@11 (line 357)
                      ; - sun.nio.cs.StreamEncoder::lockedWrite@49 (line 158)
                      ; - sun.nio.cs.StreamEncoder::write@30 (line 139)
                      ; - java.io.OutputStreamWriter::write@7 (line 219)
                      ; - java.io.BufferedWriter::implFlushBuffer@25 (line 178)
                      ; - java.io.BufferedWriter::flushBuffer@22 (line 163)
                      ; - java.io.PrintStream::implWriteln@23 (line 848)
                      ; - java.io.PrintStream::writeln@16 (line 826)
                      ; - java.io.PrintStream::println@14 (line 1168)
                      ; - net.runelite.client.plugins.gpushared.GpuPluginShared::lambda$startUp$0@164 (line 322)
                      ; - net.runelite.client.plugins.gpushared.GpuPluginShared$$Lambda/0x000001a44f71e708::onZoneUploaded@9
                      ; - net.runelite.client.plugins.gpu.SceneUploader::uploadZone@386 (line 161)
  0x000001a43750edbc: c0fc 5fff 

  0x000001a43750edc0: ;   {other}
  0x000001a43750edc0: 0f1f 8400 | b036 0020 | 8b54 2450 

  0x000001a43750edcc: ;   {static_call}
  0x000001a43750edcc: 6666 90e8 

  0x000001a43750edd0: ; ImmutableOopMap {rbp=NarrowOop [32]=Oop [40]=NarrowOop [44]=NarrowOop [48]=Oop [56]=Oop [64]=Oop [72]=Oop [88]=Oop [96]=Oop }
                      ;*invokestatic allocate {reexecute=0 rethrow=0 return_oop=1}
                      ; - sun.nio.cs.StreamEncoder::growByteBufferIfNeeded@52 (line 398)
                      ; - sun.nio.cs.StreamEncoder::implWrite@18 (line 367)
                      ; - sun.nio.cs.StreamEncoder::implWrite@11 (line 357)
                      ; - sun.nio.cs.StreamEncoder::lockedWrite@49 (line 158)
                      ; - sun.nio.cs.StreamEncoder::write@30 (line 139)
                      ; - java.io.OutputStreamWriter::write@7 (line 219)
                      ; - java.io.BufferedWriter::implFlushBuffer@25 (line 178)
                      ; - java.io.BufferedWriter::flushBuffer@22 (line 163)
                      ; - java.io.PrintStream::implWriteln@23 (line 848)
                      ; - java.io.PrintStream::writeln@16 (line 826)
                      ; - java.io.PrintStream::println@14 (line 1168)
                      ; - net.runelite.client.plugins.gpushared.GpuPluginShared::lambda$startUp$0@164 (line 322)
                      ; - net.runelite.client.plugins.gpushared.GpuPluginShared$$Lambda/0x000001a44f71e708::onZoneUploaded@9
                      ; - net.runelite.client.plugins.gpu.SceneUploader::uploadZone@386 (line 161)
  0x000001a43750edd0: ac02 60ff 

  0x000001a43750edd4: ;   {other}
  0x000001a43750edd4: 0f1f 8400 | c436 0021 | 488b d841 | 807f 4000 | 0f85 6a19 | 0000 448b | c54c 8bcb | 4d8b d949 
  0x000001a43750edf4: c1eb 0347 | 895c c424 | 488b 7c24 | 604c 8bd7 | 4d8b d94d | 33da 49c1 | eb16 4d85 | db74 1e4d 
  0x000001a43750ee14: 85c9 7419 | 49c1 ea09 | 4c8b 8c24 | c000 0000 | 4d03 ca41 | 8039 020f | 855e 1900 | 004c 8b5c 
  0x000001a43750ee34: 2448 458b | 4b18 418b | 5b1c e90b | fcff ff48 | 8b7c 2468 | 448b 1745 | 85d2 0f84 | e1dc ffff 
  0x000001a43750ee54: 4d8b 5f28 | 498b ca48 | c1e1 034d | 85db 0f84 | b81f 0000 | 4d8b 5738 | 4b89 4c1a | f849 83c3 
  0x000001a43750ee74: f84d 895f | 28e9 b7dc | ffff 4c8b | 9424 9800 | 0000 458b | 5234 4585 | d20f 84e3 | dcff ff4d 
  0x000001a43750ee94: 8b5f 2849 | 8bca 48c1 | e103 4d85 | db0f 845c | 1f00 004d | 8b57 384b | 894c 1af8 | 4983 c3f8 
  0x000001a43750eeb4: 4d89 5f28 | e9b9 dcff | ff48 8b5c | 2470 448b | 0345 85c0 | 0f84 34db | ffff 4d8b 

  0x000001a43750eed0: ;   {no_reloc}
  0x000001a43750eed0: 5f28 498b | c848 c1e1 | 034d 85db | 0f84 f31e | 0000 4d8b | 4738 4b89 | 4c18 f849 | 83c3 f84d 
  0x000001a43750eef0: 895f 28e9 | 0adb ffff | 4c8b 4c24 | 7845 8b19 | 4585 db0f | 84c0 d9ff | ff4d 8b57 | 2849 8bcb 
  0x000001a43750ef10: 48c1 e103 | 4d85 d20f | 8493 1e00 | 0049 8bf8 | 488b 5c24 | 784d 8b5f | 384b 894c | 13f8 4983 
  0x000001a43750ef30: c2f8 4d89 | 5728 4c8b | cb4c 8bc7 | e988 d9ff | ff4c 8b4c | 2478 458b | 1945 85db | 0f84 58df 
  0x000001a43750ef50: ffff 4d8b | 5728 498b | cb48 c1e1 | 034d 85d2 | 0f84 1c1f | 0000 498b | f848 8b5c | 2478 4d8b 
  0x000001a43750ef70: 5f38 4b89 | 4c13 f849 | 83c2 f84d | 8957 284c | 8bcb 4c8b | c7e9 20df | ffff 488b | 9c24 9800 
  0x000001a43750ef90: 0000 448b | 5b38 4585 | db0f 84ba | e1ff ff4d | 8b57 2849 | 8bcb 48c1 | e103 4d85 | d20f 84f4 
  0x000001a43750efb0: 1e00 004d | 8b5f 384b | 894c 13f8 | 4983 c2f8 | 4d89 5728 | e990 e1ff | ff48 8b7c | 2468 448b 
  0x000001a43750efd0: ;   {no_reloc}
  0x000001a43750efd0: 1f45 85db | 0f84 36e1 | ffff 4d8b | 5728 498b | cb48 c1e1 | 034d 85d2 | 0f84 771e | 0000 4d8b 
  0x000001a43750eff0: 5f38 4b89 | 4c13 f849 | 83c2 f84d | 8957 28e9 | 0ce1 ffff | 4c8b 5c24 | 7045 8b13 | 4585 d20f 
  0x000001a43750f010: 84cb dfff | ff4d 8b4f | 2849 8bca | 48c1 e103 | 4d85 c90f | 8414 1e00 | 004d 8b57 | 384b 894c 
  0x000001a43750f030: 0af8 4983 | c1f8 4d89 | 4f28 e9a1 | dfff ff4c | 8b4c 2470 | 458b 1945 | 85db 0f84 | bde6 ffff 
  0x000001a43750f050: 4d8b 5728 | 498b cb48 | c1e1 034d | 85d2 0f84 | 9a1e 0000 | 4d8b 5f38 | 4b89 4c13 | f849 83c2 
  0x000001a43750f070: f84d 8957 | 28e9 93e6 | ffff 4c8b | 4c24 7845 | 8b19 4585 | db0f 8449 | e5ff ff49 | 8bf8 498b 
  0x000001a43750f090: d94d 8b57 | 2849 8bcb | 48c1 e103 | 4d85 d20f | 8482 1e00 | 004d 8b5f | 384b 894c | 13f8 4983 
  0x000001a43750f0b0: c2f8 4d89 | 5728 4c8b | cb4c 8bc7 | e913 e5ff | ff48 8b5c | 2428 448b | 5b3c 4585 | db0f 8480 
  0x000001a43750f0d0: ;   {no_reloc}
  0x000001a43750f0d0: e6ff ff4d | 8b57 2849 | 8bcb 48c1 | e103 4d85 | d20f 84dd | 1d00 004d | 8b5f 384b | 894c 13f8 
  0x000001a43750f0f0: 4983 c2f8 | 4d89 5728 | e956 e6ff | ff49 8bd8 | 4c8b 9424 | 8000 0000 | 458b 1a45 | 85db 7425 
  0x000001a43750f110: 4d8b 5728 | 498b cb48 | c1e1 034d | 85d2 0f84 | bd1d 0000 | 4d8b 5f38 | 4b89 4c13 | f849 83c2 
  0x000001a43750f130: f84d 8957 | 284c 8bc3 | e951 e3ff | ff4d 8b57 | 584d 8b5f | 48f0 8344 | 24c0 0080 | 3900 0f84 
  0x000001a43750f150: 4fce ffff | 4488 214d | 85db 751d | 498b d749 | ba00 6b16 | 4bff 7f00 | 0041 ffd2 

  0x000001a43750f16c: ;   {other}
  0x000001a43750f16c: 0f1f 8400 | 0000 0000 | e92a ceff | ff4b 894c | 1af8 4983 | c3f8 4d89 | 5f48 e918 | ceff ff4d 
  0x000001a43750f18c: 8b57 584d | 8b5f 48f0 | 8344 24c0 | 0080 3900 | 0f84 c9d9 | ffff 4488 | 214d 85db | 751d 498b 
  0x000001a43750f1ac: d749 ba00 | 6b16 4bff | 7f00 0041 

  0x000001a43750f1b8: ;   {other}
  0x000001a43750f1b8: ffd2 0f1f | 8400 0000 | 0000 e9a4 | d9ff ff4b | 894c 1af8 | 4983 c3f8 | 4d89 5f48 | e992 d9ff 
  0x000001a43750f1d8: ff4d 8b57 | 584d 8b5f | 48f0 8344 | 24c0 0080 | 3900 0f84 | 0fd7 ffff | 4488 214d | 85db 751d 
  0x000001a43750f1f8: 498b d749 | ba00 6b16 | 4bff 7f00 | 0041 ffd2 

  0x000001a43750f208: ;   {other}
  0x000001a43750f208: 0f1f 8400 | 0000 0000 | e9ea d6ff | ff4b 894c | 1af8 4983 | c3f8 4d89 | 5f48 e9d8 | d6ff ff4d 
  0x000001a43750f228: 8b5f 584d | 8b47 48f0 | 8344 24c0 | 0080 3900 | 0f84 fad7 | ffff 4488 | 214d 85c0 | 7523 418b 
  0x000001a43750f248: fa49 8bd7 | 49ba 006b | 164b ff7f | 0000 41ff 

  0x000001a43750f258: ;   {other}
  0x000001a43750f258: d20f 1f84 | 0000 0000 | 0044 8bd7 | e9cf d7ff | ff4b 894c | 03f8 4983 | c0f8 4d89 | 4748 e9bd 
  0x000001a43750f278: d7ff ff4d | 8b57 584d | 8b6f 48f0 | 8344 24c0 | 0080 3900 | 0f84 0bd5 | ffff 4488 | 214d 85ed 
  0x000001a43750f298: 7559 4889 | 4424 5048 | 897c 2448 | 4c89 4424 | 284c 8bf6 | 4c8b ea48 | 8bf3 418b | fb49 8bd9 
  0x000001a43750f2b8: 498b d749 | ba00 6b16 | 4bff 7f00 | 0041 ffd2 

  0x000001a43750f2c8: ;   {other}
  0x000001a43750f2c8: 0f1f 8400 | 0000 0000 | 4c8b cb44 | 8bdf 488b | de49 8bd5 | 498b f64c | 8b44 2428 | 488b 7c24 
  0x000001a43750f2e8: 4848 8b44 | 2450 e9aa | d4ff ff4b | 894c 2af8 | 4983 c5f8 | 4d89 6f48 | e998 d4ff | ff4d 8b57 
  0x000001a43750f308: 484d 8b5f | 58f0 8344 | 24c0 0080 | 3900 0f84 | a1d8 ffff | 4488 214d | 85d2 751d | 498b d749 
  0x000001a43750f328: ba00 6b16 | 4bff 7f00 | 0041 ffd2 

  0x000001a43750f334: ;   {other}
  0x000001a43750f334: 0f1f 8400 | 0000 0000 | e97c d8ff | ff4b 894c | 13f8 4983 | c2f8 4d89 | 5748 e96a | d8ff ff4d 
  0x000001a43750f354: 8b57 584d | 8b5f 48f0 | 8344 24c0 | 0080 3900 | 0f84 dcdd | ffff 4488 | 214d 85db | 751d 498b 
  0x000001a43750f374: d749 ba00 | 6b16 4bff | 7f00 0041 

  0x000001a43750f380: ;   {other}
  0x000001a43750f380: ffd2 0f1f | 8400 0000 | 0000 e9b7 | ddff ff4b | 894c 1af8 | 4983 c3f8 | 4d89 5f48 | e9a5 ddff 
  0x000001a43750f3a0: ff4d 8b57 | 484d 8b5f | 58f0 8344 | 24c0 0080 | 3900 0f84 | dbdd ffff | 4488 214d | 85d2 751d 
  0x000001a43750f3c0: 498b d749 | ba00 6b16 | 4bff 7f00 | 0041 ffd2 

  0x000001a43750f3d0: ;   {other}
  0x000001a43750f3d0: 0f1f 8400 | 0000 0000 | e9b6 ddff | ff4b 894c | 13f8 4983 | c2f8 4d89 | 5748 e9a4 | ddff ff4d 
  0x000001a43750f3f0: 8b57 584d | 8b5f 48f0 | 8344 24c0 | 0080 3900 | 0f84 dada | ffff 4488 | 214d 85db | 751d 498b 
  0x000001a43750f410: d749 ba00 | 6b16 4bff | 7f00 0041 

  0x000001a43750f41c: ;   {other}
  0x000001a43750f41c: ffd2 0f1f | 8400 0000 | 0000 e9b5 | daff ff4b | 894c 1af8 | 4983 c3f8 | 4d89 5f48 | e9a3 daff 
  0x000001a43750f43c: ff4d 8b57 | 584d 8b5f | 48f0 8344 | 24c0 0080 | 3900 0f84 | c2db ffff | 4488 214d | 85db 751d 
  0x000001a43750f45c: 498b d749 | ba00 6b16 | 4bff 7f00 | 0041 ffd2 

  0x000001a43750f46c: ;   {other}
  0x000001a43750f46c: 0f1f 8400 | 0000 0000 | e99d dbff | ff4b 894c | 1af8 4983 | c3f8 4d89 | 5f48 e98b | dbff ff4d 
  0x000001a43750f48c: 8b57 5849 | 8b77 48f0 | 8344 24c0 | 0080 3900 | 0f84 e4d8 | ffff 4488 | 2148 85f6 | 7557 4889 
  0x000001a43750f4ac: 5424 5848 | 897c 2450 | 4c89 5c24 | 4848 895c | 2428 4c8b | f549 8bf0 | 418b e949 | 8bd7 49ba 
  0x000001a43750f4cc: 006b 164b | ff7f 0000 

  0x000001a43750f4d4: ;   {other}
  0x000001a43750f4d4: 41ff d20f | 1f84 0000 | 0000 0044 | 8bcd 4c8b | c649 8bee | 488b 5c24 | 284c 8b5c | 2448 488b 
  0x000001a43750f4f4: 7c24 5048 | 8b54 2458 | e985 d8ff | ff49 894c | 32f8 4883 | c6f8 4989 | 7748 e973 | d8ff ff4d 
  0x000001a43750f514: 8b57 484d | 8b5f 58f0 | 8344 24c0 | 0080 3900 | 0f84 60e2 | ffff 4488 | 214d 85d2 | 751d 498b 
  0x000001a43750f534: d749 ba00 | 6b16 4bff | 7f00 0041 

  0x000001a43750f540: ;   {other}
  0x000001a43750f540: ffd2 0f1f | 8400 0000 | 0000 e93b | e2ff ff4b | 894c 13f8 | 4983 c2f8 | 4d89 5748 | e929 e2ff 
  0x000001a43750f560: ff4d 8b57 | 584d 8b5f | 48f0 8344 | 24c0 0080 | 3900 0f84 | cbe1 ffff | 4488 214d | 85db 751d 
  0x000001a43750f580: 498b d749 | ba00 6b16 | 4bff 7f00 | 0041 ffd2 

  0x000001a43750f590: ;   {other}
  0x000001a43750f590: 0f1f 8400 | 0000 0000 | e9a6 e1ff | ff4b 894c | 1af8 4983 | c3f8 4d89 | 5f48 e994 | e1ff ff4d 
  0x000001a43750f5b0: 8b57 584d | 8b5f 48f0 | 8344 24c0 | 0080 3900 | 0f84 c5dd | ffff 4488 | 214d 85db | 751d 498b 
  0x000001a43750f5d0: d749 ba00 | 6b16 4bff | 7f00 0041 

  0x000001a43750f5dc: ;   {other}
  0x000001a43750f5dc: ffd2 0f1f | 8400 0000 | 0000 e9a0 | ddff ff4b | 894c 1af8 | 4983 c3f8 | 4d89 5f48 | e98e ddff 
  0x000001a43750f5fc: ff4d 8b57 | 584d 8b5f | 48f0 8344 | 24c0 0080 | 3900 0f84 | b8de ffff | 4488 214d | 85db 751d 
  0x000001a43750f61c: 498b d749 | ba00 6b16 | 4bff 7f00 | 0041 ffd2 

  0x000001a43750f62c: ;   {other}
  0x000001a43750f62c: 0f1f 8400 | 0000 0000 | e993 deff | ff4b 894c | 1af8 4983 | c3f8 4d89 | 5f48 e981 | deff ff4d 
  0x000001a43750f64c: 8b57 584d | 8b5f 48f0 | 8344 24c0 | 0080 3900 | 0f84 a8df | ffff 4488 | 214d 85db | 751d 498b 
  0x000001a43750f66c: d749 ba00 | 6b16 4bff | 7f00 0041 

  0x000001a43750f678: ;   {other}
  0x000001a43750f678: ffd2 0f1f | 8400 0000 | 0000 e983 | dfff ff4b | 894c 1af8 | 4983 c3f8 | 4d89 5f48 | e971 dfff 
  0x000001a43750f698: ff44 8b53 | 3c45 85d2 | 0f84 3bec | ffff 4d8b | 5f28 498b | ca48 c1e1 | 034d 85db | 0f84 101a 
  0x000001a43750f6b8: 0000 4d8b | 5738 4b89 | 4c1a f849 | 83c3 f84d | 895f 28e9 | 11ec ffff | 448b 5334 | 4585 d20f 
  0x000001a43750f6d8: 84be ebff | ff4d 8b5f | 2849 8bca | 48c1 e103 | 4d85 db0f | 849f 1900 | 004d 8b57 | 384b 894c 
  0x000001a43750f6f8: 1af8 4983 | c3f8 4d89 | 5f28 e994 | ebff ff44 | 8b53 3045 | 85d2 0f84 | 6ceb ffff | 4d8b 5f28 
  0x000001a43750f718: 498b ca48 | c1e1 034d | 85db 0f84 | 8519 0000 | 4d8b 5738 | 4b89 4c1a | f849 83c3 | f84d 895f 
  0x000001a43750f738: 28e9 42eb | ffff 448b | 5b38 4585 | db0f 84be | ebff ff4d | 8b57 2849 | 8bcb 48c1 | e103 4d85 
  0x000001a43750f758: d20f 8488 | 1900 004d | 8b5f 384b | 894c 13f8 | 4983 c2f8 | 4d89 5728 | e994 ebff | ff4c 8b44 
  0x000001a43750f778: ;   {no_reloc}
  0x000001a43750f778: 2468 458b | 5830 4585 | db0f 8499 | f1ff ff4d | 8b57 2849 | 8bcb 48c1 | e103 4d85 | d20f 8469 
  0x000001a43750f798: 1900 0049 | 8bd8 4d8b | 5f38 4b89 | 4c13 f849 | 83c2 f84d | 8957 284c | 8bc3 e969 | f1ff ff4d 
  0x000001a43750f7b8: 8b57 484d | 8b5f 58f0 | 8344 24c0 | 0080 3900 | 0f84 7beb | ffff 4488 | 214d 85d2 | 751d 498b 
  0x000001a43750f7d8: d749 ba00 | 6b16 4bff | 7f00 0041 

  0x000001a43750f7e4: ;   {other}
  0x000001a43750f7e4: ffd2 0f1f | 8400 0000 | 0000 e956 | ebff ff4b | 894c 13f8 | 4983 c2f8 | 4d89 5748 | e944 ebff 
  0x000001a43750f804: ff4d 8b57 | 484d 8b5f | 58f0 8344 | 24c0 0080 | 3900 0f84 | 39f1 ffff | 4488 214d | 85d2 7523 
  0x000001a43750f824: 498b d849 | 8bd7 49ba | 006b 164b | ff7f 0000 

  0x000001a43750f834: ;   {other}
  0x000001a43750f834: 41ff d20f | 1f84 0000 | 0000 004c | 8bc3 e90e | f1ff ff4b | 894c 13f8 | 4983 c2f8 | 4d89 5748 
  0x000001a43750f854: e9fc f0ff | ff4d 8b57 | 484d 8b5f | 58f0 8344 | 24c0 0080 | 3900 742f | 4488 214d | 85d2 740f 
  0x000001a43750f874: 4b89 4c13 | f849 83c2 | f84d 8957 | 48eb 1849 | 8bd7 49ba | 006b 164b | ff7f 0000 

  0x000001a43750f890: ;   {other}
  0x000001a43750f890: 41ff d20f | 1f84 0000 | 0000 0044 | 8b53 20e9 | 75e9 ffff | 4d8b 5748 | 4d8b 5f58 | f083 4424 
  0x000001a43750f8b0: c000 8039 | 000f 8417 | eaff ff44 | 8821 4d85 | d275 1d49 | 8bd7 49ba | 006b 164b | ff7f 0000 
  0x000001a43750f8d0: ;   {other}
  0x000001a43750f8d0: 41ff d20f | 1f84 0000 | 0000 00e9 | f2e9 ffff | 4b89 4c13 | f849 83c2 | f84d 8957 | 48e9 e0e9 
  0x000001a43750f8f0: ffff 438b | 4ccc 0c85 | c90f 8400 | edff ff49 | 8b5f 2848 | c1e1 0348 | 85db 0f84 | 1418 0000 
  0x000001a43750f910: 498b 7f38 | 4889 4c1f | f848 83c3 | f849 895f | 28e9 d9ec | ffff 438b | 4cc4 0c85 | c90f 84ec 
  0x000001a43750f930: edff ff4d | 8b4f 2848 | c1e1 034d | 85c9 0f84 | 2118 0000 | 4889 7424 | 3848 8bea | 458b e849 
  0x000001a43750f950: 8bf3 418b | da41 8bfe | 4d8b 5738 | 4b89 4c0a | f849 83c1 | f84d 894f | 2844 8bf7 | 448b d34c 
  0x000001a43750f970: 8bde 458b | c548 8bd5 | 488b 7424 | 38e9 9ded | ffff 458b | 54d4 0c45 | 85d2 0f84 | 85ee ffff 
  0x000001a43750f990: 4d8b 5f28 | 498b ca48 | c1e1 034d | 85db 0f84 | f217 0000 | 4d8b 5738 | 4b89 4c1a | f849 83c3 
  0x000001a43750f9b0: f84d 895f | 28e9 5bee | ffff 4d8b | 4f48 498b | 5f58 f083 | 4424 c000 | 8039 000f | 845f ecff 
  0x000001a43750f9d0: ;   {no_reloc}
  0x000001a43750f9d0: ff44 8821 | 4d85 c975 | 2f41 8be8 | 418b fa49 | 8bdb 498b | d749 ba00 | 6b16 4bff | 7f00 0041 
  0x000001a43750f9f0: ;   {other}
  0x000001a43750f9f0: ffd2 0f1f | 8400 0000 | 0000 4c8b | db44 8bd7 | 448b c5e9 | 28ec ffff | 4a89 4c0b | f849 83c1 
  0x000001a43750fa10: f84d 894f | 48e9 16ec | ffff 4d8b | 4748 4d8b | 4f58 f083 | 4424 c000 | 8039 000f | 8428 edff 
  0x000001a43750fa30: ff44 8821 | 4d85 c075 | 3748 8974 | 2420 4d8b | eb41 8bf2 | 8bef 498b | d749 ba00 | 6b16 4bff 
  0x000001a43750fa50: 7f00 0041 

  0x000001a43750fa54: ;   {other}
  0x000001a43750fa54: ffd2 0f1f | 8400 0000 | 0000 8bfd | 448b d64d | 8bdd 488b | 7424 20e9 | e9ec ffff | 4b89 4c01 
  0x000001a43750fa74: f849 83c0 | f84d 8947 | 48e9 d7ec | ffff 4d8b | 5748 4d8b | 5f58 f083 | 4424 c000 | 8039 000f 
  0x000001a43750fa94: 84ad edff | ff44 8821 | 4d85 d275 | 1d49 8bd7 | 49ba 006b | 164b ff7f | 0000 41ff 

  0x000001a43750fab0: ;   {other}
  0x000001a43750fab0: d20f 1f84 | 0000 0000 | 00e9 88ed | ffff 4b89 | 4c13 f849 | 83c2 f84d | 8957 48e9 | 76ed ffff 
  0x000001a43750fad0: 4d8b 5758 | 4d8b 5f48 | f083 4424 | c000 8039 | 000f 84af | c5ff ff44 | 8821 4d85 | db75 3f89 
  0x000001a43750faf0: 5424 6048 | 8944 2458 | 4c89 4424 | 5044 8bf7 | 498b d749 | ba00 6b16 | 4bff 7f00 | 0041 ffd2 
  0x000001a43750fb10: ;   {other}
  0x000001a43750fb10: 0f1f 8400 | 0000 0000 | 418b fe4c | 8b44 2450 | 488b 4424 | 588b 5424 | 60e9 68c5 | ffff 4b89 
  0x000001a43750fb30: 4c1a f849 | 83c3 f84d | 895f 48e9 | 56c5 ffff | 8977 18e9 | 84e2 ffff | 488b fe45 | 8bd0 e958 
  0x000001a43750fb50: e2ff ff44 | 8b57 3445 | 85d2 0f84 | dae2 ffff | 4d8b 5f28 | 498b ca48 | c1e1 034d | 85db 0f84 
  0x000001a43750fb70: 1c21 0000 | 4d8b 5738 | 4b89 4c1a | f849 83c3 | f84d 895f | 28e9 b0e2 | ffff 448b | 5f30 4585 
  0x000001a43750fb90: db0f 847b | e2ff ff4d | 8b57 2849 | 8bcb 48c1 | e103 4d85 | d20f 8402 | 2100 004d | 8b5f 384b 
  0x000001a43750fbb0: 894c 13f8 | 4983 c2f8 | 4d89 5728 | e951 e2ff | ff4d 8b57 | 484d 8b5f | 58f0 8344 | 24c0 0080 
  0x000001a43750fbd0: 3900 0f84 | 99e2 ffff | 4488 214d | 85d2 751d | 498b d749 | ba00 6b16 | 4bff 7f00 | 0041 ffd2 
  0x000001a43750fbf0: ;   {other}
  0x000001a43750fbf0: 0f1f 8400 | 0000 0000 | e974 e2ff | ff4b 894c | 13f8 4983 | c2f8 4d89 | 5748 e962 | e2ff ff48 
  0x000001a43750fc10: 8bfe 458b | d0e9 91e1 | ffff 4d8b | 5748 4d8b | 5f58 f083 | 4424 c000 | 8039 0074 | 2f44 8821 
  0x000001a43750fc30: 4d85 d274 | 0f4b 894c | 13f8 4983 | c2f8 4d89 | 5748 eb18 | 498b d749 | ba00 6b16 | 4bff 7f00 
  0x000001a43750fc50: 0041 ffd2 

  0x000001a43750fc54: ;   {other}
  0x000001a43750fc54: 0f1f 8400 | 0000 0000 | 488b fe44 | 8b57 20e9 | 43e1 ffff | 413b e80f | 8ec8 deff | ffba 2700 
  0x000001a43750fc74: 0000 8b7c | 2438 897c | 2420 8b7c | 243c 897c | 2424 8974 | 2428 4489 | 6c24 2c4c | 8954 2430 
  0x000001a43750fc94: 448b 5424 | 5044 8954 | 2438 4889 | 5c24 404c | 895c 2448 | 4489 4424 | 5044 894c | 2454 894c 
  0x000001a43750fcb4: 2458 8944 

  0x000001a43750fcb8: ;   {runtime_call UncommonTrapBlob}
  0x000001a43750fcb8: 245c 90e8 

  0x000001a43750fcbc: ; ImmutableOopMap {[48]=Oop [56]=NarrowOop [64]=Oop [72]=Oop [92]=NarrowOop }
                      ;*new {reexecute=0 rethrow=0 return_oop=0}
                      ; - java.nio.Buffer::<init>@58 (line 260)
                      ; - java.nio.IntBuffer::<init>@8 (line 316)
                      ; - java.nio.IntBuffer::<init>@10 (line 324)
                      ; - java.nio.DirectIntBufferU::<init>@9 (line 222)
                      ; - java.nio.DirectIntBufferU::duplicate@26 (line 288)
                      ; - net.runelite.client.plugins.gpushared.GpuPluginShared::lambda$startUp$0@76 (line 308)
                      ; - net.runelite.client.plugins.gpushared.GpuPluginShared$$Lambda/0x000001a44f71e708::onZoneUploaded@9
                      ; - net.runelite.client.plugins.gpu.SceneUploader::uploadZone@386 (line 161)
  0x000001a43750fcbc: 4049 60ff 

  0x000001a43750fcc0: ;   {other}
  0x000001a43750fcc0: 0f1f 8400 | b045 0022 | 453b f30f | 8fc7 2400 | 0044 8973 | 0ce9 9be5 | ffff 4d8b | 5758 4d8b 
  0x000001a43750fce0: 5f48 f083 | 4424 c000 | 8039 000f | 843b c4ff | ff44 8821 | 4d85 db75 | 3f89 5424 | 6848 8944 
  0x000001a43750fd00: 2460 4c89 | 4424 5844 | 8bef 498b | d749 ba00 | 6b16 4bff | 7f00 0041 

  0x000001a43750fd18: ;   {other}
  0x000001a43750fd18: ffd2 0f1f | 8400 0000 | 0000 418b | fd4c 8b44 | 2458 488b | 4424 608b | 5424 68e9 | f4c3 ffff 
  0x000001a43750fd38: 4b89 4c1a | f849 83c3 | f84d 895f | 48e9 e2c3 | ffff 4889 | 7424 3041 | 8be8 4489 | 5424 284c 
  0x000001a43750fd58: 895c 2420 | 41b8 0100 

  0x000001a43750fd60: ;   {optimized virtual_call}
  0x000001a43750fd60: 0000 90e8 

  0x000001a43750fd64: ; ImmutableOopMap {rbp=NarrowOop [32]=Oop [40]=NarrowOop [48]=Oop }
                      ;*invokevirtual acquire {reexecute=0 rethrow=0 return_oop=0}
                      ; - java.util.concurrent.locks.ReentrantLock$Sync::lock@9 (line 153)
                      ; - java.util.concurrent.locks.ReentrantLock::lock@4 (line 322)
                      ; - jdk.internal.misc.InternalLock::lock@4 (line 74)
                      ; - java.io.PrintStream::writeln@11 (line 824)
                      ; - java.io.PrintStream::println@14 (line 1168)
                      ; - net.runelite.client.plugins.gpushared.GpuPluginShared::lambda$startUp$0@164 (line 322)
                      ; - net.runelite.client.plugins.gpushared.GpuPluginShared$$Lambda/0x000001a44f71e708::onZoneUploaded@9
                      ; - net.runelite.client.plugins.gpu.SceneUploader::uploadZone@386 (line 161)
  0x000001a43750fd64: 18ed 5fff 

  0x000001a43750fd68: ;   {other}
  0x000001a43750fd68: 0f1f 8400 | 5846 0023 | 4c8b 5c24 | 2044 8b54 | 2428 448b | c548 8b74 | 2430 e9a9 | e8ff ff48 
  0x000001a43750fd88: 8974 2440 | 4c89 5c24 | 3841 8bea | 41b8 0100 

  0x000001a43750fd98: ;   {optimized virtual_call}
  0x000001a43750fd98: 0000 90e8 

  0x000001a43750fd9c: ; ImmutableOopMap {rbp=NarrowOop [32]=Oop [40]=NarrowOop [44]=NarrowOop [48]=Oop [56]=Oop [64]=Oop }
                      ;*invokevirtual acquire {reexecute=0 rethrow=0 return_oop=0}
                      ; - java.util.concurrent.locks.ReentrantLock$Sync::lock@9 (line 153)
                      ; - java.util.concurrent.locks.ReentrantLock::lock@4 (line 322)
                      ; - jdk.internal.misc.InternalLock::lock@4 (line 74)
                      ; - java.io.BufferedWriter::flushBuffer@18 (line 161)
                      ; - java.io.PrintStream::implWriteln@23 (line 848)
                      ; - java.io.PrintStream::writeln@16 (line 826)
                      ; - java.io.PrintStream::println@14 (line 1168)
                      ; - net.runelite.client.plugins.gpushared.GpuPluginShared::lambda$startUp$0@164 (line 322)
                      ; - net.runelite.client.plugins.gpushared.GpuPluginShared$$Lambda/0x000001a44f71e708::onZoneUploaded@9
                      ; - net.runelite.client.plugins.gpu.SceneUploader::uploadZone@386 (line 161)
  0x000001a43750fd9c: e0ec 5fff 

  0x000001a43750fda0: ;   {other}
  0x000001a43750fda0: 0f1f 8400 | 9046 0024 | 488b 5c24 | 2044 8b74 | 2428 8b7c | 242c 448b | d54c 8b5c | 2438 488b 
  0x000001a43750fdc0: 7424 40e9 | 91e9 ffff | 4889 5c24 | 2048 8bd5 | 41b8 0100 | 0000 488b 

  0x000001a43750fdd8: ;   {optimized virtual_call}
  0x000001a43750fdd8: 6c24 30e8 

  0x000001a43750fddc: ; ImmutableOopMap {rbp=Oop [32]=Oop [40]=NarrowOop [44]=NarrowOop [48]=Oop [56]=Oop [64]=Oop [76]=NarrowOop [80]=NarrowOop [88]=Oop [96]=Oop }
                      ;*invokevirtual acquire {reexecute=0 rethrow=0 return_oop=0}
                      ; - java.util.concurrent.locks.ReentrantLock$Sync::lock@9 (line 153)
                      ; - java.util.concurrent.locks.ReentrantLock::lock@4 (line 322)
                      ; - jdk.internal.misc.InternalLock::lock@4 (line 74)
                      ; - sun.nio.cs.StreamEncoder::write@23 (line 137)
                      ; - java.io.OutputStreamWriter::write@7 (line 219)
                      ; - java.io.BufferedWriter::implFlushBuffer@25 (line 178)
                      ; - java.io.BufferedWriter::flushBuffer@22 (line 163)
                      ; - java.io.PrintStream::implWriteln@23 (line 848)
                      ; - java.io.PrintStream::writeln@16 (line 826)
                      ; - java.io.PrintStream::println@14 (line 1168)
                      ; - net.runelite.client.plugins.gpushared.GpuPluginShared::lambda$startUp$0@164 (line 322)
                      ; - net.runelite.client.plugins.gpushared.GpuPluginShared$$Lambda/0x000001a44f71e708::onZoneUploaded@9
                      ; - net.runelite.client.plugins.gpu.SceneUploader::uploadZone@386 (line 161)
  0x000001a43750fddc: a0ec 5fff 

  0x000001a43750fde0: ;   {other}
  0x000001a43750fde0: 0f1f 8400 | d046 0025 | 488b 5c24 | 20e9 54ea | ffff 4889 | 7424 4048 | 897c 2430 

  0x000001a43750fdfc: ;   {metadata('java/util/HashMap')}
  0x000001a43750fdfc: 488b eb48 | ba08 d008 | 4ea4 0100 

  0x000001a43750fe08: ;   {runtime_call _new_instance_Java}
  0x000001a43750fe08: 0066 90e8 

  0x000001a43750fe0c: ; ImmutableOopMap {rbp=Oop [32]=Oop [40]=Oop [48]=Oop [64]=Oop [132]=NarrowOop }
                      ;*new {reexecute=0 rethrow=0 return_oop=1}
                      ; - java.util.HashSet::<init>@5 (line 107)
                      ; - net.runelite.client.plugins.gpu.SceneUploader::uploadZone@12 (line 111)
  0x000001a43750fe0c: 7034 63ff 

  0x000001a43750fe10: ;   {other}
  0x000001a43750fe10: 0f1f 8400 | 0047 0026 | 488b dd48 | 8b7c 2430 | 488b 7424 | 40e9 3ac1 | ffff 4889 | 7c24 3048 
  0x000001a43750fe30: ;   {metadata('java/util/HashSet')}
  0x000001a43750fe30: 8beb 48ba | e0e4 0d4e | a401 0000 

  0x000001a43750fe3c: ;   {runtime_call _new_instance_Java}
  0x000001a43750fe3c: 6666 90e8 

  0x000001a43750fe40: ; ImmutableOopMap {rbp=Oop [32]=Oop [40]=Oop [48]=Oop [132]=NarrowOop }
                      ;*new {reexecute=0 rethrow=0 return_oop=1}
                      ; - net.runelite.client.plugins.gpu.SceneUploader::uploadZone@8 (line 111)
  0x000001a43750fe40: 3c34 63ff 

  0x000001a43750fe44: ;   {other}
  0x000001a43750fe44: 0f1f 8400 | 3447 0027 | 488b dd48 | 8b7c 2430 | e9c0 c0ff | ff44 895c | 2428 498b 

  0x000001a43750fe60: ;   {metadata({type array int}[])}
  0x000001a43750fe60: e948 ba20 | 2800 4ea4 | 0100 0044 | 8b84 24c8 | 0000 004c | 8b94 2498 | 0000 004c | 8954 2448 
  0x000001a43750fe80: ;   {runtime_call _new_array_Java}
  0x000001a43750fe80: 6666 90e8 

  0x000001a43750fe84: ; ImmutableOopMap {rbp=Oop [32]=Oop [48]=Oop [64]=Oop [72]=Oop [152]=Oop [168]=Oop [176]=Oop }
                      ;*multianewarray {reexecute=1 rethrow=0 return_oop=1}
                      ; - (reexecute) net.runelite.client.plugins.gpu.SceneUploader::uploadZone@167 (line 131)
  0x000001a43750fe84: f830 63ff 

  0x000001a43750fe88: ;   {other}
  0x000001a43750fe88: 0f1f 8400 | 7847 0028 | 4c8b cd44 | 8b5c 2428 | 488b d8e9 | aac7 ffff | 4489 4c24 | 4848 8bac 
  0x000001a43750fea8: 2498 0000 

  0x000001a43750feac: ;   {metadata({type array int}[])}
  0x000001a43750feac: 0048 ba20 | 2800 4ea4 | 0100 0044 | 8b84 24c8 

  0x000001a43750febc: ;   {runtime_call _new_array_Java}
  0x000001a43750febc: 0000 00e8 

  0x000001a43750fec0: ; ImmutableOopMap {rbp=Oop [32]=Oop [40]=Oop [48]=Oop [64]=Oop [152]=Oop [168]=Oop [176]=Oop }
                      ;*multianewarray {reexecute=1 rethrow=0 return_oop=1}
                      ; - (reexecute) net.runelite.client.plugins.gpu.SceneUploader::uploadZone@183 (line 132)
  0x000001a43750fec0: bc30 63ff 

  0x000001a43750fec4: ;   {other}
  0x000001a43750fec4: 0f1f 8400 | b447 0029 | 4c8b 6c24 | 2844 8b4c | 2448 4c8b | c0e9 4ecd | ffff 4889 | 7424 5848 
  0x000001a43750fee4: 8954 2450 | 4889 5c24 | 4844 895c | 2428 498b 

  0x000001a43750fef4: ;   {metadata({type array int})}
  0x000001a43750fef4: e948 ba38 | 2600 4ea4 | 0100 0045 | 8bc3 4c8b | 9424 9800 | 0000 4c89 

  0x000001a43750ff0c: ;   {runtime_call _new_array_Java}
  0x000001a43750ff0c: 5424 60e8 

  0x000001a43750ff10: ; ImmutableOopMap {rbp=Oop [32]=Oop [48]=Oop [64]=Oop [72]=Oop [96]=Oop [152]=Oop [168]=Oop [176]=Oop }
                      ;*multianewarray {reexecute=1 rethrow=0 return_oop=1}
                      ; - (reexecute) net.runelite.client.plugins.gpu.SceneUploader::uploadZone@167 (line 131)
  0x000001a43750ff10: 6c30 63ff 

  0x000001a43750ff14: ;   {other}
  0x000001a43750ff14: 0f1f 8400 | 0448 002a | 4c8b cd44 | 8b5c 2428 | 488b 5c24 | 4848 8b54 | 2450 488b | 7424 584c 
  0x000001a43750ff34: 8be8 e902 | c8ff ff4c | 894c 2428 | 4489 5c24 | 4848 895c | 2450 4889 | 5424 5848 | 8974 2460 
  0x000001a43750ff54: 4c89 4424 | 6848 897c | 2470 4889 | 4424 7844 | 8b9c 2480 | 0000 0044 | 895c 244c 

  0x000001a43750ff70: ;   {metadata({type array int})}
  0x000001a43750ff70: 48ba 3826 | 004e a401 | 0000 448b 

  0x000001a43750ff7c: ;   {runtime_call _new_array_Java}
  0x000001a43750ff7c: 4424 48e8 

  0x000001a43750ff80: ; ImmutableOopMap {[32]=Oop [40]=Oop [48]=Oop [64]=Oop [76]=NarrowOop [80]=Oop [120]=Derived_oop_[80] [112]=Derived_oop_[80] [104]=Derived_oop_[80] [152]=Oop [168]=Oop [176]=Oop }
                      ;*multianewarray {reexecute=1 rethrow=0 return_oop=1}
                      ; - (reexecute) net.runelite.client.plugins.gpu.SceneUploader::uploadZone@167 (line 131)
  0x000001a43750ff80: fc2f 63ff 

  0x000001a43750ff84: ;   {other}
  0x000001a43750ff84: 0f1f 8400 | 7448 002b | 4c8b d844 | 8b44 244c | 4489 8424 | 8000 0000 | e915 c9ff 

  0x000001a43750ffa0: ;   {metadata({type array int})}
  0x000001a43750ffa0: ff48 ba38 | 2600 4ea4 | 0100 0045 | 8bc2 4c8b | 9424 9800 | 0000 4c89 

  0x000001a43750ffb8: ;   {runtime_call _new_array_Java}
  0x000001a43750ffb8: 5424 48e8 

  0x000001a43750ffbc: ; ImmutableOopMap {[32]=Oop [40]=Oop [48]=Oop [64]=Oop [72]=Oop [80]=Oop [104]=Derived_oop_[80] [128]=NarrowOop [152]=Oop [168]=Oop [176]=Oop }
                      ;*multianewarray {reexecute=1 rethrow=0 return_oop=1}
                      ; - (reexecute) net.runelite.client.plugins.gpu.SceneUploader::uploadZone@167 (line 131)
  0x000001a43750ffbc: c02f 63ff 

  0x000001a43750ffc0: ;   {other}
  0x000001a43750ffc0: 0f1f 8400 | b048 002c | 488b d8e9 | 55cb ffff | 448b 9c24 | 8000 0000 | 4489 5c24 

  0x000001a43750ffdc: ;   {metadata({type array int})}
  0x000001a43750ffdc: 4c48 ba38 | 2600 4ea4 | 0100 0044 | 8b44 2448 | 4c8b 9424 | 9800 0000 | 4c89 5424 

  0x000001a43750fff8: ;   {runtime_call _new_array_Java}
  0x000001a43750fff8: 7866 90e8 

  0x000001a43750fffc: ; ImmutableOopMap {[32]=Oop [40]=Oop [48]=Oop [64]=Oop [76]=NarrowOop [80]=Oop [112]=Derived_oop_[80] [104]=Derived_oop_[80] [120]=Oop [152]=Oop [168]=Oop [176]=Oop }
                      ;*multianewarray {reexecute=1 rethrow=0 return_oop=1}
                      ; - (reexecute) net.runelite.client.plugins.gpu.SceneUploader::uploadZone@167 (line 131)
  0x000001a43750fffc: 802f 63ff 

  0x000001a437510000: ;   {other}
  0x000001a437510000: 0f1f 8400 | f048 002d | 448b 5424 | 484c 8bc8 | 448b 5c24 | 4c44 899c | 2480 0000 | 00e9 d0c9 
  0x000001a437510020: ffff 448b | 9424 8000 | 0000 4489 | 9424 9000 

  0x000001a437510030: ;   {metadata({type array int})}
  0x000001a437510030: 0000 48ba | 3826 004e | a401 0000 | 448b 4424 | 484c 8b94 | 2498 0000 | 004c 8954 

  0x000001a43751004c: ;   {runtime_call _new_array_Java}
  0x000001a43751004c: 2448 90e8 

  0x000001a437510050: ; ImmutableOopMap {[32]=Oop [40]=Oop [48]=Oop [64]=Oop [72]=Oop [80]=Oop [112]=Derived_oop_[80] [104]=Derived_oop_[80] [144]=NarrowOop [152]=Oop [168]=Oop [176]=Oop }
                      ;*multianewarray {reexecute=1 rethrow=0 return_oop=1}
                      ; - (reexecute) net.runelite.client.plugins.gpu.SceneUploader::uploadZone@183 (line 132)
  0x000001a437510050: 2c2f 63ff 

  0x000001a437510054: ;   {other}
  0x000001a437510054: 0f1f 8400 | 4449 002e | 4c8b c044 | 8b9c 2490 | 0000 0044 | 899c 2480 | 0000 00e9 | 5ccf ffff 
  0x000001a437510074: 4889 5c24 | 6048 896c | 2458 4c89 | 4424 5044 | 894c 2448 | 4c89 6c24 | 2848 8bac | 2498 0000 
  0x000001a437510094: ;   {metadata({type array int})}
  0x000001a437510094: 0048 ba38 | 2600 4ea4 | 0100 0045 

  0x000001a4375100a0: ;   {runtime_call _new_array_Java}
  0x000001a4375100a0: 8bc1 90e8 

  0x000001a4375100a4: ; ImmutableOopMap {rbp=Oop [32]=Oop [40]=Oop [48]=Oop [64]=Oop [80]=Oop [152]=Oop [168]=Oop [176]=Oop }
                      ;*multianewarray {reexecute=1 rethrow=0 return_oop=1}
                      ; - (reexecute) net.runelite.client.plugins.gpu.SceneUploader::uploadZone@183 (line 132)
  0x000001a4375100a4: d82e 63ff 

  0x000001a4375100a8: ;   {other}
  0x000001a4375100a8: 0f1f 8400 | 9849 002f | 4c8b 6c24 | 2844 8b4c | 2448 4c8b | 4424 5048 | 8b6c 2458 | 488b 5c24 
  0x000001a4375100c8: 6048 8bf0 | e94c ccff | ff4c 896c | 2428 4489 | 4c24 484c | 8944 2450 | 4889 6c24 | 5848 895c 
  0x000001a4375100e8: 2460 4c89 | 5c24 6848 | 897c 2470 | 4889 5424 | 7844 8b94 | 2480 0000 | 0044 8954 

  0x000001a437510104: ;   {metadata({type array int})}
  0x000001a437510104: 244c 48ba | 3826 004e | a401 0000 | 448b 4424 | 4848 8b6c | 2420 4c8b | 9424 9800 | 0000 4c89 
  0x000001a437510124: 9424 8000 

  0x000001a437510128: ;   {runtime_call _new_array_Java}
  0x000001a437510128: 0000 90e8 

  0x000001a43751012c: ; ImmutableOopMap {rbp=Oop [32]=Oop [40]=Oop [48]=Oop [64]=Oop [76]=NarrowOop [80]=Oop [120]=Derived_oop_[80] [112]=Derived_oop_[80] [104]=Derived_oop_[80] [128]=Oop [152]=Oop [168]=Oop [176]=Oop }
                      ;*multianewarray {reexecute=1 rethrow=0 return_oop=1}
                      ; - (reexecute) net.runelite.client.plugins.gpu.SceneUploader::uploadZone@183 (line 132)
  0x000001a43751012c: 502e 63ff 

  0x000001a437510130: ;   {other}
  0x000001a437510130: 0f1f 8400 | 204a 0030 | 4c8b c044 | 8b5c 244c | 4489 9c24 | 8000 0000 | e94d cdff 

  0x000001a43751014c: ;   {metadata({type array int})}
  0x000001a43751014c: ff48 ba38 | 2600 4ea4 | 0100 0044 | 8bc5 488b | 6c24 204c | 8b94 2498 | 0000 004c | 8954 2448 
  0x000001a43751016c: ;   {runtime_call _new_array_Java}
  0x000001a43751016c: 6666 90e8 

  0x000001a437510170: ; ImmutableOopMap {rbp=Oop [32]=Oop [40]=Oop [48]=Oop [64]=Oop [72]=Oop [80]=Oop [104]=Derived_oop_[80] [128]=NarrowOop [152]=Oop [168]=Oop [176]=Oop }
                      ;*multianewarray {reexecute=1 rethrow=0 return_oop=1}
                      ; - (reexecute) net.runelite.client.plugins.gpu.SceneUploader::uploadZone@183 (line 132)
  0x000001a437510170: 0c2e 63ff 

  0x000001a437510174: ;   {other}
  0x000001a437510174: 0f1f 8400 | 644a 0031 | 488b d8e9 | 7ccf ffff | 4489 5424 | 4848 8beb 

  0x000001a43751018c: ;   {metadata({type array int}[])}
  0x000001a43751018c: 48ba 2028 | 004e a401 | 0000 448b | 8424 c800 

  0x000001a43751019c: ;   {runtime_call _new_array_Java}
  0x000001a43751019c: 0000 90e8 

  0x000001a4375101a0: ; ImmutableOopMap {rbp=Oop [32]=Oop [40]=Oop [48]=Oop [64]=Oop [168]=Oop [176]=Oop }
                      ;*multianewarray {reexecute=1 rethrow=0 return_oop=1}
                      ; - (reexecute) net.runelite.client.plugins.gpu.SceneUploader::uploadZone@199 (line 133)
  0x000001a4375101a0: dc2d 63ff 

  0x000001a4375101a4: ;   {other}
  0x000001a4375101a4: 0f1f 8400 | 944a 0032 | 488b dd4c | 8b44 2428 | 448b 5424 | 484c 8bc8 | e941 d0ff | ff4c 895c 
  0x000001a4375101c4: 2468 4889 | 5424 604c | 894c 2458 | 4489 5424 | 504c 8944 | 2448 4889 

  0x000001a4375101dc: ;   {metadata({type array int})}
  0x000001a4375101dc: 5c24 2848 | ba38 2600 | 4ea4 0100 | 0045 8bc2 | 488b 6c24 

  0x000001a4375101f0: ;   {runtime_call _new_array_Java}
  0x000001a4375101f0: 2066 90e8 

  0x000001a4375101f4: ; ImmutableOopMap {rbp=Oop [32]=Oop [40]=Oop [48]=Oop [64]=Oop [72]=Oop [88]=Oop [168]=Oop [176]=Oop }
                      ;*multianewarray {reexecute=1 rethrow=0 return_oop=1}
                      ; - (reexecute) net.runelite.client.plugins.gpu.SceneUploader::uploadZone@199 (line 133)
  0x000001a4375101f4: 882d 63ff 

  0x000001a4375101f8: ;   {other}
  0x000001a4375101f8: 0f1f 8400 | e84a 0033 | 488b f0e9 | 05d1 ffff 

  0x000001a437510208: ;   {metadata({type array int})}
  0x000001a437510208: 48ba 3826 | 004e a401 | 0000 448b 

  0x000001a437510214: ;   {runtime_call _new_array_Java}
  0x000001a437510214: 4424 50e8 

  0x000001a437510218: ; ImmutableOopMap {[32]=Oop [40]=Oop [48]=Oop [64]=Oop [72]=Oop [84]=NarrowOop [88]=Oop [120]=Derived_oop_[88] [112]=Derived_oop_[88] [168]=Oop [176]=Oop }
                      ;*multianewarray {reexecute=1 rethrow=0 return_oop=1}
                      ; - (reexecute) net.runelite.client.plugins.gpu.SceneUploader::uploadZone@199 (line 133)
  0x000001a437510218: 642d 63ff 

  0x000001a43751021c: ;   {other}
  0x000001a43751021c: 0f1f 8400 | 0c4b 0034 | 4c8b c0e9 | 98d3 ffff 

  0x000001a43751022c: ;   {metadata({type array int})}
  0x000001a43751022c: 48ba 3826 | 004e a401 | 0000 448b 

  0x000001a437510238: ;   {runtime_call _new_array_Java}
  0x000001a437510238: 4424 50e8 

  0x000001a43751023c: ; ImmutableOopMap {[32]=Oop [40]=Oop [48]=Oop [64]=Oop [72]=Oop [84]=NarrowOop [88]=Oop [112]=Derived_oop_[88] [168]=Oop [176]=Oop }
                      ;*multianewarray {reexecute=1 rethrow=0 return_oop=1}
                      ; - (reexecute) net.runelite.client.plugins.gpu.SceneUploader::uploadZone@199 (line 133)
  0x000001a43751023c: 402d 63ff 

  0x000001a437510240: ;   {other}
  0x000001a437510240: 0f1f 8400 | 304b 0035 | 4c8b c0e9 | add4 ffff 

  0x000001a437510250: ;   {metadata({type array int})}
  0x000001a437510250: 48ba 3826 | 004e a401 | 0000 448b 

  0x000001a43751025c: ;   {runtime_call _new_array_Java}
  0x000001a43751025c: 4424 50e8 

  0x000001a437510260: ; ImmutableOopMap {[32]=Oop [40]=Oop [48]=Oop [64]=Oop [72]=Oop [84]=NarrowOop [88]=Oop [128]=Derived_oop_[88] [120]=Derived_oop_[88] [112]=Derived_oop_[88] [168]=Oop [176]=Oop }
                      ;*multianewarray {reexecute=1 rethrow=0 return_oop=1}
                      ; - (reexecute) net.runelite.client.plugins.gpu.SceneUploader::uploadZone@199 (line 133)
  0x000001a437510260: 1c2d 63ff 

  0x000001a437510264: ;   {other}
  0x000001a437510264: 0f1f 8400 | 544b 0036 | 4c8b c0e9 | 0fd2 ffff | 4889 5424 | 4844 896c | 2434 8974 | 2430 4889 
  0x000001a437510284: 5c24 284c | 895c 2420 

  0x000001a43751028c: ;   {metadata({type array int})}
  0x000001a43751028c: 48ba 3826 | 004e a401 | 0000 448b 

  0x000001a437510298: ;   {runtime_call _new_array_Java}
  0x000001a437510298: c666 90e8 

  0x000001a43751029c: ; ImmutableOopMap {[32]=Oop [40]=Oop [64]=Oop [72]=Oop [80]=NarrowOop }
                      ;*newarray {reexecute=0 rethrow=0 return_oop=1}
                      ; - net.runelite.client.plugins.gpushared.GpuPluginShared::lambda$startUp$0@70 (line 307)
                      ; - net.runelite.client.plugins.gpushared.GpuPluginShared$$Lambda/0x000001a44f71e708::onZoneUploaded@9
                      ; - net.runelite.client.plugins.gpu.SceneUploader::uploadZone@386 (line 161)
  0x000001a43751029c: e02c 63ff 

  0x000001a4375102a0: ;   {other}
  0x000001a4375102a0: 0f1f 8400 | 904b 0037 | 4c8b 5c24 | 2048 8b5c | 2428 8b74 | 2430 448b | 6c24 3448 | 8b54 2448 
  0x000001a4375102c0: 4c8b d0e9 | 0ed8 ffff 

  0x000001a4375102c8: ;   {metadata('java/nio/DirectByteBuffer')}
  0x000001a4375102c8: 48ba b00e | 1c4e a401 | 0000 488b 

  0x000001a4375102d4: ;   {runtime_call _new_instance_Java}
  0x000001a4375102d4: 6c24 20e8 

  0x000001a4375102d8: ; ImmutableOopMap {rbp=Oop [48]=Oop [88]=Derived_oop_[48] [64]=Oop [96]=Oop [108]=NarrowOop [184]=Oop }
                      ;*new {reexecute=0 rethrow=0 return_oop=1}
                      ; - java.nio.DirectByteBuffer::duplicate@0 (line 284)
                      ; - java.nio.DirectByteBuffer::duplicate@1 (line 42)
                      ; - net.runelite.client.plugins.gpushared.shim.SceneGraphBridge::sendZone@122 (line 154)
                      ; - net.runelite.client.plugins.gpushared.GpuPluginShared::lambda$startUp$0@155 (line 321)
                      ; - net.runelite.client.plugins.gpushared.GpuPluginShared$$Lambda/0x000001a44f71e708::onZoneUploaded@9
                      ; - net.runelite.client.plugins.gpu.SceneUploader::uploadZone@386 (line 161)
  0x000001a4375102d8: a42f 63ff 

  0x000001a4375102dc: ;   {other}
  0x000001a4375102dc: 0f1f 8400 | cc4b 0038 | 488b d8e9 | b4de ffff 

  0x000001a4375102ec: ;   {metadata('java/nio/HeapCharBuffer')}
  0x000001a4375102ec: 48ba a828 | 264e a401 

  0x000001a4375102f4: ;   {runtime_call _new_instance_Java}
  0x000001a4375102f4: 0000 90e8 

  0x000001a4375102f8: ; ImmutableOopMap {rbp=Oop [32]=Oop [40]=NarrowOop [44]=NarrowOop [48]=Oop [56]=Oop [64]=Oop [76]=NarrowOop [80]=NarrowOop [88]=Oop [96]=Oop }
                      ;*new {reexecute=0 rethrow=0 return_oop=1}
                      ; - java.nio.CharBuffer::wrap@0 (line 436)
                      ; - sun.nio.cs.StreamEncoder::implWrite@3 (line 356)
                      ; - sun.nio.cs.StreamEncoder::lockedWrite@49 (line 158)
                      ; - sun.nio.cs.StreamEncoder::write@30 (line 139)
                      ; - java.io.OutputStreamWriter::write@7 (line 219)
                      ; - java.io.BufferedWriter::implFlushBuffer@25 (line 178)
                      ; - java.io.BufferedWriter::flushBuffer@22 (line 163)
                      ; - java.io.PrintStream::implWriteln@23 (line 848)
                      ; - java.io.PrintStream::writeln@16 (line 826)
                      ; - java.io.PrintStream::println@14 (line 1168)
                      ; - net.runelite.client.plugins.gpushared.GpuPluginShared::lambda$startUp$0@164 (line 322)
                      ; - net.runelite.client.plugins.gpushared.GpuPluginShared$$Lambda/0x000001a44f71e708::onZoneUploaded@9
                      ; - net.runelite.client.plugins.gpu.SceneUploader::uploadZone@386 (line 161)
  0x000001a4375102f8: 842f 63ff 

  0x000001a4375102fc: ;   {other}
  0x000001a4375102fc: 0f1f 8400 | ec4b 0039 | e9c5 e5ff | ff89 5424 | 7848 8944 | 2470 4c89 | 4424 6889 | 7c24 5c48 
  0x000001a43751031c: 8974 2460 | 895c 2458 | 4489 4c24 | 5444 8b9c | 2484 0000 | 0044 895c 

  0x000001a437510334: ;   {metadata('net/runelite/client/plugins/gpu/GpuIntBuffer')}
  0x000001a437510334: 2450 48ba | 0000 444f | a401 0000 

  0x000001a437510340: ;   {runtime_call _new_instance_Java}
  0x000001a437510340: 6666 90e8 

  0x000001a437510344: ; ImmutableOopMap {[32]=Oop [40]=Oop [48]=Oop [64]=Oop [72]=Oop [80]=NarrowOop [84]=NarrowOop [96]=Oop [132]=NarrowOop }
                      ;*new {reexecute=0 rethrow=0 return_oop=1}
                      ; - net.runelite.client.plugins.gpu.SceneUploader::uploadZone@24 (line 113)
  0x000001a437510344: 382f 63ff 

  0x000001a437510348: ;   {other}
  0x000001a437510348: 0f1f 8400 | 384c 003a | 4c8b e844 | 8b4c 2454 | 8b5c 2458 | 488b 7424 | 608b 7c24 | 5c4c 8b44 
  0x000001a437510368: 2468 488b | 4424 708b | 5424 78e9 | e0bc ffff | bade ffff | ff44 8b44 | 2438 4489 | 4424 2044 
  0x000001a437510388: 8b5c 243c | 4489 5c24 | 244c 8b5c | 2430 4c89 | 5c24 2844 | 8b44 2448 | 4489 4424 | 3044 8954 
  0x000001a4375103a8: ;   {runtime_call UncommonTrapBlob}
  0x000001a4375103a8: 2448 90e8 

  0x000001a4375103ac: ; ImmutableOopMap {rbp=NarrowOop [40]=Oop [72]=NarrowOop [184]=Oop }
                      ;*invokevirtual getInt {reexecute=0 rethrow=0 return_oop=0}
                      ; - net.runelite.client.plugins.gpushared.shim.SceneGraphBridge::isFull@8 (line 105)
                      ; - net.runelite.client.plugins.gpushared.shim.SceneGraphBridge::waitForSpace@1 (line 113)
                      ; - net.runelite.client.plugins.gpushared.shim.SceneGraphBridge::sendZone@14 (line 142)
                      ; - net.runelite.client.plugins.gpushared.GpuPluginShared::lambda$startUp$0@155 (line 321)
                      ; - net.runelite.client.plugins.gpushared.GpuPluginShared$$Lambda/0x000001a44f71e708::onZoneUploaded@9
                      ; - net.runelite.client.plugins.gpu.SceneUploader::uploadZone@386 (line 161)
  0x000001a4375103ac: 5042 60ff 

  0x000001a4375103b0: ;   {other}
  0x000001a4375103b0: 0f1f 8400 | a04c 003b | bacc ffff | ff44 8b54 | 2438 4489 | 5424 2044 | 8b44 243c | 4489 4424 
  0x000001a4375103d0: 244c 8b54 | 2430 4c89 | 5424 2844 | 8b54 2448 | 4489 5424 | 3044 8b54 | 244c 4489 | 5424 344c 
  0x000001a4375103f0: 894c 2450 | 4c89 4c24 | 5844 895c 

  0x000001a4375103fc: ;   {runtime_call UncommonTrapBlob}
  0x000001a4375103fc: 2460 90e8 

  0x000001a437510400: ; ImmutableOopMap {rbp=NarrowOop [40]=Oop [80]=Oop [88]=Oop [184]=Oop }
                      ;*invokestatic checkIndex {reexecute=0 rethrow=0 return_oop=0}
                      ; - java.nio.Buffer::checkIndex@12 (line 779)
                      ; - java.nio.DirectByteBuffer::getInt@5 (line 761)
                      ; - net.runelite.client.plugins.gpushared.shim.SceneGraphBridge::isFull@8 (line 105)
                      ; - net.runelite.client.plugins.gpushared.shim.SceneGraphBridge::waitForSpace@1 (line 113)
                      ; - net.runelite.client.plugins.gpushared.shim.SceneGraphBridge::sendZone@14 (line 142)
                      ; - net.runelite.client.plugins.gpushared.GpuPluginShared::lambda$startUp$0@155 (line 321)
                      ; - net.runelite.client.plugins.gpushared.GpuPluginShared$$Lambda/0x000001a44f71e708::onZoneUploaded@9
                      ; - net.runelite.client.plugins.gpu.SceneUploader::uploadZone@386 (line 161)
  0x000001a437510400: fc41 60ff 

  0x000001a437510404: ;   {other}
  0x000001a437510404: 0f1f 8400 | f44c 003c | bae4 ffff | ff44 8b44 | 2438 4489 | 4424 2044 | 8b54 243c | 4489 5424 
  0x000001a437510424: 244c 8b54 | 2430 4c89 | 5424 2844 | 8b44 2448 | 4489 4424 | 3044 8b44 | 244c 4489 | 4424 344c 
  0x000001a437510444: 894c 2450 | 4c89 4c24 | 5844 895c 

  0x000001a437510450: ;   {runtime_call UncommonTrapBlob}
  0x000001a437510450: 2460 90e8 

  0x000001a437510454: ; ImmutableOopMap {rbp=NarrowOop [40]=Oop [80]=Oop [88]=Oop [184]=Oop }
                      ;*invokestatic checkIndex {reexecute=0 rethrow=0 return_oop=0}
                      ; - java.nio.Buffer::checkIndex@12 (line 779)
                      ; - java.nio.DirectByteBuffer::getInt@5 (line 761)
                      ; - net.runelite.client.plugins.gpushared.shim.SceneGraphBridge::isFull@8 (line 105)
                      ; - net.runelite.client.plugins.gpushared.shim.SceneGraphBridge::waitForSpace@1 (line 113)
                      ; - net.runelite.client.plugins.gpushared.shim.SceneGraphBridge::sendZone@14 (line 142)
                      ; - net.runelite.client.plugins.gpushared.GpuPluginShared::lambda$startUp$0@155 (line 321)
                      ; - net.runelite.client.plugins.gpushared.GpuPluginShared$$Lambda/0x000001a44f71e708::onZoneUploaded@9
                      ; - net.runelite.client.plugins.gpu.SceneUploader::uploadZone@386 (line 161)
  0x000001a437510454: a841 60ff 

  0x000001a437510458: ;   {other}
  0x000001a437510458: 0f1f 8400 | 484d 003d | 443b d30f | 8f8f 1d00 | 0044 8957 | 0ce9 95d9 | ffff 33db | 448b 8424 
  0x000001a437510478: 8400 0000 | eb16 33db | 448b 8424 | 8400 0000 | eb0a 33db | 448b 8424 | 8400 0000 | ba76 ffff 
  0x000001a437510498: ff48 8b6c | 2420 4c8b | 5424 304c | 8954 2420 | 448b 5c24 | 3844 895c | 2430 448b | 5424 3c44 
  0x000001a4375104b8: 8954 2434 | 4489 4424 | 384c 8b54 | 2448 4c89 | 5424 4044 | 894c 243c | 895c 2458 

  0x000001a4375104d4: ;   {runtime_call UncommonTrapBlob}
  0x000001a4375104d4: 6666 90e8 

  0x000001a4375104d8: ; ImmutableOopMap {rbp=Oop [32]=Oop [56]=NarrowOop [64]=Oop [152]=Oop [168]=Oop [176]=Oop }
                      ;*if_icmpge {reexecute=1 rethrow=0 return_oop=0}
                      ; - (reexecute) net.runelite.client.plugins.gpu.SceneUploader::uploadZone@97 (line 120)
  0x000001a4375104d8: 2441 60ff 

  0x000001a4375104dc: ;   {other}
  0x000001a4375104dc: 0f1f 8400 | cc4d 003e | 4983 c304 | ba45 ffff | ff8b 4c24 | 3889 4c24 | 2044 8b54 | 243c 4489 
  0x000001a4375104fc: 5424 244c | 8b54 2430 | 4c89 5424 | 2844 8b54 | 2448 4489 | 5424 3044 | 8b54 244c | 4489 5424 
  0x000001a43751051c: 344c 894c | 2450 4c89 | 5c24 584c | 894c 2460 | 4489 4424 

  0x000001a437510530: ;   {runtime_call UncommonTrapBlob}
  0x000001a437510530: 6866 90e8 

  0x000001a437510534: ; ImmutableOopMap {rbp=NarrowOop [40]=Oop [80]=Oop [96]=Oop [104]=NarrowOop [184]=Oop }
                      ;*ifnull {reexecute=1 rethrow=0 return_oop=0}
                      ; - (reexecute) java.nio.Buffer::session@4 (line 792)
                      ; - java.nio.DirectByteBuffer::getInt@4 (line 744)
                      ; - java.nio.DirectByteBuffer::getInt@11 (line 761)
                      ; - net.runelite.client.plugins.gpushared.shim.SceneGraphBridge::isFull@8 (line 105)
                      ; - net.runelite.client.plugins.gpushared.shim.SceneGraphBridge::waitForSpace@1 (line 113)
                      ; - net.runelite.client.plugins.gpushared.shim.SceneGraphBridge::sendZone@14 (line 142)
                      ; - net.runelite.client.plugins.gpushared.GpuPluginShared::lambda$startUp$0@155 (line 321)
                      ; - net.runelite.client.plugins.gpushared.GpuPluginShared$$Lambda/0x000001a44f71e708::onZoneUploaded@9
                      ; - net.runelite.client.plugins.gpu.SceneUploader::uploadZone@386 (line 161)
  0x000001a437510534: c840 60ff 

  0x000001a437510538: ;   {other}
  0x000001a437510538: 0f1f 8400 | 284e 003f | c743 0cff | ffff ffe9 | 1cdd ffff | c746 0cff | ffff ffe9 | 16de ffff 
  0x000001a437510558: 4489 6c24 | 4c48 895c 

  0x000001a437510560: ;   {metadata({type array int})}
  0x000001a437510560: 2428 48ba | 3826 004e | a401 0000 

  0x000001a43751056c: ;   {runtime_call _new_array_Java}
  0x000001a43751056c: 458b c5e8 

  0x000001a437510570: ; ImmutableOopMap {[32]=Oop [40]=Oop [48]=Oop [88]=Derived_oop_[48] [64]=Oop [80]=NarrowOop }
                      ;*newarray {reexecute=0 rethrow=0 return_oop=1}
                      ; - net.runelite.client.plugins.gpushared.GpuPluginShared::lambda$startUp$0@113 (line 315)
                      ; - net.runelite.client.plugins.gpushared.GpuPluginShared$$Lambda/0x000001a44f71e708::onZoneUploaded@9
                      ; - net.runelite.client.plugins.gpu.SceneUploader::uploadZone@386 (line 161)
  0x000001a437510570: 0c2a 63ff 

  0x000001a437510574: ;   {other}
  0x000001a437510574: 0f1f 8400 | 644e 0040 | 488b 5c24 | 2844 8b4c | 244c 4c8b | d8e9 33d7 | ffff 4489 | 5424 2c4c 
  0x000001a437510594: 895c 2460 | 4489 4c24 | 2848 8beb 

  0x000001a4375105a0: ;   {metadata('java/nio/DirectIntBufferU')}
  0x000001a4375105a0: 48ba 885f | 264e a401 

  0x000001a4375105a8: ;   {runtime_call _new_instance_Java}
  0x000001a4375105a8: 0000 90e8 

  0x000001a4375105ac: ; ImmutableOopMap {rbp=Oop [32]=Oop [48]=Oop [88]=Derived_oop_[48] [64]=Oop [80]=NarrowOop [96]=Oop }
                      ;*new {reexecute=0 rethrow=0 return_oop=1}
                      ; - java.nio.DirectIntBufferU::duplicate@0 (line 284)
                      ; - net.runelite.client.plugins.gpushared.GpuPluginShared::lambda$startUp$0@119 (line 316)
                      ; - net.runelite.client.plugins.gpushared.GpuPluginShared$$Lambda/0x000001a44f71e708::onZoneUploaded@9
                      ; - net.runelite.client.plugins.gpu.SceneUploader::uploadZone@386 (line 161)
  0x000001a4375105ac: d02c 63ff 

  0x000001a4375105b0: ;   {other}
  0x000001a4375105b0: 0f1f 8400 | a04e 0041 | 488b dd44 | 8b4c 2428 | 4c8b 5c24 | 6044 8b54 | 242c 488b | f8e9 4ad7 
  0x000001a4375105d0: ffff 4489 | 9c24 8000 | 0000 8954 | 246c 4889 | 4424 784c | 8944 2470 | 897c 2468 | 4889 7424 
  0x000001a4375105f0: 6089 5c24 | 5c44 8b9c | 2484 0000 | 0044 895c 

  0x000001a437510600: ;   {metadata('net/runelite/client/plugins/gpu/GpuIntBuffer')}
  0x000001a437510600: 2458 48ba | 0000 444f | a401 0000 

  0x000001a43751060c: ;   {runtime_call _new_instance_Java}
  0x000001a43751060c: 6666 90e8 

  0x000001a437510610: ; ImmutableOopMap {[32]=Oop [40]=Oop [48]=Oop [64]=Oop [72]=Oop [80]=Oop [88]=NarrowOop [96]=Oop [128]=NarrowOop [132]=NarrowOop }
                      ;*new {reexecute=0 rethrow=0 return_oop=1}
                      ; - net.runelite.client.plugins.gpu.SceneUploader::uploadZone@51 (line 114)
  0x000001a437510610: 6c2c 63ff 

  0x000001a437510614: ;   {other}
  0x000001a437510614: 0f1f 8400 | 044f 0042 | 4c8b e88b | 5c24 5c48 | 8b74 2460 | 8b7c 2468 | 4c8b 4424 | 7048 8b44 
  0x000001a437510634: 2478 8b54 | 246c 448b | 9c24 8000 | 0000 e9a4 | baff ff33 | db44 8b84 | 24c8 0000 | 00eb 4933 
  0x000001a437510654: db45 33c0 | eb42 33db | 4533 c0eb | 0a33 db44 | 8b84 24c8 | 0000 0041 | 83c0 02eb | 1133 db45 
  0x000001a437510674: 33c0 eb0a | 33db 448b | 8424 c800 | 0000 41ff | c0eb 1533 | db45 33c0 | eb0a 33db | 448b 8424 
  0x000001a437510694: c800 0000 | 4183 c002 | ba45 ffff | ff48 8b6c | 2420 4c8b | 5424 304c | 8954 2420 | 448b 5424 
  0x000001a4375106b4: 3844 8954 | 2430 448b | 5424 3c44 | 8954 2434 | 4c8b 5424 | 484c 8954 | 2440 4489 | 4c24 3c89 
  0x000001a4375106d4: 5c24 5844 | 895c 2460 | 4489 4424 

  0x000001a4375106e0: ;   {runtime_call UncommonTrapBlob}
  0x000001a4375106e0: 6466 90e8 

  0x000001a4375106e4: ; ImmutableOopMap {rbp=Oop [32]=Oop [64]=Oop [132]=NarrowOop [152]=Oop [168]=Oop [176]=Oop }
                      ;*ifle {reexecute=1 rethrow=0 return_oop=0}
                      ; - (reexecute) net.runelite.client.plugins.gpu.SceneUploader::uploadZone@124 (line 123)
  0x000001a4375106e4: 183f 60ff 

  0x000001a4375106e8: ;   {other}
  0x000001a4375106e8: 0f1f 8400 | d84f 0043 | 448b 8424 | 8400 0000 | e997 fdff | ffc7 470c | ffff ffff | e9ed d6ff 
  0x000001a437510708: ff33 dbe9 | 84fd ffff | 33db e97d | fdff ff41 | 8bdb e92c | bdff ffba | e4ff ffff | 4c8b 5c24 
  0x000001a437510728: 304c 895c | 2428 4889 | 5c24 304c | 8b5c 2448 | 4c89 5c24 | 4044 8944 | 245c 4489 

  0x000001a437510744: ;   {runtime_call UncommonTrapBlob}
  0x000001a437510744: 5424 60e8 

  0x000001a437510748: ; ImmutableOopMap {rbp=NarrowOop [32]=Oop [40]=Oop [48]=Oop [64]=Oop [168]=Oop [176]=Oop }
                      ;*iastore {reexecute=0 rethrow=0 return_oop=0}
                      ; - net.runelite.client.plugins.gpu.SceneUploader::uploadZone@361 (line 155)
  0x000001a437510748: b43e 60ff 

  0x000001a43751074c: ;   {other}
  0x000001a43751074c: 0f1f 8400 | 3c50 0044 | 448b c547 | 8b54 c424 | 4585 d20f | 8488 e6ff | ff4d 8b5f | 2849 8bca 
  0x000001a43751076c: 48c1 e103 | 4d85 db0f | 847f 1900 | 004d 8b57 | 384b 894c | 1af8 4983 | c3f8 4d89 | 5f28 e95e 
  0x000001a43751078c: e6ff ff4d | 8b57 584d | 8b5f 48f0 | 8344 24c0 | 0041 8039 | 000f 848a | e6ff ff45 | 8821 4d85 
  0x000001a4375107ac: db75 2c48 | 8bdf 418b | f849 8bc9 | 498b d749 | ba00 6b16 | 4bff 7f00 | 0041 ffd2 

  0x000001a4375107c8: ;   {other}
  0x000001a4375107c8: 0f1f 8400 | 0000 0000 | 448b c748 | 8bfb e956 | e6ff ff4f | 894c 1af8 | 4983 c3f8 | 4d89 5f48 
  0x000001a4375107e8: e944 e6ff | ff4c 8b5c | 2458 4c89 | 5c24 60e9 | 49c2 ffff | 4c8b d2e9 | a9bf ffff | 4c8b 5c24 
  0x000001a437510808: 58e9 08c1 | ffff 4c8b | d2e9 4abe | ffff 4c8b | 5424 584c | 8954 2460 | e9fd c7ff | ff4c 8bd5 
  0x000001a437510828: e915 c4ff | ff4c 8b54 | 2458 e9be | c6ff ff4c | 8bd5 e957 | c5ff ff4c | 8b54 2460 | 4c89 5424 
  0x000001a437510848: 68e9 cecd | ffff 4c8b | 5424 60e9 | 8bcc ffff | 488b cae9 | b8c9 ffff | 4c8b 5424 | 60e9 38cb 
  0x000001a437510868: ffff baf6 | ffff ff8b 

  0x000001a437510870: ;   {runtime_call UncommonTrapBlob}
  0x000001a437510870: 6c24 38e8 

  0x000001a437510874: ; ImmutableOopMap {[168]=Oop [176]=Oop }
                      ;*invokevirtual lambda$startUp$0 {reexecute=0 rethrow=0 return_oop=0}
                      ; - net.runelite.client.plugins.gpushared.GpuPluginShared$$Lambda/0x000001a44f71e708::onZoneUploaded@9
                      ; - net.runelite.client.plugins.gpu.SceneUploader::uploadZone@386 (line 161)
  0x000001a437510874: 883d 60ff 

  0x000001a437510878: ;   {other}
  0x000001a437510878: 0f1f 8400 | 6851 0045 | bade ffff | ff48 8b6c | 2420 4c89 | 4c24 2089 | 7c24 2889 | 7424 2c4c 
  0x000001a437510898: 8944 2438 

  0x000001a43751089c: ;   {runtime_call UncommonTrapBlob}
  0x000001a43751089c: 6666 90e8 

  0x000001a4375108a0: ; ImmutableOopMap {rbp=Oop [32]=Oop [56]=Oop }
                      ;*invokeinterface getRoofs {reexecute=0 rethrow=0 return_oop=0}
                      ; - net.runelite.client.plugins.gpu.SceneUploader::uploadZone@1 (line 110)
  0x000001a4375108a0: 5c3d 60ff 

  0x000001a4375108a4: ;   {other}
  0x000001a4375108a4: 0f1f 8400 | 9451 0046 | bade ffff 

  0x000001a4375108b0: ;   {runtime_call UncommonTrapBlob}
  0x000001a4375108b0: ff66 90e8 

  0x000001a4375108b4: ; ImmutableOopMap {rbp=NarrowOop [168]=Oop [176]=Oop }
                      ;*invokeinterface onZoneUploaded {reexecute=0 rethrow=0 return_oop=0}
                      ; - net.runelite.client.plugins.gpu.SceneUploader::uploadZone@386 (line 161)
  0x000001a4375108b4: 483d 60ff 

  0x000001a4375108b8: ;   {other}
  0x000001a4375108b8: 0f1f 8400 | a851 0047 | baf6 ffff | ff8b 6c24 | 284c 8b54 | 2438 4c89 | 5424 3044 | 8b5c 242c 
  0x000001a4375108d8: 4489 5c24 | 2444 8b54 | 2448 4489 

  0x000001a4375108e4: ;   {runtime_call UncommonTrapBlob}
  0x000001a4375108e4: 5424 38e8 

  0x000001a4375108e8: ; ImmutableOopMap {rbp=NarrowOop [36]=NarrowOop [48]=Oop [56]=NarrowOop [76]=NarrowOop [88]=Oop [96]=Oop [104]=NarrowOop }
                      ;*invokevirtual isOverflow {reexecute=0 rethrow=0 return_oop=0}
                      ; - java.nio.charset.CharsetEncoder::encode@79 (line 591)
                      ; - sun.nio.cs.StreamEncoder::implWrite@38 (line 370)
                      ; - sun.nio.cs.StreamEncoder::implWrite@11 (line 357)
                      ; - sun.nio.cs.StreamEncoder::lockedWrite@49 (line 158)
                      ; - sun.nio.cs.StreamEncoder::write@30 (line 139)
                      ; - java.io.OutputStreamWriter::write@7 (line 219)
                      ; - java.io.BufferedWriter::implFlushBuffer@25 (line 178)
                      ; - java.io.BufferedWriter::flushBuffer@22 (line 163)
                      ; - java.io.PrintStream::implWriteln@23 (line 848)
                      ; - java.io.PrintStream::writeln@16 (line 826)
                      ; - java.io.PrintStream::println@14 (line 1168)
                      ; - net.runelite.client.plugins.gpushared.GpuPluginShared::lambda$startUp$0@164 (line 322)
                      ; - net.runelite.client.plugins.gpushared.GpuPluginShared$$Lambda/0x000001a44f71e708::onZoneUploaded@9
                      ; - net.runelite.client.plugins.gpu.SceneUploader::uploadZone@386 (line 161)
  0x000001a4375108e8: 143d 60ff 

  0x000001a4375108ec: ;   {other}
  0x000001a4375108ec: 0f1f 8400 | dc51 0048 | 4c63 c6e9 | f6d0 ffff | bae4 ffff | ff44 8b5c | 2438 4489 | 5c24 2444 
  0x000001a43751090c: 8b54 243c | 4489 5424 | 2844 8b54 | 2450 4489 | 5424 4044 | 894c 2444 | 4c8b 5424 | 604c 8954 
  0x000001a43751092c: ;   {runtime_call UncommonTrapBlob}
  0x000001a43751092c: 2450 90e8 

  0x000001a437510930: ; ImmutableOopMap {[48]=Oop [80]=Oop [96]=Oop [108]=NarrowOop [184]=Oop }
                      ;*invokestatic checkIndex {reexecute=0 rethrow=0 return_oop=0}
                      ; - java.nio.Buffer::checkIndex@8 (line 768)
                      ; - java.nio.DirectByteBuffer::put@11 (line 375)
                      ; - net.runelite.client.plugins.gpushared.shim.SceneGraphBridge::sendZone@57 (line 148)
                      ; - net.runelite.client.plugins.gpushared.GpuPluginShared::lambda$startUp$0@155 (line 321)
                      ; - net.runelite.client.plugins.gpushared.GpuPluginShared$$Lambda/0x000001a44f71e708::onZoneUploaded@9
                      ; - net.runelite.client.plugins.gpu.SceneUploader::uploadZone@386 (line 161)
  0x000001a437510930: cc3c 60ff 

  0x000001a437510934: ;   {other}
  0x000001a437510934: 0f1f 8400 | 2452 0049 | bae4 ffff | ff44 8b54 | 243c 4489 | 5424 204c | 8b54 2430 | 4c89 5424 
  0x000001a437510954: 2844 8b44 | 2438 4489 | 4424 2444 | 8b44 2450 | 4489 4424 | 3c44 8b54 | 244c 4489 | 5424 404c 
  0x000001a437510974: 8b54 2460 | 4c89 5424 | 504c 8954 | 2458 4489 | 5c24 4444 | 894c 2460 

  0x000001a43751098c: ;   {runtime_call UncommonTrapBlob}
  0x000001a43751098c: 6666 90e8 

  0x000001a437510990: ; ImmutableOopMap {[40]=Oop [80]=Oop [88]=Oop [108]=NarrowOop [184]=Oop }
                      ;*invokestatic checkIndex {reexecute=0 rethrow=0 return_oop=0}
                      ; - java.nio.Buffer::checkIndex@12 (line 779)
                      ; - java.nio.DirectByteBuffer::putInt@5 (line 794)
                      ; - net.runelite.client.plugins.gpushared.shim.SceneGraphBridge::sendZone@70 (line 149)
                      ; - net.runelite.client.plugins.gpushared.GpuPluginShared::lambda$startUp$0@155 (line 321)
                      ; - net.runelite.client.plugins.gpushared.GpuPluginShared$$Lambda/0x000001a44f71e708::onZoneUploaded@9
                      ; - net.runelite.client.plugins.gpu.SceneUploader::uploadZone@386 (line 161)
  0x000001a437510990: 6c3c 60ff 

  0x000001a437510994: ;   {other}
  0x000001a437510994: 0f1f 8400 | 8452 004a | 448b 5424 | 6841 83c2 | 18ba e4ff | ffff 4c8b | 5c24 304c | 895c 2420 
  0x000001a4375109b4: 448b 5c24 | 3c44 895c | 2430 448b | 5c24 5044 | 895c 2438 | 448b 4424 | 4c44 8944 | 243c 4c8b 
  0x000001a4375109d4: 5c24 604c | 895c 2448 | 4c89 5c24 | 5044 8954 | 2458 4489 

  0x000001a4375109e8: ;   {runtime_call UncommonTrapBlob}
  0x000001a4375109e8: 4c24 5ce8 

  0x000001a4375109ec: ; ImmutableOopMap {[32]=Oop [72]=Oop [80]=Oop [108]=NarrowOop [184]=Oop }
                      ;*invokestatic checkIndex {reexecute=0 rethrow=0 return_oop=0}
                      ; - java.nio.Buffer::checkIndex@12 (line 779)
                      ; - java.nio.DirectByteBuffer::putInt@5 (line 794)
                      ; - net.runelite.client.plugins.gpushared.shim.SceneGraphBridge::sendZone@84 (line 150)
                      ; - net.runelite.client.plugins.gpushared.GpuPluginShared::lambda$startUp$0@155 (line 321)
                      ; - net.runelite.client.plugins.gpushared.GpuPluginShared$$Lambda/0x000001a44f71e708::onZoneUploaded@9
                      ; - net.runelite.client.plugins.gpu.SceneUploader::uploadZone@386 (line 161)
  0x000001a4375109ec: 103c 60ff 

  0x000001a4375109f0: ;   {other}
  0x000001a4375109f0: 0f1f 8400 | e052 004b | bae4 ffff | ff89 4c24 | 284c 8954 | 2430 4c89 

  0x000001a437510a08: ;   {runtime_call UncommonTrapBlob}
  0x000001a437510a08: 5424 38e8 

  0x000001a437510a0c: ; ImmutableOopMap {[48]=Oop [56]=Oop }
                      ;*invokestatic checkIndex {reexecute=0 rethrow=0 return_oop=0}
                      ; - java.nio.Buffer::checkIndex@12 (line 779)
                      ; - java.nio.DirectByteBuffer::putInt@5 (line 794)
                      ; - net.runelite.client.plugins.gpushared.shim.SceneGraphBridge::commitSlot@22 (line 129)
                      ; - net.runelite.client.plugins.gpushared.shim.SceneGraphBridge::sendZone@183 (line 163)
                      ; - net.runelite.client.plugins.gpushared.GpuPluginShared::lambda$startUp$0@155 (line 321)
                      ; - net.runelite.client.plugins.gpushared.GpuPluginShared$$Lambda/0x000001a44f71e708::onZoneUploaded@9
                      ; - net.runelite.client.plugins.gpu.SceneUploader::uploadZone@386 (line 161)
  0x000001a437510a0c: f03b 60ff 

  0x000001a437510a10: ;   {other}
  0x000001a437510a10: 0f1f 8400 | 0053 004c | baf6 ffff | ff41 8bea 

  0x000001a437510a20: ;   {runtime_call UncommonTrapBlob}
  0x000001a437510a20: 6666 90e8 

  0x000001a437510a24: ; ImmutableOopMap {rbp=NarrowOop }
                      ;*invokevirtual lock {reexecute=0 rethrow=0 return_oop=0}
                      ; - java.util.concurrent.locks.ReentrantLock::lock@4 (line 322)
                      ; - jdk.internal.misc.InternalLock::lock@4 (line 74)
                      ; - java.io.PrintStream::writeln@11 (line 824)
                      ; - java.io.PrintStream::println@14 (line 1168)
                      ; - net.runelite.client.plugins.gpushared.GpuPluginShared::lambda$startUp$0@164 (line 322)
                      ; - net.runelite.client.plugins.gpushared.GpuPluginShared$$Lambda/0x000001a44f71e708::onZoneUploaded@9
                      ; - net.runelite.client.plugins.gpu.SceneUploader::uploadZone@386 (line 161)
  0x000001a437510a24: d83b 60ff 

  0x000001a437510a28: ;   {other}
  0x000001a437510a28: 0f1f 8400 | 1853 004d | baf6 ffff | ff41 8bea 

  0x000001a437510a38: ;   {runtime_call UncommonTrapBlob}
  0x000001a437510a38: 6666 90e8 

  0x000001a437510a3c: ; ImmutableOopMap {rbp=NarrowOop }
                      ;*invokevirtual write {reexecute=0 rethrow=0 return_oop=0}
                      ; - java.io.PrintStream::implWriteln@9 (line 846)
                      ; - java.io.PrintStream::writeln@16 (line 826)
                      ; - java.io.PrintStream::println@14 (line 1168)
                      ; - net.runelite.client.plugins.gpushared.GpuPluginShared::lambda$startUp$0@164 (line 322)
                      ; - net.runelite.client.plugins.gpushared.GpuPluginShared$$Lambda/0x000001a44f71e708::onZoneUploaded@9
                      ; - net.runelite.client.plugins.gpu.SceneUploader::uploadZone@386 (line 161)
  0x000001a437510a3c: c03b 60ff 

  0x000001a437510a40: ;   {other}
  0x000001a437510a40: 0f1f 8400 | 3053 004e | baf6 ffff | ff41 8be8 

  0x000001a437510a50: ;   {runtime_call UncommonTrapBlob}
  0x000001a437510a50: 6666 90e8 

  0x000001a437510a54: ; ImmutableOopMap {rbp=NarrowOop }
                      ;*invokevirtual newLine {reexecute=0 rethrow=0 return_oop=0}
                      ; - java.io.PrintStream::implWriteln@16 (line 847)
                      ; - java.io.PrintStream::writeln@16 (line 826)
                      ; - java.io.PrintStream::println@14 (line 1168)
                      ; - net.runelite.client.plugins.gpushared.GpuPluginShared::lambda$startUp$0@164 (line 322)
                      ; - net.runelite.client.plugins.gpushared.GpuPluginShared$$Lambda/0x000001a44f71e708::onZoneUploaded@9
                      ; - net.runelite.client.plugins.gpu.SceneUploader::uploadZone@386 (line 161)
  0x000001a437510a54: a83b 60ff 

  0x000001a437510a58: ;   {other}
  0x000001a437510a58: 0f1f 8400 | 4853 004f | baf6 ffff | ff41 8bee | 4489 5424 | 244c 895c 

  0x000001a437510a70: ;   {runtime_call UncommonTrapBlob}
  0x000001a437510a70: 2428 90e8 

  0x000001a437510a74: ; ImmutableOopMap {rbp=NarrowOop [36]=NarrowOop [40]=Oop }
                      ;*invokevirtual lock {reexecute=0 rethrow=0 return_oop=0}
                      ; - java.util.concurrent.locks.ReentrantLock::lock@4 (line 322)
                      ; - jdk.internal.misc.InternalLock::lock@4 (line 74)
                      ; - java.io.BufferedWriter::flushBuffer@18 (line 161)
                      ; - java.io.PrintStream::implWriteln@23 (line 848)
                      ; - java.io.PrintStream::writeln@16 (line 826)
                      ; - java.io.PrintStream::println@14 (line 1168)
                      ; - net.runelite.client.plugins.gpushared.GpuPluginShared::lambda$startUp$0@164 (line 322)
                      ; - net.runelite.client.plugins.gpushared.GpuPluginShared$$Lambda/0x000001a44f71e708::onZoneUploaded@9
                      ; - net.runelite.client.plugins.gpu.SceneUploader::uploadZone@386 (line 161)
  0x000001a437510a74: 883b 60ff 

  0x000001a437510a78: ;   {other}
  0x000001a437510a78: 0f1f 8400 | 6853 0050 | baf6 ffff | ff44 8974 | 2420 4c89 | 5c24 2844 | 8954 2424 | 4489 4c24 
  0x000001a437510a98: 3089 4c24 | 3444 8944 | 2438 4889 

  0x000001a437510aa4: ;   {runtime_call UncommonTrapBlob}
  0x000001a437510aa4: 4424 40e8 

  0x000001a437510aa8: ; ImmutableOopMap {[32]=NarrowOop [36]=NarrowOop [40]=Oop [48]=NarrowOop [52]=NarrowOop [64]=Oop }
                      ;*invokevirtual lock {reexecute=0 rethrow=0 return_oop=0}
                      ; - java.util.concurrent.locks.ReentrantLock::lock@4 (line 322)
                      ; - jdk.internal.misc.InternalLock::lock@4 (line 74)
                      ; - sun.nio.cs.StreamEncoder::write@23 (line 137)
                      ; - java.io.OutputStreamWriter::write@7 (line 219)
                      ; - java.io.BufferedWriter::implFlushBuffer@25 (line 178)
                      ; - java.io.BufferedWriter::flushBuffer@22 (line 163)
                      ; - java.io.PrintStream::implWriteln@23 (line 848)
                      ; - java.io.PrintStream::writeln@16 (line 826)
                      ; - java.io.PrintStream::println@14 (line 1168)
                      ; - net.runelite.client.plugins.gpushared.GpuPluginShared::lambda$startUp$0@164 (line 322)
                      ; - net.runelite.client.plugins.gpushared.GpuPluginShared$$Lambda/0x000001a44f71e708::onZoneUploaded@9
                      ; - net.runelite.client.plugins.gpu.SceneUploader::uploadZone@386 (line 161)
  0x000001a437510aa8: 543b 60ff 

  0x000001a437510aac: ;   {other}
  0x000001a437510aac: 0f1f 8400 | 9c53 0051 | ba45 ffff | ff8b 6c24 | 2844 8b5c | 242c 4489 

  0x000001a437510ac4: ;   {runtime_call UncommonTrapBlob}
  0x000001a437510ac4: 5c24 24e8 

  0x000001a437510ac8: ; ImmutableOopMap {rbp=NarrowOop [36]=NarrowOop [56]=Oop [88]=Oop }
                      ;*ifeq {reexecute=1 rethrow=0 return_oop=0}
                      ; - (reexecute) sun.nio.cs.StreamEncoder::implWrite@25 (line 369)
                      ; - sun.nio.cs.StreamEncoder::implWrite@11 (line 357)
                      ; - sun.nio.cs.StreamEncoder::lockedWrite@49 (line 158)
                      ; - sun.nio.cs.StreamEncoder::write@30 (line 139)
                      ; - java.io.OutputStreamWriter::write@7 (line 219)
                      ; - java.io.BufferedWriter::implFlushBuffer@25 (line 178)
                      ; - java.io.BufferedWriter::flushBuffer@22 (line 163)
                      ; - java.io.PrintStream::implWriteln@23 (line 848)
                      ; - java.io.PrintStream::writeln@16 (line 826)
                      ; - java.io.PrintStream::println@14 (line 1168)
                      ; - net.runelite.client.plugins.gpushared.GpuPluginShared::lambda$startUp$0@164 (line 322)
                      ; - net.runelite.client.plugins.gpushared.GpuPluginShared$$Lambda/0x000001a44f71e708::onZoneUploaded@9
                      ; - net.runelite.client.plugins.gpu.SceneUploader::uploadZone@386 (line 161)
  0x000001a437510ac8: 343b 60ff 

  0x000001a437510acc: ;   {other}
  0x000001a437510acc: 0f1f 8400 | bc53 0052 | baf6 ffff | ff41 8bea 

  0x000001a437510adc: ;   {runtime_call UncommonTrapBlob}
  0x000001a437510adc: 6666 90e8 

  0x000001a437510ae0: ; ImmutableOopMap {rbp=NarrowOop }
                      ;*invokevirtual flushBuffer {reexecute=0 rethrow=0 return_oop=0}
                      ; - java.io.PrintStream::implWriteln@30 (line 849)
                      ; - java.io.PrintStream::writeln@16 (line 826)
                      ; - java.io.PrintStream::println@14 (line 1168)
                      ; - net.runelite.client.plugins.gpushared.GpuPluginShared::lambda$startUp$0@164 (line 322)
                      ; - net.runelite.client.plugins.gpushared.GpuPluginShared$$Lambda/0x000001a44f71e708::onZoneUploaded@9
                      ; - net.runelite.client.plugins.gpu.SceneUploader::uploadZone@386 (line 161)
  0x000001a437510ae0: 1c3b 60ff 

  0x000001a437510ae4: ;   {other}
  0x000001a437510ae4: 0f1f 8400 | d453 0053 | baf6 ffff | ff41 8beb 

  0x000001a437510af4: ;   {runtime_call UncommonTrapBlob}
  0x000001a437510af4: 6666 90e8 

  0x000001a437510af8: ; ImmutableOopMap {rbp=NarrowOop }
                      ;*invokevirtual unlock {reexecute=0 rethrow=0 return_oop=0}
                      ; - java.io.PrintStream::writeln@23 (line 828)
                      ; - java.io.PrintStream::println@14 (line 1168)
                      ; - net.runelite.client.plugins.gpushared.GpuPluginShared::lambda$startUp$0@164 (line 322)
                      ; - net.runelite.client.plugins.gpushared.GpuPluginShared$$Lambda/0x000001a44f71e708::onZoneUploaded@9
                      ; - net.runelite.client.plugins.gpu.SceneUploader::uploadZone@386 (line 161)
  0x000001a437510af8: 043b 60ff 

  0x000001a437510afc: ;   {other}
  0x000001a437510afc: 0f1f 8400 | ec53 0054 | ba76 ffff | ff44 8b44 | 2438 4489 | 4424 2044 | 8b54 243c | 4489 5424 
  0x000001a437510b1c: 244c 8b54 | 2430 4c89 | 5424 2844 | 895c 2434 | 897c 2440 

  0x000001a437510b30: ;   {runtime_call UncommonTrapBlob}
  0x000001a437510b30: 6666 90e8 

  0x000001a437510b34: ; ImmutableOopMap {[40]=Oop [64]=NarrowOop [184]=Oop }
                      ;*ifeq {reexecute=1 rethrow=0 return_oop=0}
                      ; - (reexecute) net.runelite.client.plugins.gpushared.shim.SceneGraphBridge::waitForSpace@4 (line 113)
                      ; - net.runelite.client.plugins.gpushared.shim.SceneGraphBridge::sendZone@14 (line 142)
                      ; - net.runelite.client.plugins.gpushared.GpuPluginShared::lambda$startUp$0@155 (line 321)
                      ; - net.runelite.client.plugins.gpushared.GpuPluginShared$$Lambda/0x000001a44f71e708::onZoneUploaded@9
                      ; - net.runelite.client.plugins.gpu.SceneUploader::uploadZone@386 (line 161)
  0x000001a437510b34: c83a 60ff 

  0x000001a437510b38: ;   {other}
  0x000001a437510b38: 0f1f 8400 | 2854 0055 | bade ffff | ff8b 6c24 | 3844 8b4c | 243c 4489 | 4c24 2089 | 7424 2444 
  0x000001a437510b58: 896c 2428 | 4c89 5424 | 3048 895c | 2438 4c89 

  0x000001a437510b68: ;   {runtime_call UncommonTrapBlob}
  0x000001a437510b68: 5c24 40e8 

  0x000001a437510b6c: ; ImmutableOopMap {[48]=Oop [56]=Oop [64]=Oop [80]=NarrowOop }
                      ;*invokevirtual duplicate {reexecute=0 rethrow=0 return_oop=0}
                      ; - net.runelite.client.plugins.gpushared.GpuPluginShared::lambda$startUp$0@76 (line 308)
                      ; - net.runelite.client.plugins.gpushared.GpuPluginShared$$Lambda/0x000001a44f71e708::onZoneUploaded@9
                      ; - net.runelite.client.plugins.gpu.SceneUploader::uploadZone@386 (line 161)
  0x000001a437510b6c: 903a 60ff 

  0x000001a437510b70: ;   {other}
  0x000001a437510b70: 0f1f 8400 | 6054 0056 | bade ffff | ff8b 4c24 | 3889 4c24 | 2044 8b44 | 243c 4489 | 4424 244c 
  0x000001a437510b90: 8b44 2430 | 4c89 4424 | 2844 894c | 2430 4489 | 5c24 3489 | 7c24 4089 | 7c24 4444 | 8954 2448 
  0x000001a437510bb0: ;   {runtime_call UncommonTrapBlob}
  0x000001a437510bb0: 6666 90e8 

  0x000001a437510bb4: ; ImmutableOopMap {[40]=Oop [64]=NarrowOop [68]=NarrowOop [72]=NarrowOop [184]=Oop }
                      ;*invokevirtual getInt {reexecute=0 rethrow=0 return_oop=0}
                      ; - net.runelite.client.plugins.gpushared.shim.SceneGraphBridge::isFull@8 (line 105)
                      ; - net.runelite.client.plugins.gpushared.shim.SceneGraphBridge::waitForSpace@1 (line 113)
                      ; - net.runelite.client.plugins.gpushared.shim.SceneGraphBridge::sendZone@14 (line 142)
                      ; - net.runelite.client.plugins.gpushared.GpuPluginShared::lambda$startUp$0@155 (line 321)
                      ; - net.runelite.client.plugins.gpushared.GpuPluginShared$$Lambda/0x000001a44f71e708::onZoneUploaded@9
                      ; - net.runelite.client.plugins.gpu.SceneUploader::uploadZone@386 (line 161)
  0x000001a437510bb4: 483a 60ff 

  0x000001a437510bb8: ;   {other}
  0x000001a437510bb8: 0f1f 8400 | a854 0057 | bacc ffff | ff44 8b44 | 2438 4489 | 4424 2444 | 8b54 243c | 4489 5424 
  0x000001a437510bd8: 2844 894c | 242c 4489 | 5c24 4089 | 7c24 4489 | 7c24 4848 | 8974 2458 | 4889 7424 

  0x000001a437510bf4: ;   {runtime_call UncommonTrapBlob}
  0x000001a437510bf4: 6066 90e8 

  0x000001a437510bf8: ; ImmutableOopMap {[48]=Oop [68]=NarrowOop [72]=NarrowOop [88]=Oop [96]=Oop [184]=Oop }
                      ;*invokestatic checkIndex {reexecute=0 rethrow=0 return_oop=0}
                      ; - java.nio.Buffer::checkIndex@12 (line 779)
                      ; - java.nio.DirectByteBuffer::getInt@5 (line 761)
                      ; - net.runelite.client.plugins.gpushared.shim.SceneGraphBridge::isFull@8 (line 105)
                      ; - net.runelite.client.plugins.gpushared.shim.SceneGraphBridge::waitForSpace@1 (line 113)
                      ; - net.runelite.client.plugins.gpushared.shim.SceneGraphBridge::sendZone@14 (line 142)
                      ; - net.runelite.client.plugins.gpushared.GpuPluginShared::lambda$startUp$0@155 (line 321)
                      ; - net.runelite.client.plugins.gpushared.GpuPluginShared$$Lambda/0x000001a44f71e708::onZoneUploaded@9
                      ; - net.runelite.client.plugins.gpu.SceneUploader::uploadZone@386 (line 161)
  0x000001a437510bf8: 043a 60ff 

  0x000001a437510bfc: ;   {other}
  0x000001a437510bfc: 0f1f 8400 | ec54 0058 | bae4 ffff | ff44 8b44 | 2438 4489 | 4424 2444 | 8b54 243c | 4489 5424 
  0x000001a437510c1c: 2844 894c | 242c 4489 | 5c24 4089 | 7c24 4489 | 7c24 4848 | 8974 2458 | 4889 7424 

  0x000001a437510c38: ;   {runtime_call UncommonTrapBlob}
  0x000001a437510c38: 6066 90e8 

  0x000001a437510c3c: ; ImmutableOopMap {[48]=Oop [68]=NarrowOop [72]=NarrowOop [88]=Oop [96]=Oop [184]=Oop }
                      ;*invokestatic checkIndex {reexecute=0 rethrow=0 return_oop=0}
                      ; - java.nio.Buffer::checkIndex@12 (line 779)
                      ; - java.nio.DirectByteBuffer::getInt@5 (line 761)
                      ; - net.runelite.client.plugins.gpushared.shim.SceneGraphBridge::isFull@8 (line 105)
                      ; - net.runelite.client.plugins.gpushared.shim.SceneGraphBridge::waitForSpace@1 (line 113)
                      ; - net.runelite.client.plugins.gpushared.shim.SceneGraphBridge::sendZone@14 (line 142)
                      ; - net.runelite.client.plugins.gpushared.GpuPluginShared::lambda$startUp$0@155 (line 321)
                      ; - net.runelite.client.plugins.gpushared.GpuPluginShared$$Lambda/0x000001a44f71e708::onZoneUploaded@9
                      ; - net.runelite.client.plugins.gpu.SceneUploader::uploadZone@386 (line 161)
  0x000001a437510c3c: c039 60ff 

  0x000001a437510c40: ;   {other}
  0x000001a437510c40: 0f1f 8400 | 3055 0059 | bade ffff | ff44 8b44 | 2438 4489 | 4424 2044 | 8b5c 243c | 4489 5c24 
  0x000001a437510c60: 244c 8b5c | 2430 4c89 | 5c24 2844 | 8954 2438 

  0x000001a437510c70: ;   {runtime_call UncommonTrapBlob}
  0x000001a437510c70: 6666 90e8 

  0x000001a437510c74: ; ImmutableOopMap {[40]=Oop [56]=NarrowOop [108]=NarrowOop [184]=Oop }
                      ;*invokevirtual put {reexecute=0 rethrow=0 return_oop=0}
                      ; - net.runelite.client.plugins.gpushared.shim.SceneGraphBridge::sendZone@57 (line 148)
                      ; - net.runelite.client.plugins.gpushared.GpuPluginShared::lambda$startUp$0@155 (line 321)
                      ; - net.runelite.client.plugins.gpushared.GpuPluginShared$$Lambda/0x000001a44f71e708::onZoneUploaded@9
                      ; - net.runelite.client.plugins.gpu.SceneUploader::uploadZone@386 (line 161)
  0x000001a437510c74: 8839 60ff 

  0x000001a437510c78: ;   {other}
  0x000001a437510c78: 0f1f 8400 | 6855 005a | bacc ffff | ff44 8b5c | 2438 4489 | 5c24 2044 | 8b44 243c | 4489 4424 
  0x000001a437510c98: 244c 8b5c | 2430 4c89 | 5c24 2844 | 8b44 2450 | 4489 4424 | 3c44 894c | 2440 4c8b | 5c24 604c 
  0x000001a437510cb8: 895c 2450 | 4489 5424 

  0x000001a437510cc0: ;   {runtime_call UncommonTrapBlob}
  0x000001a437510cc0: 5866 90e8 

  0x000001a437510cc4: ; ImmutableOopMap {[40]=Oop [80]=Oop [96]=Oop [108]=NarrowOop [184]=Oop }
                      ;*invokestatic checkIndex {reexecute=0 rethrow=0 return_oop=0}
                      ; - java.nio.Buffer::checkIndex@8 (line 768)
                      ; - java.nio.DirectByteBuffer::put@11 (line 375)
                      ; - net.runelite.client.plugins.gpushared.shim.SceneGraphBridge::sendZone@57 (line 148)
                      ; - net.runelite.client.plugins.gpushared.GpuPluginShared::lambda$startUp$0@155 (line 321)
                      ; - net.runelite.client.plugins.gpushared.GpuPluginShared$$Lambda/0x000001a44f71e708::onZoneUploaded@9
                      ; - net.runelite.client.plugins.gpu.SceneUploader::uploadZone@386 (line 161)
  0x000001a437510cc4: 3839 60ff 

  0x000001a437510cc8: ;   {other}
  0x000001a437510cc8: 0f1f 8400 | b855 005b | bacc ffff | ff44 8b4c | 243c 4489 | 4c24 204c | 8b44 2430 | 4c89 4424 
  0x000001a437510ce8: 2844 8b44 | 2438 4489 | 4424 2444 | 8b44 2450 | 4489 4424 | 3c44 8b4c | 244c 4489 | 4c24 404c 
  0x000001a437510d08: 8b44 2460 | 4c89 4424 | 504c 8944 | 2458 4489 | 5c24 4444 | 8954 2460 

  0x000001a437510d20: ;   {runtime_call UncommonTrapBlob}
  0x000001a437510d20: 6666 90e8 

  0x000001a437510d24: ; ImmutableOopMap {[40]=Oop [80]=Oop [88]=Oop [108]=NarrowOop [184]=Oop }
                      ;*invokestatic checkIndex {reexecute=0 rethrow=0 return_oop=0}
                      ; - java.nio.Buffer::checkIndex@12 (line 779)
                      ; - java.nio.DirectByteBuffer::putInt@5 (line 794)
                      ; - net.runelite.client.plugins.gpushared.shim.SceneGraphBridge::sendZone@70 (line 149)
                      ; - net.runelite.client.plugins.gpushared.GpuPluginShared::lambda$startUp$0@155 (line 321)
                      ; - net.runelite.client.plugins.gpushared.GpuPluginShared$$Lambda/0x000001a44f71e708::onZoneUploaded@9
                      ; - net.runelite.client.plugins.gpu.SceneUploader::uploadZone@386 (line 161)
  0x000001a437510d24: d838 60ff 

  0x000001a437510d28: ;   {other}
  0x000001a437510d28: 0f1f 8400 | 1856 005c | bade ffff | ff41 8beb | 894c 2420 

  0x000001a437510d3c: ;   {runtime_call UncommonTrapBlob}
  0x000001a437510d3c: 6666 90e8 

  0x000001a437510d40: ; ImmutableOopMap {rbp=NarrowOop }
                      ;*invokevirtual putInt {reexecute=0 rethrow=0 return_oop=0}
                      ; - net.runelite.client.plugins.gpushared.shim.SceneGraphBridge::commitSlot@22 (line 129)
                      ; - net.runelite.client.plugins.gpushared.shim.SceneGraphBridge::sendZone@183 (line 163)
                      ; - net.runelite.client.plugins.gpushared.GpuPluginShared::lambda$startUp$0@155 (line 321)
                      ; - net.runelite.client.plugins.gpushared.GpuPluginShared$$Lambda/0x000001a44f71e708::onZoneUploaded@9
                      ; - net.runelite.client.plugins.gpu.SceneUploader::uploadZone@386 (line 161)
  0x000001a437510d40: bc38 60ff 

  0x000001a437510d44: ;   {other}
  0x000001a437510d44: 0f1f 8400 | 3456 005d | bacc ffff | ff89 4c24 | 284c 8954 | 2430 4c89 

  0x000001a437510d5c: ;   {runtime_call UncommonTrapBlob}
  0x000001a437510d5c: 5424 38e8 

  0x000001a437510d60: ; ImmutableOopMap {[48]=Oop [56]=Oop }
                      ;*invokestatic checkIndex {reexecute=0 rethrow=0 return_oop=0}
                      ; - java.nio.Buffer::checkIndex@12 (line 779)
                      ; - java.nio.DirectByteBuffer::putInt@5 (line 794)
                      ; - net.runelite.client.plugins.gpushared.shim.SceneGraphBridge::commitSlot@22 (line 129)
                      ; - net.runelite.client.plugins.gpushared.shim.SceneGraphBridge::sendZone@183 (line 163)
                      ; - net.runelite.client.plugins.gpushared.GpuPluginShared::lambda$startUp$0@155 (line 321)
                      ; - net.runelite.client.plugins.gpushared.GpuPluginShared$$Lambda/0x000001a44f71e708::onZoneUploaded@9
                      ; - net.runelite.client.plugins.gpu.SceneUploader::uploadZone@386 (line 161)
  0x000001a437510d60: 9c38 60ff 

  0x000001a437510d64: ;   {other}
  0x000001a437510d64: 0f1f 8400 | 5456 005e | bade ffff | ff44 8974 | 2420 4c89 | 5c24 2844 | 8954 2424 | 4489 4c24 
  0x000001a437510d84: 3089 4c24 | 3444 8944 

  0x000001a437510d8c: ;   {runtime_call UncommonTrapBlob}
  0x000001a437510d8c: 2438 90e8 

  0x000001a437510d90: ; ImmutableOopMap {[32]=NarrowOop [36]=NarrowOop [40]=Oop [48]=NarrowOop [52]=NarrowOop }
                      ;*invokevirtual write {reexecute=0 rethrow=0 return_oop=0}
                      ; - java.io.BufferedWriter::implFlushBuffer@25 (line 178)
                      ; - java.io.BufferedWriter::flushBuffer@22 (line 163)
                      ; - java.io.PrintStream::implWriteln@23 (line 848)
                      ; - java.io.PrintStream::writeln@16 (line 826)
                      ; - java.io.PrintStream::println@14 (line 1168)
                      ; - net.runelite.client.plugins.gpushared.GpuPluginShared::lambda$startUp$0@164 (line 322)
                      ; - net.runelite.client.plugins.gpushared.GpuPluginShared$$Lambda/0x000001a44f71e708::onZoneUploaded@9
                      ; - net.runelite.client.plugins.gpu.SceneUploader::uploadZone@386 (line 161)
  0x000001a437510d90: 6c38 60ff 

  0x000001a437510d94: ;   {other}
  0x000001a437510d94: 0f1f 8400 | 8456 005f | bade ffff 

  0x000001a437510da0: ;   {runtime_call UncommonTrapBlob}
  0x000001a437510da0: ff66 90e8 

  0x000001a437510da4: ; ImmutableOopMap {rbp=NarrowOop [40]=NarrowOop }
                      ;*invokevirtual flush {reexecute=0 rethrow=0 return_oop=0}
                      ; - java.io.PrintStream::implWriteln@44 (line 851)
                      ; - java.io.PrintStream::writeln@16 (line 826)
                      ; - java.io.PrintStream::println@14 (line 1168)
                      ; - net.runelite.client.plugins.gpushared.GpuPluginShared::lambda$startUp$0@164 (line 322)
                      ; - net.runelite.client.plugins.gpushared.GpuPluginShared$$Lambda/0x000001a44f71e708::onZoneUploaded@9
                      ; - net.runelite.client.plugins.gpu.SceneUploader::uploadZone@386 (line 161)
  0x000001a437510da4: 5838 60ff 

  0x000001a437510da8: ;   {other}
  0x000001a437510da8: 0f1f 8400 | 9856 0060 | 498b f848 | 8b5c 2478 | 498b d749 | ba20 6b16 | 4bff 7f00 | 0041 ffd2 
  0x000001a437510dc8: ;   {other}
  0x000001a437510dc8: 0f1f 8400 | 0000 0000 | e961 e1ff | ff49 8bf1 | 418b da49 | 8bd7 49ba | 206b 164b | ff7f 0000 
  0x000001a437510de8: ;   {other}
  0x000001a437510de8: 41ff d20f | 1f84 0000 | 0000 0044 | 8bd3 488b | 5c24 704c | 8bce e9ff | bbff ff49 | 8bd7 49ba 
  0x000001a437510e08: 206b 164b | ff7f 0000 

  0x000001a437510e10: ;   {other}
  0x000001a437510e10: 41ff d20f | 1f84 0000 | 0000 00e9 | 56bd ffff | 498b d749 | ba20 6b16 | 4bff 7f00 | 0041 ffd2 
  0x000001a437510e30: ;   {other}
  0x000001a437510e30: 0f1f 8400 | 0000 0000 | e9f8 bcff | ff49 8bf0 | 498b d749 | ba20 6b16 | 4bff 7f00 | 0041 ffd2 
  0x000001a437510e50: ;   {other}
  0x000001a437510e50: 0f1f 8400 | 0000 0000 | 4c8b 5c24 | 704c 8bc6 | e97b c1ff | ff49 8bd7 | 49ba 206b | 164b ff7f 
  0x000001a437510e70: 0000 41ff 

  0x000001a437510e74: ;   {other}
  0x000001a437510e74: d20f 1f84 | 0000 0000 | 00e9 8ec2 | ffff 498b | f848 8b5c | 2478 498b | d749 ba20 | 6b16 4bff 
  0x000001a437510e94: 7f00 0041 

  0x000001a437510e98: ;   {other}
  0x000001a437510e98: ffd2 0f1f | 8400 0000 | 0000 e9d8 | e0ff ff49 | 8bd7 49ba | 206b 164b | ff7f 0000 

  0x000001a437510eb4: ;   {other}
  0x000001a437510eb4: 41ff d20f | 1f84 0000 | 0000 00e9 | 95c2 ffff | 498b d749 | ba20 6b16 | 4bff 7f00 | 0041 ffd2 
  0x000001a437510ed4: ;   {other}
  0x000001a437510ed4: 0f1f 8400 | 0000 0000 | e972 c8ff | ff49 8bd7 | 49ba 206b | 164b ff7f | 0000 41ff 

  0x000001a437510ef0: ;   {other}
  0x000001a437510ef0: d20f 1f84 | 0000 0000 | 00e9 37e2 | ffff 498b | f849 8bd9 | 498b d749 | ba20 6b16 | 4bff 7f00 
  0x000001a437510f10: 0041 ffd2 

  0x000001a437510f14: ;   {other}
  0x000001a437510f14: 0f1f 8400 | 0000 0000 | 4c8b cb4c | 8bc7 e9e6 | c7ff ff49 | 8bd7 49ba | 206b 164b | ff7f 0000 
  0x000001a437510f34: ;   {other}
  0x000001a437510f34: 41ff d20f | 1f84 0000 | 0000 00e9 | 72e1 ffff | 41b9 0600 | 0000 493b | e9bd ffff | ffff 7c08 
  0x000001a437510f54: 400f 95c5 | 400f b6ed | ba45 ffff | ff44 8b4c | 2438 4489 | 4c24 2044 | 8b4c 243c | 4489 4c24 
  0x000001a437510f74: 2444 896c | 242c 8974 | 2438 4c89 | 5424 4089 | 7424 3c44 | 8b4c 2450 | 4489 4c24 | 4848 895c 
  0x000001a437510f94: 2450 4c89 | 5c24 5844 | 8944 244c | 894c 2460 | 8944 2464 | 4889 7c24 

  0x000001a437510fac: ;   {runtime_call UncommonTrapBlob}
  0x000001a437510fac: 6866 90e8 

  0x000001a437510fb0: ; ImmutableOopMap {[64]=Oop [72]=NarrowOop [80]=Oop [100]=NarrowOop [104]=Oop }
                      ;*ifle {reexecute=1 rethrow=0 return_oop=0}
                      ; - (reexecute) java.nio.IntBuffer::getArray@9 (line 944)
                      ; - java.nio.IntBuffer::get@39 (line 828)
                      ; - net.runelite.client.plugins.gpushared.GpuPluginShared::lambda$startUp$0@94 (line 310)
                      ; - net.runelite.client.plugins.gpushared.GpuPluginShared$$Lambda/0x000001a44f71e708::onZoneUploaded@9
                      ; - net.runelite.client.plugins.gpu.SceneUploader::uploadZone@386 (line 161)
  0x000001a437510fb0: 4c36 60ff 

  0x000001a437510fb4: ;   {other}
  0x000001a437510fb4: 0f1f 8400 | a458 0061 | ba45 ffff | ff4c 8b54 | 2430 4c89 | 5424 2844 | 8b54 244c | 4489 5424 
  0x000001a437510fd4: 3c48 895c 

  0x000001a437510fd8: ;   {runtime_call UncommonTrapBlob}
  0x000001a437510fd8: 2448 90e8 

  0x000001a437510fdc: ; ImmutableOopMap {rbp=NarrowOop [40]=Oop [72]=Oop [108]=NarrowOop [184]=Oop }
                      ;*ifnonnull {reexecute=1 rethrow=0 return_oop=0}
                      ; - (reexecute) java.nio.DirectByteBuffer::<init>@47 (line 232)
                      ; - java.nio.DirectByteBuffer::duplicate@34 (line 292)
                      ; - java.nio.DirectByteBuffer::duplicate@1 (line 42)
                      ; - net.runelite.client.plugins.gpushared.shim.SceneGraphBridge::sendZone@122 (line 154)
                      ; - net.runelite.client.plugins.gpushared.GpuPluginShared::lambda$startUp$0@155 (line 321)
                      ; - net.runelite.client.plugins.gpushared.GpuPluginShared$$Lambda/0x000001a44f71e708::onZoneUploaded@9
                      ; - net.runelite.client.plugins.gpu.SceneUploader::uploadZone@386 (line 161)
  0x000001a437510fdc: 2036 60ff 

  0x000001a437510fe0: ;   {other}
  0x000001a437510fe0: 0f1f 8400 | d058 0062 | ba45 ffff | ff4c 8b5c | 2430 4c89 | 5c24 2844 | 8b5c 2448 | 4489 5c24 
  0x000001a437511000: 3044 8b44 | 244c 4489 | 4424 3444 | 8b5c 2450 | 4489 5c24 | 3c44 8954 | 2440 4c89 | 7424 4889 
  0x000001a437511020: 7c24 5044 | 896c 2454 | 4889 7424 

  0x000001a43751102c: ;   {runtime_call UncommonTrapBlob}
  0x000001a43751102c: 5866 90e8 

  0x000001a437511030: ; ImmutableOopMap {[40]=Oop [84]=NarrowOop [88]=Oop [108]=NarrowOop [184]=Oop }
                      ;*iflt {reexecute=1 rethrow=0 return_oop=0}
                      ; - (reexecute) jdk.internal.util.Preconditions::checkFromIndexSize@5 (line 396)
                      ; - java.util.Objects::checkFromIndexSize@4 (line 437)
                      ; - java.nio.IntBuffer::put@19 (line 1207)
                      ; - net.runelite.client.plugins.gpushared.shim.SceneGraphBridge::sendZone@157 (line 157)
                      ; - net.runelite.client.plugins.gpushared.GpuPluginShared::lambda$startUp$0@155 (line 321)
                      ; - net.runelite.client.plugins.gpushared.GpuPluginShared$$Lambda/0x000001a44f71e708::onZoneUploaded@9
                      ; - net.runelite.client.plugins.gpu.SceneUploader::uploadZone@386 (line 161)
  0x000001a437511030: cc35 60ff 

  0x000001a437511034: ;   {other}
  0x000001a437511034: 0f1f 8400 | 2459 0063 | 41bb 0600 | 0000 4d3b | d3bd ffff | ffff 7c08 | 400f 95c5 | 400f b6ed 
  0x000001a437511054: ba45 ffff | ff44 8b5c | 244c 4489 | 5c24 2444 | 8b54 2450 | 4489 5424 | 3c4c 8974 | 2440 897c 
  0x000001a437511074: 244c 4489 | 6c24 5048 | 8974 2458 

  0x000001a437511080: ;   {runtime_call UncommonTrapBlob}
  0x000001a437511080: 6666 90e8 

  0x000001a437511084: ; ImmutableOopMap {[48]=Oop [80]=NarrowOop [88]=Oop [108]=NarrowOop [184]=Oop }
                      ;*ifle {reexecute=1 rethrow=0 return_oop=0}
                      ; - (reexecute) java.nio.IntBuffer::putArray@9 (line 1337)
                      ; - java.nio.IntBuffer::put@54 (line 1212)
                      ; - net.runelite.client.plugins.gpushared.shim.SceneGraphBridge::sendZone@157 (line 157)
                      ; - net.runelite.client.plugins.gpushared.GpuPluginShared::lambda$startUp$0@155 (line 321)
                      ; - net.runelite.client.plugins.gpushared.GpuPluginShared$$Lambda/0x000001a44f71e708::onZoneUploaded@9
                      ; - net.runelite.client.plugins.gpu.SceneUploader::uploadZone@386 (line 161)
  0x000001a437511084: 7835 60ff 

  0x000001a437511088: ;   {other}
  0x000001a437511088: 0f1f 8400 | 7859 0064 | 498b d749 | ba20 6b16 | 4bff 7f00 | 0041 ffd2 

  0x000001a4375110a0: ;   {other}
  0x000001a4375110a0: 0f1f 8400 | 0000 0000 | e9ee d1ff | ff49 8bd7 | 49ba 206b | 164b ff7f | 0000 41ff 

  0x000001a4375110bc: ;   {other}
  0x000001a4375110bc: d20f 1f84 | 0000 0000 | 00e9 b6d1 | ffff 498b | d749 ba20 | 6b16 4bff | 7f00 0041 

  0x000001a4375110d8: ;   {other}
  0x000001a4375110d8: ffd2 0f1f | 8400 0000 | 0000 e9fa | d1ff ff49 | 8bd7 49ba | 206b 164b | ff7f 0000 

  0x000001a4375110f4: ;   {other}
  0x000001a4375110f4: 41ff d20f | 1f84 0000 | 0000 00e9 | 05d2 ffff | 498b d849 | 8bd7 49ba | 206b 164b | ff7f 0000 
  0x000001a437511114: ;   {other}
  0x000001a437511114: 41ff d20f | 1f84 0000 | 0000 00e9 | 8be6 ffff | 4c8b f648 | 8bea 458b | e841 8bf9 | 418b f249 
  0x000001a437511134: 8bdb 498b | d749 ba20 | 6b16 4bff | 7f00 0041 

  0x000001a437511144: ;   {other}
  0x000001a437511144: ffd2 0f1f | 8400 0000 | 0000 4c8b | db44 8bd6 | 448b cf45 | 8bc5 488b | d549 8bf6 | e99a d4ff 
  0x000001a437511164: ff48 8974 | 2438 488b | ea45 8be8 | 498b f341 | 8bda 418b | fe49 8bd7 | 49ba 206b | 164b ff7f 
  0x000001a437511184: 0000 41ff 

  0x000001a437511188: ;   {other}
  0x000001a437511188: d20f 1f84 | 0000 0000 | 00e9 d3e7 | ffff 498b | d749 ba20 | 6b16 4bff | 7f00 0041 

  0x000001a4375111a4: ;   {other}
  0x000001a4375111a4: ffd2 0f1f | 8400 0000 | 0000 e962 | d6ff ffba | 45ff ffff | 448b 4c24 | 2844 894c | 2424 4c8b 
  0x000001a4375111c4: 4c24 384c | 894c 2430 | 448b 4c24 | 2c44 894c | 2428 4489 | 4424 2c44 | 8954 2448 | 4c89 5c24 
  0x000001a4375111e4: 5089 5c24 

  0x000001a4375111e8: ;   {runtime_call UncommonTrapBlob}
  0x000001a4375111e8: 4c66 90e8 

  0x000001a4375111ec: ; ImmutableOopMap {[36]=NarrowOop [40]=NarrowOop [44]=NarrowOop [48]=Oop [72]=NarrowOop [76]=NarrowOop [80]=Oop [88]=Oop }
                      ;*if_icmpeq {reexecute=1 rethrow=0 return_oop=0}
                      ; - (reexecute) java.nio.charset.CharsetEncoder::encode@23 (line 577)
                      ; - sun.nio.cs.StreamEncoder::implWrite@38 (line 370)
                      ; - sun.nio.cs.StreamEncoder::implWrite@11 (line 357)
                      ; - sun.nio.cs.StreamEncoder::lockedWrite@49 (line 158)
                      ; - sun.nio.cs.StreamEncoder::write@30 (line 139)
                      ; - java.io.OutputStreamWriter::write@7 (line 219)
                      ; - java.io.BufferedWriter::implFlushBuffer@25 (line 178)
                      ; - java.io.BufferedWriter::flushBuffer@22 (line 163)
                      ; - java.io.PrintStream::implWriteln@23 (line 848)
                      ; - java.io.PrintStream::writeln@16 (line 826)
                      ; - java.io.PrintStream::println@14 (line 1168)
                      ; - net.runelite.client.plugins.gpushared.GpuPluginShared::lambda$startUp$0@164 (line 322)
                      ; - net.runelite.client.plugins.gpushared.GpuPluginShared$$Lambda/0x000001a44f71e708::onZoneUploaded@9
                      ; - net.runelite.client.plugins.gpu.SceneUploader::uploadZone@386 (line 161)
  0x000001a4375111ec: 1034 60ff 

  0x000001a4375111f0: ;   {other}
  0x000001a4375111f0: 0f1f 8400 | e05a 0065 | ba45 ffff | ff8b 6c24 | 3844 8b44 | 243c 4489 | 4424 2089 | 7424 2444 
  0x000001a437511210: 896c 2428 | 4c89 5424 | 3048 895c | 2438 4c89 | 5c24 4089 

  0x000001a437511224: ;   {runtime_call UncommonTrapBlob}
  0x000001a437511224: 4c24 4ce8 

  0x000001a437511228: ; ImmutableOopMap {[48]=Oop [56]=Oop [64]=Oop [80]=NarrowOop }
                      ;*ifge {reexecute=1 rethrow=0 return_oop=0}
                      ; - (reexecute) java.nio.Buffer::<init>@16 (line 252)
                      ; - java.nio.IntBuffer::<init>@8 (line 316)
                      ; - java.nio.IntBuffer::<init>@10 (line 324)
                      ; - java.nio.DirectIntBufferU::<init>@9 (line 222)
                      ; - java.nio.DirectIntBufferU::duplicate@26 (line 288)
                      ; - net.runelite.client.plugins.gpushared.GpuPluginShared::lambda$startUp$0@76 (line 308)
                      ; - net.runelite.client.plugins.gpushared.GpuPluginShared$$Lambda/0x000001a44f71e708::onZoneUploaded@9
                      ; - net.runelite.client.plugins.gpu.SceneUploader::uploadZone@386 (line 161)
  0x000001a437511228: d433 60ff 

  0x000001a43751122c: ;   {other}
  0x000001a43751122c: 0f1f 8400 | 1c5b 0066 | ba45 ffff | ff8b 7c24 | 3889 7c24 | 208b 7c24 | 3c89 7c24 | 2489 7424 
  0x000001a43751124c: 2844 896c | 242c 4c89 | 5424 308b | 7c24 5089 | 7c24 3848 | 895c 2440 | 4c89 5c24 | 4844 8944 
  0x000001a43751126c: 243c 4489 | 4c24 5489 | 4c24 5c89 

  0x000001a437511278: ;   {runtime_call UncommonTrapBlob}
  0x000001a437511278: 4424 60e8 

  0x000001a43751127c: ; ImmutableOopMap {[48]=Oop [56]=NarrowOop [64]=Oop [72]=Oop [96]=NarrowOop }
                      ;*if_icmple {reexecute=1 rethrow=0 return_oop=0}
                      ; - (reexecute) java.nio.Buffer::limit@5 (line 379)
                      ; - java.nio.IntBuffer::limit@2 (line 1565)
                      ; - java.nio.IntBuffer::limit@2 (line 285)
                      ; - java.nio.Buffer::<init>@39 (line 256)
                      ; - java.nio.IntBuffer::<init>@8 (line 316)
                      ; - java.nio.IntBuffer::<init>@10 (line 324)
                      ; - java.nio.DirectIntBufferU::<init>@9 (line 222)
                      ; - java.nio.DirectIntBufferU::duplicate@26 (line 288)
                      ; - net.runelite.client.plugins.gpushared.GpuPluginShared::lambda$startUp$0@76 (line 308)
                      ; - net.runelite.client.plugins.gpushared.GpuPluginShared$$Lambda/0x000001a44f71e708::onZoneUploaded@9
                      ; - net.runelite.client.plugins.gpu.SceneUploader::uploadZone@386 (line 161)
  0x000001a43751127c: 8033 60ff 

  0x000001a437511280: ;   {other}
  0x000001a437511280: 0f1f 8400 | 705b 0067 | ba45 ffff | ff8b 7c24 | 3889 7c24 | 208b 7c24 | 3c89 7c24 | 2489 7424 
  0x000001a4375112a0: 2844 896c | 242c 4c89 | 5424 3044 | 8b54 2450 | 4489 5424 | 3848 895c | 2440 4c89 | 5c24 4844 
  0x000001a4375112c0: 8944 243c | 4489 4c24 | 5489 4c24 | 5889 4424 

  0x000001a4375112d0: ;   {runtime_call UncommonTrapBlob}
  0x000001a4375112d0: 5c66 90e8 

  0x000001a4375112d4: ; ImmutableOopMap {[48]=Oop [56]=NarrowOop [64]=Oop [72]=Oop [92]=NarrowOop }
                      ;*ifge {reexecute=1 rethrow=0 return_oop=0}
                      ; - (reexecute) java.nio.Buffer::limit@14 (line 379)
                      ; - java.nio.IntBuffer::limit@2 (line 1565)
                      ; - java.nio.IntBuffer::limit@2 (line 285)
                      ; - java.nio.Buffer::<init>@39 (line 256)
                      ; - java.nio.IntBuffer::<init>@8 (line 316)
                      ; - java.nio.IntBuffer::<init>@10 (line 324)
                      ; - java.nio.DirectIntBufferU::<init>@9 (line 222)
                      ; - java.nio.DirectIntBufferU::duplicate@26 (line 288)
                      ; - net.runelite.client.plugins.gpushared.GpuPluginShared::lambda$startUp$0@76 (line 308)
                      ; - net.runelite.client.plugins.gpushared.GpuPluginShared$$Lambda/0x000001a44f71e708::onZoneUploaded@9
                      ; - net.runelite.client.plugins.gpu.SceneUploader::uploadZone@386 (line 161)
  0x000001a4375112d4: 2833 60ff 

  0x000001a4375112d8: ;   {other}
  0x000001a4375112d8: 0f1f 8400 | c85b 0068 | ba45 ffff | ff8b 7c24 | 3889 7c24 | 208b 7c24 | 3c89 7c24 | 2489 7424 
  0x000001a4375112f8: 2844 896c | 242c 4c89 | 5424 308b | 7c24 5089 | 7c24 3848 | 895c 2440 | 4c89 5c24 | 4844 8944 
  0x000001a437511318: 243c 4489 | 4c24 5489 | 4c24 5889 

  0x000001a437511324: ;   {runtime_call UncommonTrapBlob}
  0x000001a437511324: 4424 5ce8 

  0x000001a437511328: ; ImmutableOopMap {[48]=Oop [56]=NarrowOop [64]=Oop [72]=Oop [92]=NarrowOop }
                      ;*if_icmple {reexecute=1 rethrow=0 return_oop=0}
                      ; - (reexecute) java.nio.Buffer::limit@55 (line 383)
                      ; - java.nio.IntBuffer::limit@2 (line 1565)
                      ; - java.nio.IntBuffer::limit@2 (line 285)
                      ; - java.nio.Buffer::<init>@39 (line 256)
                      ; - java.nio.IntBuffer::<init>@8 (line 316)
                      ; - java.nio.IntBuffer::<init>@10 (line 324)
                      ; - java.nio.DirectIntBufferU::<init>@9 (line 222)
                      ; - java.nio.DirectIntBufferU::duplicate@26 (line 288)
                      ; - net.runelite.client.plugins.gpushared.GpuPluginShared::lambda$startUp$0@76 (line 308)
                      ; - net.runelite.client.plugins.gpushared.GpuPluginShared$$Lambda/0x000001a44f71e708::onZoneUploaded@9
                      ; - net.runelite.client.plugins.gpu.SceneUploader::uploadZone@386 (line 161)
  0x000001a437511328: d432 60ff 

  0x000001a43751132c: ;   {other}
  0x000001a43751132c: 0f1f 8400 | 1c5c 0069 | ba45 ffff | ff8b 7c24 | 3889 7c24 | 208b 7c24 | 3c89 7c24 | 2489 7424 
  0x000001a43751134c: 2844 896c | 242c 4c89 | 5424 3044 | 8b54 2450 | 4489 5424 | 3848 895c | 2440 4c89 | 5c24 4844 
  0x000001a43751136c: 8944 2450 | 4489 4424 | 5444 894c | 245c 894c | 2460 8944 

  0x000001a437511380: ;   {runtime_call UncommonTrapBlob}
  0x000001a437511380: 2464 90e8 

  0x000001a437511384: ; ImmutableOopMap {[48]=Oop [56]=NarrowOop [64]=Oop [72]=Oop [100]=NarrowOop }
                      ;*if_icmple {reexecute=1 rethrow=0 return_oop=0}
                      ; - (reexecute) java.nio.Buffer::position@5 (line 326)
                      ; - java.nio.IntBuffer::position@2 (line 1551)
                      ; - java.nio.IntBuffer::position@2 (line 285)
                      ; - java.nio.Buffer::<init>@45 (line 257)
                      ; - java.nio.IntBuffer::<init>@8 (line 316)
                      ; - java.nio.IntBuffer::<init>@10 (line 324)
                      ; - java.nio.DirectIntBufferU::<init>@9 (line 222)
                      ; - java.nio.DirectIntBufferU::duplicate@26 (line 288)
                      ; - net.runelite.client.plugins.gpushared.GpuPluginShared::lambda$startUp$0@76 (line 308)
                      ; - net.runelite.client.plugins.gpushared.GpuPluginShared$$Lambda/0x000001a44f71e708::onZoneUploaded@9
                      ; - net.runelite.client.plugins.gpu.SceneUploader::uploadZone@386 (line 161)
  0x000001a437511384: 7832 60ff 

  0x000001a437511388: ;   {other}
  0x000001a437511388: 0f1f 8400 | 785c 006a | ba45 ffff | ff8b 7c24 | 3889 7c24 | 208b 7c24 | 3c89 7c24 | 2489 7424 
  0x000001a4375113a8: 2844 896c | 242c 4c89 | 5424 308b | 7c24 5089 | 7c24 3848 | 895c 2440 | 4c89 5c24 | 4844 8944 
  0x000001a4375113c8: 2450 4489 | 4424 5444 | 894c 2458 | 894c 245c | 8944 2460 

  0x000001a4375113dc: ;   {runtime_call UncommonTrapBlob}
  0x000001a4375113dc: 6666 90e8 

  0x000001a4375113e0: ; ImmutableOopMap {[48]=Oop [56]=NarrowOop [64]=Oop [72]=Oop [96]=NarrowOop }
                      ;*ifge {reexecute=1 rethrow=0 return_oop=0}
                      ; - (reexecute) java.nio.Buffer::position@14 (line 326)
                      ; - java.nio.IntBuffer::position@2 (line 1551)
                      ; - java.nio.IntBuffer::position@2 (line 285)
                      ; - java.nio.Buffer::<init>@45 (line 257)
                      ; - java.nio.IntBuffer::<init>@8 (line 316)
                      ; - java.nio.IntBuffer::<init>@10 (line 324)
                      ; - java.nio.DirectIntBufferU::<init>@9 (line 222)
                      ; - java.nio.DirectIntBufferU::duplicate@26 (line 288)
                      ; - net.runelite.client.plugins.gpushared.GpuPluginShared::lambda$startUp$0@76 (line 308)
                      ; - net.runelite.client.plugins.gpushared.GpuPluginShared$$Lambda/0x000001a44f71e708::onZoneUploaded@9
                      ; - net.runelite.client.plugins.gpu.SceneUploader::uploadZone@386 (line 161)
  0x000001a4375113e0: 1c32 60ff 

  0x000001a4375113e4: ;   {other}
  0x000001a4375113e4: 0f1f 8400 | d45c 006b | ba45 ffff | ff8b 6c24 | 3844 8b4c | 243c 4489 | 4c24 2044 | 896c 2428 
  0x000001a437511404: 4c89 5424 | 3089 7424 | 2c48 895c | 2440 4489 

  0x000001a437511414: ;   {runtime_call UncommonTrapBlob}
  0x000001a437511414: 4424 3ce8 

  0x000001a437511418: ; ImmutableOopMap {[48]=Oop [64]=Oop [80]=NarrowOop }
                      ;*if_icmple {reexecute=1 rethrow=0 return_oop=0}
                      ; - (reexecute) java.nio.IntBuffer::get@22 (line 825)
                      ; - net.runelite.client.plugins.gpushared.GpuPluginShared::lambda$startUp$0@94 (line 310)
                      ; - net.runelite.client.plugins.gpushared.GpuPluginShared$$Lambda/0x000001a44f71e708::onZoneUploaded@9
                      ; - net.runelite.client.plugins.gpu.SceneUploader::uploadZone@386 (line 161)
  0x000001a437511418: e431 60ff 

  0x000001a43751141c: ;   {other}
  0x000001a43751141c: 0f1f 8400 | 0c5d 006c | ba45 ffff | ff44 8b4c | 2438 4489 | 4c24 2044 | 8b4c 243c | 4489 4c24 
  0x000001a43751143c: 2444 896c | 242c 8974 | 2438 4c89 | 5424 4044 | 8b54 2450 | 4489 5424 | 3c48 895c | 2448 4c89 
  0x000001a43751145c: 5c24 6044 | 8944 245c | 894c 2468 | 8944 246c | 4889 7c24 

  0x000001a437511470: ;   {runtime_call UncommonTrapBlob}
  0x000001a437511470: 7066 90e8 

  0x000001a437511474: ; ImmutableOopMap {[60]=NarrowOop [64]=Oop [72]=Oop [108]=NarrowOop [112]=Oop }
                      ;*ifnull {reexecute=1 rethrow=0 return_oop=0}
                      ; - (reexecute) java.nio.Buffer::session@4 (line 792)
                      ; - java.nio.IntBuffer::getArray@82 (line 963)
                      ; - java.nio.IntBuffer::get@39 (line 828)
                      ; - net.runelite.client.plugins.gpushared.GpuPluginShared::lambda$startUp$0@94 (line 310)
                      ; - net.runelite.client.plugins.gpushared.GpuPluginShared$$Lambda/0x000001a44f71e708::onZoneUploaded@9
                      ; - net.runelite.client.plugins.gpu.SceneUploader::uploadZone@386 (line 161)
  0x000001a437511474: 8831 60ff 

  0x000001a437511478: ;   {other}
  0x000001a437511478: 0f1f 8400 | 685d 006d | 4533 db49 | 3beb bdff | ffff ff7c | 0840 0f95 | c540 0fb6 | edba 45ff 
  0x000001a437511498: ffff 448b | 5c24 3844 | 895c 2420 | 448b 5424 | 3c44 8954 | 2424 8974 | 2438 448b | 5c24 5044 
  0x000001a4375114b8: 895c 243c | 4889 5c24 | 404c 894c | 2448 4489 | 4424 5089 | 4c24 5489 | 4424 5848 | 897c 2460 
  0x000001a4375114d8: ;   {runtime_call UncommonTrapBlob}
  0x000001a4375114d8: 6666 90e8 

  0x000001a4375114dc: ; ImmutableOopMap {[48]=Oop [60]=NarrowOop [64]=Oop [88]=NarrowOop [96]=Oop }
                      ;*ifne {reexecute=1 rethrow=0 return_oop=0}
                      ; - (reexecute) jdk.internal.misc.Unsafe::copyMemory@16 (line 802)
                      ; - jdk.internal.misc.ScopedMemoryAccess::copyMemoryInternal@28 (line 147)
                      ; - jdk.internal.misc.ScopedMemoryAccess::copyMemory@12 (line 129)
                      ; - java.nio.IntBuffer::getArray@97 (line 962)
                      ; - java.nio.IntBuffer::get@39 (line 828)
                      ; - net.runelite.client.plugins.gpushared.GpuPluginShared::lambda$startUp$0@94 (line 310)
                      ; - net.runelite.client.plugins.gpushared.GpuPluginShared$$Lambda/0x000001a44f71e708::onZoneUploaded@9
                      ; - net.runelite.client.plugins.gpu.SceneUploader::uploadZone@386 (line 161)
  0x000001a4375114dc: 2031 60ff 

  0x000001a4375114e0: ;   {other}
  0x000001a4375114e0: 0f1f 8400 | d05d 006e | ba45 ffff 

  0x000001a4375114ec: ;   {runtime_call UncommonTrapBlob}
  0x000001a4375114ec: ff66 90e8 

  0x000001a4375114f0: ; ImmutableOopMap {rbp=NarrowOop }
                      ;*ifnull {reexecute=1 rethrow=0 return_oop=0}
                      ; - (reexecute) net.runelite.client.plugins.gpushared.shim.SceneGraphBridge::sendZone@4 (line 138)
                      ; - net.runelite.client.plugins.gpushared.GpuPluginShared::lambda$startUp$0@155 (line 321)
                      ; - net.runelite.client.plugins.gpushared.GpuPluginShared$$Lambda/0x000001a44f71e708::onZoneUploaded@9
                      ; - net.runelite.client.plugins.gpu.SceneUploader::uploadZone@386 (line 161)
  0x000001a4375114f0: 0c31 60ff 

  0x000001a4375114f4: ;   {other}
  0x000001a4375114f4: 0f1f 8400 | e45d 006f | ba45 ffff | ff41 8be9 

  0x000001a437511504: ;   {runtime_call UncommonTrapBlob}
  0x000001a437511504: 6666 90e8 

  0x000001a437511508: ; ImmutableOopMap {}
                      ;*ifgt {reexecute=1 rethrow=0 return_oop=0}
                      ; - (reexecute) net.runelite.client.plugins.gpushared.shim.SceneGraphBridge::sendZone@9 (line 138)
                      ; - net.runelite.client.plugins.gpushared.GpuPluginShared::lambda$startUp$0@155 (line 321)
                      ; - net.runelite.client.plugins.gpushared.GpuPluginShared$$Lambda/0x000001a44f71e708::onZoneUploaded@9
                      ; - net.runelite.client.plugins.gpu.SceneUploader::uploadZone@386 (line 161)
  0x000001a437511508: f430 60ff 

  0x000001a43751150c: ;   {other}
  0x000001a43751150c: 0f1f 8400 | fc5d 0070 | 4983 c004 | ba45 ffff | ff8b 5c24 | 3889 5c24 | 2044 8b54 | 243c 4489 
  0x000001a43751152c: 5424 244c | 8b54 2430 | 4c89 5424 | 2844 894c | 2430 4489 | 5c24 3489 | 7c24 4089 | 7c24 4448 
  0x000001a43751154c: 8974 2450 | 4c89 4424 | 5848 8974 | 2460 894c 

  0x000001a43751155c: ;   {runtime_call UncommonTrapBlob}
  0x000001a43751155c: 2468 90e8 

  0x000001a437511560: ; ImmutableOopMap {[40]=Oop [64]=NarrowOop [68]=NarrowOop [80]=Oop [96]=Oop [104]=NarrowOop [184]=Oop }
                      ;*ifnull {reexecute=1 rethrow=0 return_oop=0}
                      ; - (reexecute) java.nio.Buffer::session@4 (line 792)
                      ; - java.nio.DirectByteBuffer::getInt@4 (line 744)
                      ; - java.nio.DirectByteBuffer::getInt@11 (line 761)
                      ; - net.runelite.client.plugins.gpushared.shim.SceneGraphBridge::isFull@8 (line 105)
                      ; - net.runelite.client.plugins.gpushared.shim.SceneGraphBridge::waitForSpace@1 (line 113)
                      ; - net.runelite.client.plugins.gpushared.shim.SceneGraphBridge::sendZone@14 (line 142)
                      ; - net.runelite.client.plugins.gpushared.GpuPluginShared::lambda$startUp$0@155 (line 321)
                      ; - net.runelite.client.plugins.gpushared.GpuPluginShared$$Lambda/0x000001a44f71e708::onZoneUploaded@9
                      ; - net.runelite.client.plugins.gpu.SceneUploader::uploadZone@386 (line 161)
  0x000001a437511560: 9c30 60ff 

  0x000001a437511564: ;   {other}
  0x000001a437511564: 0f1f 8400 | 545e 0071 | ba45 ffff | ff8b 6c24 | 284c 8b54 | 2438 4c89 | 5424 3044 | 8b54 242c 
  0x000001a437511584: 4489 5424 | 244c 8b54 | 2458 4c89 | 5424 2844 | 8b5c 2448 | 4489 5c24 | 3844 8b54 | 244c 4489 
  0x000001a4375115a4: 5424 4889 

  0x000001a4375115a8: ;   {runtime_call UncommonTrapBlob}
  0x000001a4375115a8: 4424 4ce8 

  0x000001a4375115ac: ; ImmutableOopMap {rbp=NarrowOop [36]=NarrowOop [40]=Oop [48]=Oop [56]=NarrowOop [72]=NarrowOop [96]=Oop [104]=NarrowOop [112]=Oop }
                      ;*ifeq {reexecute=1 rethrow=0 return_oop=0}
                      ; - (reexecute) java.nio.charset.CharsetEncoder::encode@93 (line 594)
                      ; - sun.nio.cs.StreamEncoder::implWrite@38 (line 370)
                      ; - sun.nio.cs.StreamEncoder::implWrite@11 (line 357)
                      ; - sun.nio.cs.StreamEncoder::lockedWrite@49 (line 158)
                      ; - sun.nio.cs.StreamEncoder::write@30 (line 139)
                      ; - java.io.OutputStreamWriter::write@7 (line 219)
                      ; - java.io.BufferedWriter::implFlushBuffer@25 (line 178)
                      ; - java.io.BufferedWriter::flushBuffer@22 (line 163)
                      ; - java.io.PrintStream::implWriteln@23 (line 848)
                      ; - java.io.PrintStream::writeln@16 (line 826)
                      ; - java.io.PrintStream::println@14 (line 1168)
                      ; - net.runelite.client.plugins.gpushared.GpuPluginShared::lambda$startUp$0@164 (line 322)
                      ; - net.runelite.client.plugins.gpushared.GpuPluginShared$$Lambda/0x000001a44f71e708::onZoneUploaded@9
                      ; - net.runelite.client.plugins.gpu.SceneUploader::uploadZone@386 (line 161)
  0x000001a4375115ac: 5030 60ff 

  0x000001a4375115b0: ;   {other}
  0x000001a4375115b0: 0f1f 8400 | a05e 0072 | ba45 ffff | ff44 8b54 | 2438 4489 | 5424 2444 | 8b5c 243c | 4489 5c24 
  0x000001a4375115d0: 2844 8b5c | 2450 4489 | 5c24 4044 | 894c 2444 | 4c8b 5424 | 604c 8954 

  0x000001a4375115e8: ;   {runtime_call UncommonTrapBlob}
  0x000001a4375115e8: 2458 90e8 

  0x000001a4375115ec: ; ImmutableOopMap {rbp=NarrowOop [48]=Oop [88]=Oop [96]=Oop [108]=NarrowOop [184]=Oop }
                      ;*ifnull {reexecute=1 rethrow=0 return_oop=0}
                      ; - (reexecute) java.nio.Buffer::session@4 (line 792)
                      ; - java.nio.DirectByteBuffer::put@4 (line 375)
                      ; - net.runelite.client.plugins.gpushared.shim.SceneGraphBridge::sendZone@57 (line 148)
                      ; - net.runelite.client.plugins.gpushared.GpuPluginShared::lambda$startUp$0@155 (line 321)
                      ; - net.runelite.client.plugins.gpushared.GpuPluginShared$$Lambda/0x000001a44f71e708::onZoneUploaded@9
                      ; - net.runelite.client.plugins.gpu.SceneUploader::uploadZone@386 (line 161)
  0x000001a4375115ec: 1030 60ff 

  0x000001a4375115f0: ;   {other}
  0x000001a4375115f0: 0f1f 8400 | e05e 0073 | ba45 ffff | ff8b 6c24 | 6c4c 8b5c | 2430 4c89 | 5c24 2044 | 8b5c 2470 
  0x000001a437511610: 4489 5c24 | 3044 8b44 | 2450 4489 | 4424 3444 | 8b44 244c | 4489 4424 | 3848 895c | 2448 4c8b 
  0x000001a437511630: 5c24 604c | 895c 2450 | 4889 5c24 | 5889 7424 | 3c89 7c24 | 6044 8954 

  0x000001a437511648: ;   {runtime_call UncommonTrapBlob}
  0x000001a437511648: 2470 90e8 

  0x000001a43751164c: ; ImmutableOopMap {rbp=NarrowOop [32]=Oop [60]=NarrowOop [72]=Oop [80]=Oop [88]=Oop [184]=Oop }
                      ;*ifge {reexecute=1 rethrow=0 return_oop=0}
                      ; - (reexecute) java.nio.Buffer::<init>@16 (line 252)
                      ; - java.nio.ByteBuffer::<init>@8 (line 316)
                      ; - java.nio.ByteBuffer::<init>@10 (line 324)
                      ; - java.nio.MappedByteBuffer::<init>@8 (line 100)
                      ; - java.nio.DirectByteBuffer::<init>@13 (line 222)
                      ; - java.nio.DirectByteBuffer::duplicate@34 (line 292)
                      ; - java.nio.DirectByteBuffer::duplicate@1 (line 42)
                      ; - net.runelite.client.plugins.gpushared.shim.SceneGraphBridge::sendZone@122 (line 154)
                      ; - net.runelite.client.plugins.gpushared.GpuPluginShared::lambda$startUp$0@155 (line 321)
                      ; - net.runelite.client.plugins.gpushared.GpuPluginShared$$Lambda/0x000001a44f71e708::onZoneUploaded@9
                      ; - net.runelite.client.plugins.gpu.SceneUploader::uploadZone@386 (line 161)
  0x000001a43751164c: b02f 60ff 

  0x000001a437511650: ;   {other}
  0x000001a437511650: 0f1f 8400 | 405f 0074 | ba45 ffff | ff8b 6c24 | 6c4c 8b5c | 2430 4c89 | 5c24 2044 | 8b44 2470 
  0x000001a437511670: 4489 4424 | 3044 8b5c | 2450 4489 | 5c24 3444 | 8b44 244c | 4489 4424 | 3c48 895c | 2448 4c8b 
  0x000001a437511690: 5c24 604c | 895c 2450 | 4889 5c24 | 5889 7424 | 6089 7c24 | 6444 8974 | 2478 4489 | ac24 9800 
  0x000001a4375116b0: 0000 4489 | 9424 9c00 

  0x000001a4375116b8: ;   {runtime_call UncommonTrapBlob}
  0x000001a4375116b8: 0000 90e8 

  0x000001a4375116bc: ; ImmutableOopMap {rbp=NarrowOop [32]=Oop [72]=Oop [80]=Oop [88]=Oop [96]=NarrowOop [184]=Oop }
                      ;*if_icmple {reexecute=1 rethrow=0 return_oop=0}
                      ; - (reexecute) java.nio.Buffer::limit@5 (line 379)
                      ; - java.nio.ByteBuffer::limit@2 (line 1565)
                      ; - java.nio.MappedByteBuffer::limit@2 (line 338)
                      ; - java.nio.MappedByteBuffer::limit@2 (line 73)
                      ; - java.nio.Buffer::<init>@39 (line 256)
                      ; - java.nio.ByteBuffer::<init>@8 (line 316)
                      ; - java.nio.ByteBuffer::<init>@10 (line 324)
                      ; - java.nio.MappedByteBuffer::<init>@8 (line 100)
                      ; - java.nio.DirectByteBuffer::<init>@13 (line 222)
                      ; - java.nio.DirectByteBuffer::duplicate@34 (line 292)
                      ; - java.nio.DirectByteBuffer::duplicate@1 (line 42)
                      ; - net.runelite.client.plugins.gpushared.shim.SceneGraphBridge::sendZone@122 (line 154)
                      ; - net.runelite.client.plugins.gpushared.GpuPluginShared::lambda$startUp$0@155 (line 321)
                      ; - net.runelite.client.plugins.gpushared.GpuPluginShared$$Lambda/0x000001a44f71e708::onZoneUploaded@9
                      ; - net.runelite.client.plugins.gpu.SceneUploader::uploadZone@386 (line 161)
  0x000001a4375116bc: 402f 60ff 

  0x000001a4375116c0: ;   {other}
  0x000001a4375116c0: 0f1f 8400 | b05f 0075 | ba45 ffff | ff8b 6c24 | 6c4c 8b54 | 2430 4c89 | 5424 2044 | 8b5c 2470 
  0x000001a4375116e0: 4489 5c24 | 3044 8b54 | 2450 4489 | 5424 3444 | 8b5c 244c | 4489 5c24 | 3c48 895c | 2448 4c8b 
  0x000001a437511700: 5424 604c | 8954 2450 | 4889 5c24 | 5889 7424 | 6089 7c24 | 6444 8974 | 2478 4489 | ac24 9800 
  0x000001a437511720: ;   {runtime_call UncommonTrapBlob}
  0x000001a437511720: 0000 90e8 

  0x000001a437511724: ; ImmutableOopMap {rbp=NarrowOop [32]=Oop [72]=Oop [80]=Oop [88]=Oop [96]=NarrowOop [184]=Oop }
                      ;*ifge {reexecute=1 rethrow=0 return_oop=0}
                      ; - (reexecute) java.nio.Buffer::limit@14 (line 379)
                      ; - java.nio.ByteBuffer::limit@2 (line 1565)
                      ; - java.nio.MappedByteBuffer::limit@2 (line 338)
                      ; - java.nio.MappedByteBuffer::limit@2 (line 73)
                      ; - java.nio.Buffer::<init>@39 (line 256)
                      ; - java.nio.ByteBuffer::<init>@8 (line 316)
                      ; - java.nio.ByteBuffer::<init>@10 (line 324)
                      ; - java.nio.MappedByteBuffer::<init>@8 (line 100)
                      ; - java.nio.DirectByteBuffer::<init>@13 (line 222)
                      ; - java.nio.DirectByteBuffer::duplicate@34 (line 292)
                      ; - java.nio.DirectByteBuffer::duplicate@1 (line 42)
                      ; - net.runelite.client.plugins.gpushared.shim.SceneGraphBridge::sendZone@122 (line 154)
                      ; - net.runelite.client.plugins.gpushared.GpuPluginShared::lambda$startUp$0@155 (line 321)
                      ; - net.runelite.client.plugins.gpushared.GpuPluginShared$$Lambda/0x000001a44f71e708::onZoneUploaded@9
                      ; - net.runelite.client.plugins.gpu.SceneUploader::uploadZone@386 (line 161)
  0x000001a437511724: d82e 60ff 

  0x000001a437511728: ;   {other}
  0x000001a437511728: 0f1f 8400 | 1860 0076 | ba45 ffff | ff44 8b5c | 246c 4489 | 5c24 204c | 8b54 2430 | 4c89 5424 
  0x000001a437511748: 2844 8b54 | 2470 4489 | 5424 2444 | 8b5c 2450 | 4489 5c24 | 3c44 8b54 | 244c 4489 | 5424 4048 
  0x000001a437511768: 895c 2450 | 4c8b 5424 | 604c 8954 | 2458 4889 | 5c24 6089 | 7424 4489 | 7c24 6844 | 8974 246c 
  0x000001a437511788: 4489 ac24 | 9800 0000 

  0x000001a437511790: ;   {runtime_call UncommonTrapBlob}
  0x000001a437511790: 6666 90e8 

  0x000001a437511794: ; ImmutableOopMap {[32]=NarrowOop [40]=Oop [68]=NarrowOop [80]=Oop [88]=Oop [96]=Oop [184]=Oop }
                      ;*if_icmple {reexecute=1 rethrow=0 return_oop=0}
                      ; - (reexecute) java.nio.Buffer::limit@55 (line 383)
                      ; - java.nio.ByteBuffer::limit@2 (line 1565)
                      ; - java.nio.MappedByteBuffer::limit@2 (line 338)
                      ; - java.nio.MappedByteBuffer::limit@2 (line 73)
                      ; - java.nio.Buffer::<init>@39 (line 256)
                      ; - java.nio.ByteBuffer::<init>@8 (line 316)
                      ; - java.nio.ByteBuffer::<init>@10 (line 324)
                      ; - java.nio.MappedByteBuffer::<init>@8 (line 100)
                      ; - java.nio.DirectByteBuffer::<init>@13 (line 222)
                      ; - java.nio.DirectByteBuffer::duplicate@34 (line 292)
                      ; - java.nio.DirectByteBuffer::duplicate@1 (line 42)
                      ; - net.runelite.client.plugins.gpushared.shim.SceneGraphBridge::sendZone@122 (line 154)
                      ; - net.runelite.client.plugins.gpushared.GpuPluginShared::lambda$startUp$0@155 (line 321)
                      ; - net.runelite.client.plugins.gpushared.GpuPluginShared$$Lambda/0x000001a44f71e708::onZoneUploaded@9
                      ; - net.runelite.client.plugins.gpu.SceneUploader::uploadZone@386 (line 161)
  0x000001a437511794: 682e 60ff 

  0x000001a437511798: ;   {other}
  0x000001a437511798: 0f1f 8400 | 8860 0077 | ba45 ffff | ff8b 6c24 | 6c4c 8b54 | 2430 4c89 | 5424 2044 | 8b5c 2470 
  0x000001a4375117b8: 4489 5c24 | 3044 8b54 | 2450 4489 | 5424 3444 | 8b5c 244c | 4489 5c24 | 3c48 895c | 2448 4c8b 
  0x000001a4375117d8: 5424 604c | 8954 2450 | 4889 5c24 | 5889 7424 | 6089 7c24 | 6444 8974 | 2478 4489 | ac24 9c00 
  0x000001a4375117f8: ;   {runtime_call UncommonTrapBlob}
  0x000001a4375117f8: 0000 90e8 

  0x000001a4375117fc: ; ImmutableOopMap {rbp=NarrowOop [32]=Oop [72]=Oop [80]=Oop [88]=Oop [96]=NarrowOop [184]=Oop }
                      ;*if_icmple {reexecute=1 rethrow=0 return_oop=0}
                      ; - (reexecute) java.nio.Buffer::position@5 (line 326)
                      ; - java.nio.ByteBuffer::position@2 (line 1551)
                      ; - java.nio.MappedByteBuffer::position@2 (line 328)
                      ; - java.nio.MappedByteBuffer::position@2 (line 73)
                      ; - java.nio.Buffer::<init>@45 (line 257)
                      ; - java.nio.ByteBuffer::<init>@8 (line 316)
                      ; - java.nio.ByteBuffer::<init>@10 (line 324)
                      ; - java.nio.MappedByteBuffer::<init>@8 (line 100)
                      ; - java.nio.DirectByteBuffer::<init>@13 (line 222)
                      ; - java.nio.DirectByteBuffer::duplicate@34 (line 292)
                      ; - java.nio.DirectByteBuffer::duplicate@1 (line 42)
                      ; - net.runelite.client.plugins.gpushared.shim.SceneGraphBridge::sendZone@122 (line 154)
                      ; - net.runelite.client.plugins.gpushared.GpuPluginShared::lambda$startUp$0@155 (line 321)
                      ; - net.runelite.client.plugins.gpushared.GpuPluginShared$$Lambda/0x000001a44f71e708::onZoneUploaded@9
                      ; - net.runelite.client.plugins.gpu.SceneUploader::uploadZone@386 (line 161)
  0x000001a4375117fc: 002e 60ff 

  0x000001a437511800: ;   {other}
  0x000001a437511800: 0f1f 8400 | f060 0078 | ba45 ffff | ff8b 6c24 | 6c4c 8b54 | 2430 4c89 | 5424 2044 | 8b54 2470 
  0x000001a437511820: 4489 5424 | 3044 8b54 | 2450 4489 | 5424 3444 | 8b5c 244c | 4489 5c24 | 3c48 895c | 2448 4c8b 
  0x000001a437511840: 5424 604c | 8954 2450 | 4889 5c24 | 5889 7424 | 6089 7c24 | 6444 8974 

  0x000001a437511858: ;   {runtime_call UncommonTrapBlob}
  0x000001a437511858: 2478 90e8 

  0x000001a43751185c: ; ImmutableOopMap {rbp=NarrowOop [32]=Oop [72]=Oop [80]=Oop [88]=Oop [96]=NarrowOop [184]=Oop }
                      ;*ifge {reexecute=1 rethrow=0 return_oop=0}
                      ; - (reexecute) java.nio.Buffer::position@14 (line 326)
                      ; - java.nio.ByteBuffer::position@2 (line 1551)
                      ; - java.nio.MappedByteBuffer::position@2 (line 328)
                      ; - java.nio.MappedByteBuffer::position@2 (line 73)
                      ; - java.nio.Buffer::<init>@45 (line 257)
                      ; - java.nio.ByteBuffer::<init>@8 (line 316)
                      ; - java.nio.ByteBuffer::<init>@10 (line 324)
                      ; - java.nio.MappedByteBuffer::<init>@8 (line 100)
                      ; - java.nio.DirectByteBuffer::<init>@13 (line 222)
                      ; - java.nio.DirectByteBuffer::duplicate@34 (line 292)
                      ; - java.nio.DirectByteBuffer::duplicate@1 (line 42)
                      ; - net.runelite.client.plugins.gpushared.shim.SceneGraphBridge::sendZone@122 (line 154)
                      ; - net.runelite.client.plugins.gpushared.GpuPluginShared::lambda$startUp$0@155 (line 321)
                      ; - net.runelite.client.plugins.gpushared.GpuPluginShared$$Lambda/0x000001a44f71e708::onZoneUploaded@9
                      ; - net.runelite.client.plugins.gpu.SceneUploader::uploadZone@386 (line 161)
  0x000001a43751185c: a02d 60ff 

  0x000001a437511860: ;   {other}
  0x000001a437511860: 0f1f 8400 | 5061 0079 | ba45 ffff | ff4c 8b54 | 2430 4c89 | 5424 2044 | 8b54 2450 | 4489 5424 
  0x000001a437511880: 3044 8b5c | 244c 4489 | 5c24 3448 | 8974 2440 | 4889 7424 | 4889 5c24 | 5c89 7c24 

  0x000001a43751189c: ;   {runtime_call UncommonTrapBlob}
  0x000001a43751189c: 6066 90e8 

  0x000001a4375118a0: ; ImmutableOopMap {[32]=Oop [64]=Oop [72]=Oop [108]=NarrowOop [184]=Oop }
                      ;*if_icmple {reexecute=1 rethrow=0 return_oop=0}
                      ; - (reexecute) java.nio.Buffer::position@5 (line 326)
                      ; - java.nio.ByteBuffer::position@2 (line 1551)
                      ; - java.nio.MappedByteBuffer::position@2 (line 328)
                      ; - java.nio.MappedByteBuffer::position@2 (line 73)
                      ; - net.runelite.client.plugins.gpushared.shim.SceneGraphBridge::sendZone@140 (line 155)
                      ; - net.runelite.client.plugins.gpushared.GpuPluginShared::lambda$startUp$0@155 (line 321)
                      ; - net.runelite.client.plugins.gpushared.GpuPluginShared$$Lambda/0x000001a44f71e708::onZoneUploaded@9
                      ; - net.runelite.client.plugins.gpu.SceneUploader::uploadZone@386 (line 161)
  0x000001a4375118a0: 5c2d 60ff 

  0x000001a4375118a4: ;   {other}
  0x000001a4375118a4: 0f1f 8400 | 9461 007a | ba45 ffff | ff4c 8b54 | 2430 4c89 | 5424 2048 | 8974 2438 | 895c 2440 
  0x000001a4375118c4: 897c 2448 

  0x000001a4375118c8: ;   {runtime_call UncommonTrapBlob}
  0x000001a4375118c8: 6666 90e8 

  0x000001a4375118cc: ; ImmutableOopMap {[32]=Oop [56]=Oop [108]=NarrowOop [184]=Oop }
                      ;*ifge {reexecute=1 rethrow=0 return_oop=0}
                      ; - (reexecute) java.nio.Buffer::<init>@16 (line 252)
                      ; - java.nio.IntBuffer::<init>@8 (line 316)
                      ; - java.nio.IntBuffer::<init>@10 (line 324)
                      ; - java.nio.DirectIntBufferU::<init>@9 (line 222)
                      ; - java.nio.DirectByteBuffer::asIntBuffer@153 (line 824)
                      ; - net.runelite.client.plugins.gpushared.shim.SceneGraphBridge::sendZone@146 (line 156)
                      ; - net.runelite.client.plugins.gpushared.GpuPluginShared::lambda$startUp$0@155 (line 321)
                      ; - net.runelite.client.plugins.gpushared.GpuPluginShared$$Lambda/0x000001a44f71e708::onZoneUploaded@9
                      ; - net.runelite.client.plugins.gpu.SceneUploader::uploadZone@386 (line 161)
  0x000001a4375118cc: 302d 60ff 

  0x000001a4375118d0: ;   {other}
  0x000001a4375118d0: 0f1f 8400 | c061 007b | ba45 ffff | ff4c 8b54 | 2430 4c89 | 5424 2044 | 8b54 2450 | 4489 5424 
  0x000001a4375118f0: 3044 8b5c | 244c 4489 | 5c24 3448 | 8974 2438 | 895c 2440 | 897c 2448 | 897c 244c | 4489 6c24 
  0x000001a437511910: ;   {runtime_call UncommonTrapBlob}
  0x000001a437511910: 5066 90e8 

  0x000001a437511914: ; ImmutableOopMap {[32]=Oop [56]=Oop [80]=NarrowOop [108]=NarrowOop [184]=Oop }
                      ;*if_icmple {reexecute=1 rethrow=0 return_oop=0}
                      ; - (reexecute) java.nio.Buffer::limit@55 (line 383)
                      ; - java.nio.IntBuffer::limit@2 (line 1565)
                      ; - java.nio.IntBuffer::limit@2 (line 285)
                      ; - java.nio.Buffer::<init>@39 (line 256)
                      ; - java.nio.IntBuffer::<init>@8 (line 316)
                      ; - java.nio.IntBuffer::<init>@10 (line 324)
                      ; - java.nio.DirectIntBufferU::<init>@9 (line 222)
                      ; - java.nio.DirectByteBuffer::asIntBuffer@153 (line 824)
                      ; - net.runelite.client.plugins.gpushared.shim.SceneGraphBridge::sendZone@146 (line 156)
                      ; - net.runelite.client.plugins.gpushared.GpuPluginShared::lambda$startUp$0@155 (line 321)
                      ; - net.runelite.client.plugins.gpushared.GpuPluginShared$$Lambda/0x000001a44f71e708::onZoneUploaded@9
                      ; - net.runelite.client.plugins.gpu.SceneUploader::uploadZone@386 (line 161)
  0x000001a437511914: e82c 60ff 

  0x000001a437511918: ;   {other}
  0x000001a437511918: 0f1f 8400 | 0862 007c | ba45 ffff | ff4c 8b54 | 2430 4c89 | 5424 2844 | 8b5c 2448 | 4489 5c24 
  0x000001a437511938: 3444 8b5c | 244c 4489 | 5c24 3844 | 8b54 2450 | 4489 5424 | 4044 8954 | 2444 4c89 | 7424 4889 
  0x000001a437511958: 7c24 5444 | 896c 2458 | 4889 7424 

  0x000001a437511964: ;   {runtime_call UncommonTrapBlob}
  0x000001a437511964: 6066 90e8 

  0x000001a437511968: ; ImmutableOopMap {[40]=Oop [88]=NarrowOop [96]=Oop [108]=NarrowOop [184]=Oop }
                      ;*if_icmple {reexecute=1 rethrow=0 return_oop=0}
                      ; - (reexecute) jdk.internal.util.Preconditions::checkFromIndexSize@12 (line 396)
                      ; - java.util.Objects::checkFromIndexSize@4 (line 437)
                      ; - java.nio.IntBuffer::put@19 (line 1207)
                      ; - net.runelite.client.plugins.gpushared.shim.SceneGraphBridge::sendZone@157 (line 157)
                      ; - net.runelite.client.plugins.gpushared.GpuPluginShared::lambda$startUp$0@155 (line 321)
                      ; - net.runelite.client.plugins.gpushared.GpuPluginShared$$Lambda/0x000001a44f71e708::onZoneUploaded@9
                      ; - net.runelite.client.plugins.gpu.SceneUploader::uploadZone@386 (line 161)
  0x000001a437511968: 942c 60ff 

  0x000001a43751196c: ;   {other}
  0x000001a43751196c: 0f1f 8400 | 5c62 007d | ba45 ffff | ff44 8b5c | 244c 4489 | 5c24 284c | 8974 2438 | 897c 2434 
  0x000001a43751198c: 897c 2440 | 4489 6c24 | 4448 8974 

  0x000001a437511998: ;   {runtime_call UncommonTrapBlob}
  0x000001a437511998: 2448 90e8 

  0x000001a43751199c: ; ImmutableOopMap {[68]=NarrowOop [72]=Oop [108]=NarrowOop [184]=Oop }
                      ;*if_icmple {reexecute=1 rethrow=0 return_oop=0}
                      ; - (reexecute) java.nio.IntBuffer::put@37 (line 1209)
                      ; - net.runelite.client.plugins.gpushared.shim.SceneGraphBridge::sendZone@157 (line 157)
                      ; - net.runelite.client.plugins.gpushared.GpuPluginShared::lambda$startUp$0@155 (line 321)
                      ; - net.runelite.client.plugins.gpushared.GpuPluginShared$$Lambda/0x000001a44f71e708::onZoneUploaded@9
                      ; - net.runelite.client.plugins.gpu.SceneUploader::uploadZone@386 (line 161)
  0x000001a43751199c: 602c 60ff 

  0x000001a4375119a0: ;   {other}
  0x000001a4375119a0: 0f1f 8400 | 9062 007e | ba45 ffff | ff4c 8b54 | 2430 4c89 | 5424 2844 | 8b5c 244c | 4489 5c24 
  0x000001a4375119c0: 3044 8b54 | 2450 4489 | 5424 344c | 8974 2450 | 897c 2458 | 4489 6c24 | 5c48 8974 

  0x000001a4375119dc: ;   {runtime_call UncommonTrapBlob}
  0x000001a4375119dc: 2460 90e8 

  0x000001a4375119e0: ; ImmutableOopMap {[40]=Oop [92]=NarrowOop [96]=Oop [108]=NarrowOop [184]=Oop }
                      ;*ifnull {reexecute=1 rethrow=0 return_oop=0}
                      ; - (reexecute) java.nio.Buffer::session@4 (line 792)
                      ; - java.nio.IntBuffer::putArray@83 (line 1356)
                      ; - java.nio.IntBuffer::put@54 (line 1212)
                      ; - net.runelite.client.plugins.gpushared.shim.SceneGraphBridge::sendZone@157 (line 157)
                      ; - net.runelite.client.plugins.gpushared.GpuPluginShared::lambda$startUp$0@155 (line 321)
                      ; - net.runelite.client.plugins.gpushared.GpuPluginShared$$Lambda/0x000001a44f71e708::onZoneUploaded@9
                      ; - net.runelite.client.plugins.gpu.SceneUploader::uploadZone@386 (line 161)
  0x000001a4375119e0: 1c2c 60ff 

  0x000001a4375119e4: ;   {other}
  0x000001a4375119e4: 0f1f 8400 | d462 007f | 4533 db4d | 3bd3 bdff | ffff ff7c | 0840 0f95 | c540 0fb6 | edba 45ff 
  0x000001a437511a04: ffff 448b | 5c24 4c44 | 895c 2424 | 4c89 7424 | 3889 7c24 | 4044 896c | 2444 4889 

  0x000001a437511a20: ;   {runtime_call UncommonTrapBlob}
  0x000001a437511a20: 7424 48e8 

  0x000001a437511a24: ; ImmutableOopMap {[68]=NarrowOop [72]=Oop [108]=NarrowOop [184]=Oop }
                      ;*ifne {reexecute=1 rethrow=0 return_oop=0}
                      ; - (reexecute) jdk.internal.misc.Unsafe::copyMemory@16 (line 802)
                      ; - jdk.internal.misc.ScopedMemoryAccess::copyMemoryInternal@28 (line 147)
                      ; - jdk.internal.misc.ScopedMemoryAccess::copyMemory@12 (line 129)
                      ; - java.nio.IntBuffer::putArray@97 (line 1355)
                      ; - java.nio.IntBuffer::put@54 (line 1212)
                      ; - net.runelite.client.plugins.gpushared.shim.SceneGraphBridge::sendZone@157 (line 157)
                      ; - net.runelite.client.plugins.gpushared.GpuPluginShared::lambda$startUp$0@155 (line 321)
                      ; - net.runelite.client.plugins.gpushared.GpuPluginShared$$Lambda/0x000001a44f71e708::onZoneUploaded@9
                      ; - net.runelite.client.plugins.gpu.SceneUploader::uploadZone@386 (line 161)
  0x000001a437511a24: d82b 60ff 

  0x000001a437511a28: ;   {other}
  0x000001a437511a28: 0f1f 8400 | 1863 0080 | ba45 ffff | ff4c 8954 | 2428 4c89 | 4424 3089 | 4c24 384c | 8954 2440 
  0x000001a437511a48: ;   {runtime_call UncommonTrapBlob}
  0x000001a437511a48: 6666 90e8 

  0x000001a437511a4c: ; ImmutableOopMap {rbp=NarrowOop [40]=Oop [64]=Oop }
                      ;*ifnull {reexecute=1 rethrow=0 return_oop=0}
                      ; - (reexecute) java.nio.Buffer::session@4 (line 792)
                      ; - java.nio.DirectByteBuffer::putInt@7 (line 773)
                      ; - java.nio.DirectByteBuffer::putInt@12 (line 794)
                      ; - net.runelite.client.plugins.gpushared.shim.SceneGraphBridge::commitSlot@22 (line 129)
                      ; - net.runelite.client.plugins.gpushared.shim.SceneGraphBridge::sendZone@183 (line 163)
                      ; - net.runelite.client.plugins.gpushared.GpuPluginShared::lambda$startUp$0@155 (line 321)
                      ; - net.runelite.client.plugins.gpushared.GpuPluginShared$$Lambda/0x000001a44f71e708::onZoneUploaded@9
                      ; - net.runelite.client.plugins.gpu.SceneUploader::uploadZone@386 (line 161)
  0x000001a437511a4c: b02b 60ff 

  0x000001a437511a50: ;   {other}
  0x000001a437511a50: 0f1f 8400 | 4063 0081 | ba45 ffff | ff44 8954 

  0x000001a437511a60: ;   {runtime_call UncommonTrapBlob}
  0x000001a437511a60: 2424 90e8 

  0x000001a437511a64: ; ImmutableOopMap {rbp=NarrowOop [36]=NarrowOop }
                      ;*ifnonnull {reexecute=1 rethrow=0 return_oop=0}
                      ; - (reexecute) java.io.PrintStream::ensureOpen@4 (line 435)
                      ; - java.io.PrintStream::implWriteln@1 (line 845)
                      ; - java.io.PrintStream::writeln@16 (line 826)
                      ; - java.io.PrintStream::println@14 (line 1168)
                      ; - net.runelite.client.plugins.gpushared.GpuPluginShared::lambda$startUp$0@164 (line 322)
                      ; - net.runelite.client.plugins.gpushared.GpuPluginShared$$Lambda/0x000001a44f71e708::onZoneUploaded@9
                      ; - net.runelite.client.plugins.gpu.SceneUploader::uploadZone@386 (line 161)
  0x000001a437511a64: 982b 60ff 

  0x000001a437511a68: ;   {other}
  0x000001a437511a68: 0f1f 8400 | 5863 0082 | ba45 ffff | ff44 8974 | 2420 4c89 | 5c24 2844 | 8944 2424 

  0x000001a437511a84: ;   {runtime_call UncommonTrapBlob}
  0x000001a437511a84: 6666 90e8 

  0x000001a437511a88: ; ImmutableOopMap {[32]=NarrowOop [40]=Oop }
                      ;*ifne {reexecute=1 rethrow=0 return_oop=0}
                      ; - (reexecute) java.io.BufferedWriter::implFlushBuffer@8 (line 176)
                      ; - java.io.BufferedWriter::flushBuffer@22 (line 163)
                      ; - java.io.PrintStream::implWriteln@23 (line 848)
                      ; - java.io.PrintStream::writeln@16 (line 826)
                      ; - java.io.PrintStream::println@14 (line 1168)
                      ; - net.runelite.client.plugins.gpushared.GpuPluginShared::lambda$startUp$0@164 (line 322)
                      ; - net.runelite.client.plugins.gpushared.GpuPluginShared$$Lambda/0x000001a44f71e708::onZoneUploaded@9
                      ; - net.runelite.client.plugins.gpu.SceneUploader::uploadZone@386 (line 161)
  0x000001a437511a88: 742b 60ff 

  0x000001a437511a8c: ;   {other}
  0x000001a437511a8c: 0f1f 8400 | 7c63 0083 | ba45 ffff | ff44 8b5c | 2428 4489 | 5c24 244c | 8b5c 2438 | 4c89 5c24 
  0x000001a437511aac: 3044 8b5c | 242c 4489 

  0x000001a437511ab4: ;   {runtime_call UncommonTrapBlob}
  0x000001a437511ab4: 5c24 28e8 

  0x000001a437511ab8: ; ImmutableOopMap {[36]=NarrowOop [40]=NarrowOop [48]=Oop [76]=NarrowOop [80]=NarrowOop [88]=Oop }
                      ;*ifeq {reexecute=1 rethrow=0 return_oop=0}
                      ; - (reexecute) sun.nio.cs.StreamEncoder::ensureOpen@4 (line 51)
                      ; - sun.nio.cs.StreamEncoder::lockedWrite@1 (line 151)
                      ; - sun.nio.cs.StreamEncoder::write@30 (line 139)
                      ; - java.io.OutputStreamWriter::write@7 (line 219)
                      ; - java.io.BufferedWriter::implFlushBuffer@25 (line 178)
                      ; - java.io.BufferedWriter::flushBuffer@22 (line 163)
                      ; - java.io.PrintStream::implWriteln@23 (line 848)
                      ; - java.io.PrintStream::writeln@16 (line 826)
                      ; - java.io.PrintStream::println@14 (line 1168)
                      ; - net.runelite.client.plugins.gpushared.GpuPluginShared::lambda$startUp$0@164 (line 322)
                      ; - net.runelite.client.plugins.gpushared.GpuPluginShared$$Lambda/0x000001a44f71e708::onZoneUploaded@9
                      ; - net.runelite.client.plugins.gpu.SceneUploader::uploadZone@386 (line 161)
  0x000001a437511ab8: 442b 60ff 

  0x000001a437511abc: ;   {other}
  0x000001a437511abc: 0f1f 8400 | ac63 0084 | ba3d ffff | ff8b 6c24 | 284c 8b4c | 2438 4c89 | 4c24 3044 | 8b4c 242c 
  0x000001a437511adc: 4489 4c24 | 2444 8944 

  0x000001a437511ae4: ;   {runtime_call UncommonTrapBlob}
  0x000001a437511ae4: 2444 90e8 

  0x000001a437511ae8: ; ImmutableOopMap {rbp=NarrowOop [36]=NarrowOop [48]=Oop [76]=NarrowOop [80]=NarrowOop [88]=Oop }
                      ;*iflt {reexecute=1 rethrow=0 return_oop=0}
                      ; - (reexecute) sun.nio.cs.StreamEncoder::lockedWrite@15 (line 152)
                      ; - sun.nio.cs.StreamEncoder::write@30 (line 139)
                      ; - java.io.OutputStreamWriter::write@7 (line 219)
                      ; - java.io.BufferedWriter::implFlushBuffer@25 (line 178)
                      ; - java.io.BufferedWriter::flushBuffer@22 (line 163)
                      ; - java.io.PrintStream::implWriteln@23 (line 848)
                      ; - java.io.PrintStream::writeln@16 (line 826)
                      ; - java.io.PrintStream::println@14 (line 1168)
                      ; - net.runelite.client.plugins.gpushared.GpuPluginShared::lambda$startUp$0@164 (line 322)
                      ; - net.runelite.client.plugins.gpushared.GpuPluginShared$$Lambda/0x000001a44f71e708::onZoneUploaded@9
                      ; - net.runelite.client.plugins.gpu.SceneUploader::uploadZone@386 (line 161)
  0x000001a437511ae8: 142b 60ff 

  0x000001a437511aec: ;   {other}
  0x000001a437511aec: 0f1f 8400 | dc63 0085 | ba45 ffff | ff44 8b5c | 2428 4489 | 5c24 244c | 8b5c 2438 | 4c89 5c24 
  0x000001a437511b0c: 3044 8b5c | 242c 4489 | 5c24 284c | 8944 2440 

  0x000001a437511b1c: ;   {runtime_call UncommonTrapBlob}
  0x000001a437511b1c: 6666 90e8 

  0x000001a437511b20: ; ImmutableOopMap {[36]=NarrowOop [40]=NarrowOop [48]=Oop [64]=Oop [80]=NarrowOop [88]=Oop }
                      ;*ifeq {reexecute=1 rethrow=0 return_oop=0}
                      ; - (reexecute) sun.nio.cs.StreamEncoder::implWrite@4 (line 363)
                      ; - sun.nio.cs.StreamEncoder::implWrite@11 (line 357)
                      ; - sun.nio.cs.StreamEncoder::lockedWrite@49 (line 158)
                      ; - sun.nio.cs.StreamEncoder::write@30 (line 139)
                      ; - java.io.OutputStreamWriter::write@7 (line 219)
                      ; - java.io.BufferedWriter::implFlushBuffer@25 (line 178)
                      ; - java.io.BufferedWriter::flushBuffer@22 (line 163)
                      ; - java.io.PrintStream::implWriteln@23 (line 848)
                      ; - java.io.PrintStream::writeln@16 (line 826)
                      ; - java.io.PrintStream::println@14 (line 1168)
                      ; - net.runelite.client.plugins.gpushared.GpuPluginShared::lambda$startUp$0@164 (line 322)
                      ; - net.runelite.client.plugins.gpushared.GpuPluginShared$$Lambda/0x000001a44f71e708::onZoneUploaded@9
                      ; - net.runelite.client.plugins.gpu.SceneUploader::uploadZone@386 (line 161)
  0x000001a437511b20: dc2a 60ff 

  0x000001a437511b24: ;   {other}
  0x000001a437511b24: 0f1f 8400 | 1464 0086 | ba45 ffff | ff8b 6c24 | 284c 8b54 | 2438 4c89 | 5424 3044 | 8b5c 242c 
  0x000001a437511b44: 4489 5c24 | 2489 4424 

  0x000001a437511b4c: ;   {runtime_call UncommonTrapBlob}
  0x000001a437511b4c: 3c66 90e8 

  0x000001a437511b50: ; ImmutableOopMap {rbp=NarrowOop [36]=NarrowOop [48]=Oop [72]=NarrowOop [88]=Oop [96]=Oop }
                      ;*if_icmpne {reexecute=1 rethrow=0 return_oop=0}
                      ; - (reexecute) sun.nio.cs.StreamEncoder::implWrite@80 (line 373)
                      ; - sun.nio.cs.StreamEncoder::implWrite@11 (line 357)
                      ; - sun.nio.cs.StreamEncoder::lockedWrite@49 (line 158)
                      ; - sun.nio.cs.StreamEncoder::write@30 (line 139)
                      ; - java.io.OutputStreamWriter::write@7 (line 219)
                      ; - java.io.BufferedWriter::implFlushBuffer@25 (line 178)
                      ; - java.io.BufferedWriter::flushBuffer@22 (line 163)
                      ; - java.io.PrintStream::implWriteln@23 (line 848)
                      ; - java.io.PrintStream::writeln@16 (line 826)
                      ; - java.io.PrintStream::println@14 (line 1168)
                      ; - net.runelite.client.plugins.gpushared.GpuPluginShared::lambda$startUp$0@164 (line 322)
                      ; - net.runelite.client.plugins.gpushared.GpuPluginShared$$Lambda/0x000001a44f71e708::onZoneUploaded@9
                      ; - net.runelite.client.plugins.gpu.SceneUploader::uploadZone@386 (line 161)
  0x000001a437511b50: ac2a 60ff 

  0x000001a437511b54: ;   {other}
  0x000001a437511b54: 0f1f 8400 | 4464 0087 | ba45 ffff 

  0x000001a437511b60: ;   {runtime_call UncommonTrapBlob}
  0x000001a437511b60: ff66 90e8 

  0x000001a437511b64: ; ImmutableOopMap {[40]=NarrowOop }
                      ;*ifeq {reexecute=1 rethrow=0 return_oop=0}
                      ; - (reexecute) java.io.PrintStream::implWriteln@37 (line 850)
                      ; - java.io.PrintStream::writeln@16 (line 826)
                      ; - java.io.PrintStream::println@14 (line 1168)
                      ; - net.runelite.client.plugins.gpushared.GpuPluginShared::lambda$startUp$0@164 (line 322)
                      ; - net.runelite.client.plugins.gpushared.GpuPluginShared$$Lambda/0x000001a44f71e708::onZoneUploaded@9
                      ; - net.runelite.client.plugins.gpu.SceneUploader::uploadZone@386 (line 161)
  0x000001a437511b64: 982a 60ff 

  0x000001a437511b68: ;   {other}
  0x000001a437511b68: 0f1f 8400 | 5864 0088 | bac6 ffff | ff8b 6c24 | 284c 8b4c | 2438 4c89 | 4c24 3044 | 8b4c 242c 
  0x000001a437511b88: 4489 4c24 | 244c 8b4c | 2458 4c89 | 4c24 2844 | 8944 2438 | 4c89 5c24 | 4844 8954 | 2454 4c89 
  0x000001a437511ba8: 5c24 5889 

  0x000001a437511bac: ;   {runtime_call UncommonTrapBlob}
  0x000001a437511bac: 5c24 60e8 

  0x000001a437511bb0: ; ImmutableOopMap {rbp=NarrowOop [36]=NarrowOop [40]=Oop [48]=Oop [56]=NarrowOop [72]=Oop [84]=NarrowOop [88]=Oop [96]=NarrowOop }
                      ;*invokevirtual encodeLoop {reexecute=0 rethrow=0 return_oop=0}
                      ; - java.nio.charset.CharsetEncoder::encode@57 (line 586)
                      ; - sun.nio.cs.StreamEncoder::implWrite@38 (line 370)
                      ; - sun.nio.cs.StreamEncoder::implWrite@11 (line 357)
                      ; - sun.nio.cs.StreamEncoder::lockedWrite@49 (line 158)
                      ; - sun.nio.cs.StreamEncoder::write@30 (line 139)
                      ; - java.io.OutputStreamWriter::write@7 (line 219)
                      ; - java.io.BufferedWriter::implFlushBuffer@25 (line 178)
                      ; - java.io.BufferedWriter::flushBuffer@22 (line 163)
                      ; - java.io.PrintStream::implWriteln@23 (line 848)
                      ; - java.io.PrintStream::writeln@16 (line 826)
                      ; - java.io.PrintStream::println@14 (line 1168)
                      ; - net.runelite.client.plugins.gpushared.GpuPluginShared::lambda$startUp$0@164 (line 322)
                      ; - net.runelite.client.plugins.gpushared.GpuPluginShared$$Lambda/0x000001a44f71e708::onZoneUploaded@9
                      ; - net.runelite.client.plugins.gpu.SceneUploader::uploadZone@386 (line 161)
  0x000001a437511bb0: 4c2a 60ff 

  0x000001a437511bb4: ;   {other}
  0x000001a437511bb4: 0f1f 8400 | a464 0089 | 4d63 d5e9 | 21c0 ffff | bade ffff | ff8b 6c24 | 3844 8b44 | 243c 4489 
  0x000001a437511bd4: 4424 204c | 8b44 2430 | 4c89 4424 | 2844 8954 | 2434 4c89 | 5c24 3848 | 895c 2440 

  0x000001a437511bf0: ;   {runtime_call UncommonTrapBlob}
  0x000001a437511bf0: 6666 90e8 

  0x000001a437511bf4: ; ImmutableOopMap {[40]=Oop [56]=Oop [64]=Oop [80]=NarrowOop }
                      ;*invokevirtual duplicate {reexecute=0 rethrow=0 return_oop=0}
                      ; - net.runelite.client.plugins.gpushared.GpuPluginShared::lambda$startUp$0@119 (line 316)
                      ; - net.runelite.client.plugins.gpushared.GpuPluginShared$$Lambda/0x000001a44f71e708::onZoneUploaded@9
                      ; - net.runelite.client.plugins.gpu.SceneUploader::uploadZone@386 (line 161)
  0x000001a437511bf4: 082a 60ff 

  0x000001a437511bf8: ;   {other}
  0x000001a437511bf8: 0f1f 8400 | e864 008a | ba45 ffff | ff44 8954 | 2430 4489 | 5c24 344c | 8974 2438 | 448b 5424 
  0x000001a437511c18: 5044 8954 | 2440 897c | 2448 4489 | 6c24 4c48 | 8974 2450 

  0x000001a437511c2c: ;   {runtime_call UncommonTrapBlob}
  0x000001a437511c2c: 6666 90e8 

  0x000001a437511c30: ; ImmutableOopMap {[76]=NarrowOop [80]=Oop [108]=NarrowOop [184]=Oop }
                      ;*iflt {reexecute=1 rethrow=0 return_oop=0}
                      ; - (reexecute) jdk.internal.util.Preconditions::checkFromIndexSize@5 (line 396)
                      ; - java.util.Objects::checkFromIndexSize@4 (line 437)
                      ; - java.nio.IntBuffer::put@19 (line 1207)
                      ; - net.runelite.client.plugins.gpushared.shim.SceneGraphBridge::sendZone@178 (line 160)
                      ; - net.runelite.client.plugins.gpushared.GpuPluginShared::lambda$startUp$0@155 (line 321)
                      ; - net.runelite.client.plugins.gpushared.GpuPluginShared$$Lambda/0x000001a44f71e708::onZoneUploaded@9
                      ; - net.runelite.client.plugins.gpu.SceneUploader::uploadZone@386 (line 161)
  0x000001a437511c30: cc29 60ff 

  0x000001a437511c34: ;   {other}
  0x000001a437511c34: 0f1f 8400 | 2465 008b | 41ba 0600 | 0000 4d3b | cabd ffff | ffff 7c08 | 400f 95c5 | 400f b6ed 
  0x000001a437511c54: ba45 ffff | ff44 8b54 | 2450 4489 | 5424 3444 | 8944 2438 | 4c89 7424 | 4044 8954 | 243c 897c 
  0x000001a437511c74: 244c 4489 | 6c24 5048 | 8974 2458 

  0x000001a437511c80: ;   {runtime_call UncommonTrapBlob}
  0x000001a437511c80: 6666 90e8 

  0x000001a437511c84: ; ImmutableOopMap {[80]=NarrowOop [88]=Oop [108]=NarrowOop [184]=Oop }
                      ;*ifle {reexecute=1 rethrow=0 return_oop=0}
                      ; - (reexecute) java.nio.IntBuffer::putArray@9 (line 1337)
                      ; - java.nio.IntBuffer::put@54 (line 1212)
                      ; - net.runelite.client.plugins.gpushared.shim.SceneGraphBridge::sendZone@178 (line 160)
                      ; - net.runelite.client.plugins.gpushared.GpuPluginShared::lambda$startUp$0@155 (line 321)
                      ; - net.runelite.client.plugins.gpushared.GpuPluginShared$$Lambda/0x000001a44f71e708::onZoneUploaded@9
                      ; - net.runelite.client.plugins.gpu.SceneUploader::uploadZone@386 (line 161)
  0x000001a437511c84: 7829 60ff 

  0x000001a437511c88: ;   {other}
  0x000001a437511c88: 0f1f 8400 | 7865 008c | 498b d749 | ba20 6b16 | 4bff 7f00 | 0041 ffd2 

  0x000001a437511ca0: ;   {other}
  0x000001a437511ca0: 0f1f 8400 | 0000 0000 | e98d c1ff | ff49 8bd7 | 49ba 206b | 164b ff7f | 0000 41ff 

  0x000001a437511cbc: ;   {other}
  0x000001a437511cbc: d20f 1f84 | 0000 0000 | 00e9 48c1 | ffff ba45 | ffff ff44 | 8954 242c | 4489 5424 | 3444 895c 
  0x000001a437511cdc: 2438 4c89 | 7424 4044 | 8b54 2450 | 4489 5424 | 3c89 7c24 | 4c44 896c | 2450 4889 

  0x000001a437511cf8: ;   {runtime_call UncommonTrapBlob}
  0x000001a437511cf8: 7424 58e8 

  0x000001a437511cfc: ; ImmutableOopMap {[80]=NarrowOop [88]=Oop [108]=NarrowOop [184]=Oop }
                      ;*if_icmple {reexecute=1 rethrow=0 return_oop=0}
                      ; - (reexecute) jdk.internal.util.Preconditions::checkFromIndexSize@12 (line 396)
                      ; - java.util.Objects::checkFromIndexSize@4 (line 437)
                      ; - java.nio.IntBuffer::put@19 (line 1207)
                      ; - net.runelite.client.plugins.gpushared.shim.SceneGraphBridge::sendZone@178 (line 160)
                      ; - net.runelite.client.plugins.gpushared.GpuPluginShared::lambda$startUp$0@155 (line 321)
                      ; - net.runelite.client.plugins.gpushared.GpuPluginShared$$Lambda/0x000001a44f71e708::onZoneUploaded@9
                      ; - net.runelite.client.plugins.gpu.SceneUploader::uploadZone@386 (line 161)
  0x000001a437511cfc: 0029 60ff 

  0x000001a437511d00: ;   {other}
  0x000001a437511d00: 0f1f 8400 | f065 008d | ba45 ffff 

  0x000001a437511d0c: ;   {runtime_call UncommonTrapBlob}
  0x000001a437511d0c: ff66 90e8 

  0x000001a437511d10: ; ImmutableOopMap {[108]=NarrowOop }
                      ;*if_icmple {reexecute=1 rethrow=0 return_oop=0}
                      ; - (reexecute) java.nio.IntBuffer::put@37 (line 1209)
                      ; - net.runelite.client.plugins.gpushared.shim.SceneGraphBridge::sendZone@178 (line 160)
                      ; - net.runelite.client.plugins.gpushared.GpuPluginShared::lambda$startUp$0@155 (line 321)
                      ; - net.runelite.client.plugins.gpushared.GpuPluginShared$$Lambda/0x000001a44f71e708::onZoneUploaded@9
                      ; - net.runelite.client.plugins.gpu.SceneUploader::uploadZone@386 (line 161)
  0x000001a437511d10: ec28 60ff 

  0x000001a437511d14: ;   {other}
  0x000001a437511d14: 0f1f 8400 | 0466 008e | 498d 6a24 | ba45 ffff | ff44 8944 | 2424 4c89 | 4c24 4044 | 895c 243c 
  0x000001a437511d34: 4c89 7424 | 4889 7c24 | 5844 896c | 245c 4889 

  0x000001a437511d44: ;   {runtime_call UncommonTrapBlob}
  0x000001a437511d44: 7424 60e8 

  0x000001a437511d48: ; ImmutableOopMap {[92]=NarrowOop [96]=Oop [108]=NarrowOop [184]=Oop }
                      ;*ifge {reexecute=1 rethrow=0 return_oop=0}
                      ; - (reexecute) jdk.internal.misc.Unsafe::checkSize@23 (line 468)
                      ; - jdk.internal.misc.Unsafe::copyMemoryChecks@3 (line 831)
                      ; - jdk.internal.misc.Unsafe::copyMemory@9 (line 800)
                      ; - jdk.internal.misc.ScopedMemoryAccess::copyMemoryInternal@28 (line 147)
                      ; - jdk.internal.misc.ScopedMemoryAccess::copyMemory@12 (line 129)
                      ; - java.nio.IntBuffer::putArray@97 (line 1355)
                      ; - java.nio.IntBuffer::put@54 (line 1212)
                      ; - net.runelite.client.plugins.gpushared.shim.SceneGraphBridge::sendZone@178 (line 160)
                      ; - net.runelite.client.plugins.gpushared.GpuPluginShared::lambda$startUp$0@155 (line 321)
                      ; - net.runelite.client.plugins.gpushared.GpuPluginShared$$Lambda/0x000001a44f71e708::onZoneUploaded@9
                      ; - net.runelite.client.plugins.gpu.SceneUploader::uploadZone@386 (line 161)
  0x000001a437511d48: b428 60ff 

  0x000001a437511d4c: ;   {other}
  0x000001a437511d4c: 0f1f 8400 | 3c66 008f | ba45 ffff | ff44 8944 | 2420 448b | 4424 5044 | 895c 2428 | 4c89 7424 
  0x000001a437511d6c: 3044 8944 | 242c 897c | 243c 4489 | 6c24 4048 | 8974 2448 

  0x000001a437511d80: ;   {runtime_call UncommonTrapBlob}
  0x000001a437511d80: 6666 90e8 

  0x000001a437511d84: ; ImmutableOopMap {[64]=NarrowOop [72]=Oop [108]=NarrowOop }
                      ;*ifne {reexecute=1 rethrow=0 return_oop=0}
                      ; - (reexecute) jdk.internal.misc.Unsafe::copyMemory@16 (line 802)
                      ; - jdk.internal.misc.ScopedMemoryAccess::copyMemoryInternal@28 (line 147)
                      ; - jdk.internal.misc.ScopedMemoryAccess::copyMemory@12 (line 129)
                      ; - java.nio.IntBuffer::putArray@97 (line 1355)
                      ; - java.nio.IntBuffer::put@54 (line 1212)
                      ; - net.runelite.client.plugins.gpushared.shim.SceneGraphBridge::sendZone@178 (line 160)
                      ; - net.runelite.client.plugins.gpushared.GpuPluginShared::lambda$startUp$0@155 (line 321)
                      ; - net.runelite.client.plugins.gpushared.GpuPluginShared$$Lambda/0x000001a44f71e708::onZoneUploaded@9
                      ; - net.runelite.client.plugins.gpu.SceneUploader::uploadZone@386 (line 161)
  0x000001a437511d84: 7828 60ff 

  0x000001a437511d88: ;   {other}
  0x000001a437511d88: 0f1f 8400 | 7866 0090 | ba45 ffff | ff4c 8974 | 2428 897c | 2434 897c | 2438 4489 | 6c24 3c48 
  0x000001a437511da8: 8974 2440 

  0x000001a437511dac: ;   {runtime_call UncommonTrapBlob}
  0x000001a437511dac: 6666 90e8 

  0x000001a437511db0: ; ImmutableOopMap {[60]=NarrowOop [64]=Oop [108]=NarrowOop }
                      ;*if_icmple {reexecute=1 rethrow=0 return_oop=0}
                      ; - (reexecute) java.nio.Buffer::position@5 (line 326)
                      ; - java.nio.IntBuffer::position@2 (line 1551)
                      ; - java.nio.IntBuffer::put@63 (line 1214)
                      ; - net.runelite.client.plugins.gpushared.shim.SceneGraphBridge::sendZone@178 (line 160)
                      ; - net.runelite.client.plugins.gpushared.GpuPluginShared::lambda$startUp$0@155 (line 321)
                      ; - net.runelite.client.plugins.gpushared.GpuPluginShared$$Lambda/0x000001a44f71e708::onZoneUploaded@9
                      ; - net.runelite.client.plugins.gpu.SceneUploader::uploadZone@386 (line 161)
  0x000001a437511db0: 4c28 60ff 

  0x000001a437511db4: ;   {other}
  0x000001a437511db4: 0f1f 8400 | a466 0091 | ba45 ffff | ff8b 6c24 | 3844 8b4c | 243c 4489 | 4c24 208b | 4c24 4889 
  0x000001a437511dd4: 4c24 244c | 8b4c 2430 | 4c89 4c24 | 288b 4c24 | 5089 4c24 | 3044 8954 | 2434 4c89 | 5c24 3848 
  0x000001a437511df4: 897c 2448 | 4889 5c24 | 5048 897c | 2458 4489 

  0x000001a437511e04: ;   {runtime_call UncommonTrapBlob}
  0x000001a437511e04: 4424 64e8 

  0x000001a437511e08: ; ImmutableOopMap {[40]=Oop [48]=NarrowOop [56]=Oop [72]=Oop [80]=Oop [88]=Oop }
                      ;*ifge {reexecute=1 rethrow=0 return_oop=0}
                      ; - (reexecute) java.nio.Buffer::<init>@16 (line 252)
                      ; - java.nio.IntBuffer::<init>@8 (line 316)
                      ; - java.nio.IntBuffer::<init>@10 (line 324)
                      ; - java.nio.DirectIntBufferU::<init>@9 (line 222)
                      ; - java.nio.DirectIntBufferU::duplicate@26 (line 288)
                      ; - net.runelite.client.plugins.gpushared.GpuPluginShared::lambda$startUp$0@119 (line 316)
                      ; - net.runelite.client.plugins.gpushared.GpuPluginShared$$Lambda/0x000001a44f71e708::onZoneUploaded@9
                      ; - net.runelite.client.plugins.gpu.SceneUploader::uploadZone@386 (line 161)
  0x000001a437511e08: f427 60ff 

  0x000001a437511e0c: ;   {other}
  0x000001a437511e0c: 0f1f 8400 | fc66 0092 | ba45 ffff | ff8b 6c24 | 3844 8b5c | 243c 4489 | 5c24 2044 | 8b44 2448 
  0x000001a437511e2c: 4489 4424 | 244c 8b5c | 2430 4c89 | 5c24 2844 | 8b5c 2450 | 4489 5c24 | 3044 8b44 | 244c 4489 
  0x000001a437511e4c: 4424 3448 | 897c 2448 | 4889 5c24 | 5848 8944 | 24f8 8b44 | 2454 8944 | 2450 488b | 4424 f848 
  0x000001a437511e6c: 8944 24f8 | 8b44 2460 | 8944 2454 | 488b 4424 | f848 897c | 2460 89b4 | 2484 0000 | 0044 8994 
  0x000001a437511e8c: 2488 0000 

  0x000001a437511e90: ;   {runtime_call UncommonTrapBlob}
  0x000001a437511e90: 0066 90e8 

  0x000001a437511e94: ; ImmutableOopMap {[40]=Oop [48]=NarrowOop [72]=Oop [88]=Oop [96]=Oop [184]=Oop }
                      ;*if_icmple {reexecute=1 rethrow=0 return_oop=0}
                      ; - (reexecute) java.nio.Buffer::limit@5 (line 379)
                      ; - java.nio.IntBuffer::limit@2 (line 1565)
                      ; - java.nio.IntBuffer::limit@2 (line 285)
                      ; - java.nio.Buffer::<init>@39 (line 256)
                      ; - java.nio.IntBuffer::<init>@8 (line 316)
                      ; - java.nio.IntBuffer::<init>@10 (line 324)
                      ; - java.nio.DirectIntBufferU::<init>@9 (line 222)
                      ; - java.nio.DirectIntBufferU::duplicate@26 (line 288)
                      ; - net.runelite.client.plugins.gpushared.GpuPluginShared::lambda$startUp$0@119 (line 316)
                      ; - net.runelite.client.plugins.gpushared.GpuPluginShared$$Lambda/0x000001a44f71e708::onZoneUploaded@9
                      ; - net.runelite.client.plugins.gpu.SceneUploader::uploadZone@386 (line 161)
  0x000001a437511e94: 6827 60ff 

  0x000001a437511e98: ;   {other}
  0x000001a437511e98: 0f1f 8400 | 8867 0093 | ba45 ffff | ff8b 6c24 | 3844 8b54 | 243c 4489 | 5424 2044 | 8b5c 2448 
  0x000001a437511eb8: 4489 5c24 | 244c 8b54 | 2430 4c89 | 5424 2844 | 8b5c 2450 | 4489 5c24 | 3044 8b54 | 244c 4489 
  0x000001a437511ed8: 5424 3448 | 897c 2448 | 4889 5c24 | 5848 8944 | 24f8 8b44 | 2454 8944 | 2450 488b | 4424 f848 
  0x000001a437511ef8: 8944 24f8 | 8b44 2460 | 8944 2454 | 488b 4424 | f848 897c | 2460 89b4 | 2484 0000 

  0x000001a437511f14: ;   {runtime_call UncommonTrapBlob}
  0x000001a437511f14: 0066 90e8 

  0x000001a437511f18: ; ImmutableOopMap {[40]=Oop [48]=NarrowOop [72]=Oop [88]=Oop [96]=Oop [184]=Oop }
                      ;*ifge {reexecute=1 rethrow=0 return_oop=0}
                      ; - (reexecute) java.nio.Buffer::limit@14 (line 379)
                      ; - java.nio.IntBuffer::limit@2 (line 1565)
                      ; - java.nio.IntBuffer::limit@2 (line 285)
                      ; - java.nio.Buffer::<init>@39 (line 256)
                      ; - java.nio.IntBuffer::<init>@8 (line 316)
                      ; - java.nio.IntBuffer::<init>@10 (line 324)
                      ; - java.nio.DirectIntBufferU::<init>@9 (line 222)
                      ; - java.nio.DirectIntBufferU::duplicate@26 (line 288)
                      ; - net.runelite.client.plugins.gpushared.GpuPluginShared::lambda$startUp$0@119 (line 316)
                      ; - net.runelite.client.plugins.gpushared.GpuPluginShared$$Lambda/0x000001a44f71e708::onZoneUploaded@9
                      ; - net.runelite.client.plugins.gpu.SceneUploader::uploadZone@386 (line 161)
  0x000001a437511f18: e426 60ff 

  0x000001a437511f1c: ;   {other}
  0x000001a437511f1c: 0f1f 8400 | 0c68 0094 | ba45 ffff | ff44 8b5c | 2438 4489 | 5c24 2044 | 8b54 243c | 4489 5424 
  0x000001a437511f3c: 2444 8b5c | 2448 4489 | 5c24 2844 | 8b54 2450 | 4489 5424 | 2c44 8b5c | 244c 4489 | 5c24 3848 
  0x000001a437511f5c: 897c 2458 | 4889 5c24 | 6848 8944 | 24f8 8b44 | 2454 8944 | 243c 488b | 4424 f844 | 8b5c 2460 
  0x000001a437511f7c: 4489 5c24 | 5048 897c | 2460 8974 

  0x000001a437511f88: ;   {runtime_call UncommonTrapBlob}
  0x000001a437511f88: 2454 90e8 

  0x000001a437511f8c: ; ImmutableOopMap {[44]=NarrowOop [48]=Oop [88]=Oop [96]=Oop [104]=Oop [184]=Oop }
                      ;*if_icmple {reexecute=1 rethrow=0 return_oop=0}
                      ; - (reexecute) java.nio.Buffer::limit@55 (line 383)
                      ; - java.nio.IntBuffer::limit@2 (line 1565)
                      ; - java.nio.IntBuffer::limit@2 (line 285)
                      ; - java.nio.Buffer::<init>@39 (line 256)
                      ; - java.nio.IntBuffer::<init>@8 (line 316)
                      ; - java.nio.IntBuffer::<init>@10 (line 324)
                      ; - java.nio.DirectIntBufferU::<init>@9 (line 222)
                      ; - java.nio.DirectIntBufferU::duplicate@26 (line 288)
                      ; - net.runelite.client.plugins.gpushared.GpuPluginShared::lambda$startUp$0@119 (line 316)
                      ; - net.runelite.client.plugins.gpushared.GpuPluginShared$$Lambda/0x000001a44f71e708::onZoneUploaded@9
                      ; - net.runelite.client.plugins.gpu.SceneUploader::uploadZone@386 (line 161)
  0x000001a437511f8c: 7026 60ff 

  0x000001a437511f90: ;   {other}
  0x000001a437511f90: 0f1f 8400 | 8068 0095 | ba45 ffff | ff8b 6c24 | 3844 8b5c | 243c 4489 | 5c24 2044 | 8b54 2448 
  0x000001a437511fb0: 4489 5424 | 244c 8b54 | 2430 4c89 | 5424 2844 | 8b54 2450 | 4489 5424 | 3044 8b5c | 244c 4489 
  0x000001a437511fd0: 5c24 3448 | 897c 2448 | 4c89 6c24 | 5848 897c | 2460 4889 | 4424 f88b | 4424 5489 | 4424 5048 
  0x000001a437511ff0: 8b44 24f8 | 899c 2480 | 0000 0089 | 9c24 8400 | 0000 89b4 | 2488 0000 

  0x000001a437512008: ;   {runtime_call UncommonTrapBlob}
  0x000001a437512008: 0066 90e8 

  0x000001a43751200c: ; ImmutableOopMap {[40]=Oop [48]=NarrowOop [72]=Oop [88]=Oop [96]=Oop [184]=Oop }
                      ;*if_icmple {reexecute=1 rethrow=0 return_oop=0}
                      ; - (reexecute) java.nio.Buffer::position@5 (line 326)
                      ; - java.nio.IntBuffer::position@2 (line 1551)
                      ; - java.nio.IntBuffer::position@2 (line 285)
                      ; - java.nio.Buffer::<init>@45 (line 257)
                      ; - java.nio.IntBuffer::<init>@8 (line 316)
                      ; - java.nio.IntBuffer::<init>@10 (line 324)
                      ; - java.nio.DirectIntBufferU::<init>@9 (line 222)
                      ; - java.nio.DirectIntBufferU::duplicate@26 (line 288)
                      ; - net.runelite.client.plugins.gpushared.GpuPluginShared::lambda$startUp$0@119 (line 316)
                      ; - net.runelite.client.plugins.gpushared.GpuPluginShared$$Lambda/0x000001a44f71e708::onZoneUploaded@9
                      ; - net.runelite.client.plugins.gpu.SceneUploader::uploadZone@386 (line 161)
  0x000001a43751200c: f025 60ff 

  0x000001a437512010: ;   {other}
  0x000001a437512010: 0f1f 8400 | 0069 0096 | ba45 ffff | ff8b 6c24 | 3844 8b54 | 243c 4489 | 5424 2044 | 8b5c 2448 
  0x000001a437512030: 4489 5c24 | 244c 8b54 | 2430 4c89 | 5424 2844 | 8b54 2450 | 4489 5424 | 3044 8b5c | 244c 4489 
  0x000001a437512050: 5c24 3448 | 897c 2448 | 4c89 6c24 | 5848 897c | 2460 4889 | 4424 f88b | 4424 5489 | 4424 5048 
  0x000001a437512070: 8b44 24f8 | 899c 2480 | 0000 0089 | 9c24 8400 

  0x000001a437512080: ;   {runtime_call UncommonTrapBlob}
  0x000001a437512080: 0000 90e8 

  0x000001a437512084: ; ImmutableOopMap {[40]=Oop [48]=NarrowOop [72]=Oop [88]=Oop [96]=Oop [184]=Oop }
                      ;*ifge {reexecute=1 rethrow=0 return_oop=0}
                      ; - (reexecute) java.nio.Buffer::position@14 (line 326)
                      ; - java.nio.IntBuffer::position@2 (line 1551)
                      ; - java.nio.IntBuffer::position@2 (line 285)
                      ; - java.nio.Buffer::<init>@45 (line 257)
                      ; - java.nio.IntBuffer::<init>@8 (line 316)
                      ; - java.nio.IntBuffer::<init>@10 (line 324)
                      ; - java.nio.DirectIntBufferU::<init>@9 (line 222)
                      ; - java.nio.DirectIntBufferU::duplicate@26 (line 288)
                      ; - net.runelite.client.plugins.gpushared.GpuPluginShared::lambda$startUp$0@119 (line 316)
                      ; - net.runelite.client.plugins.gpushared.GpuPluginShared$$Lambda/0x000001a44f71e708::onZoneUploaded@9
                      ; - net.runelite.client.plugins.gpu.SceneUploader::uploadZone@386 (line 161)
  0x000001a437512084: 7825 60ff 

  0x000001a437512088: ;   {other}
  0x000001a437512088: 0f1f 8400 | 7869 0097 | ba45 ffff | ff8b 6c24 | 284c 8b5c | 2438 4c89 | 5c24 3044 | 8b5c 242c 
  0x000001a4375120a8: 4489 5c24 | 2444 8b44 | 2448 4489 | 4424 3889 

  0x000001a4375120b8: ;   {runtime_call UncommonTrapBlob}
  0x000001a4375120b8: 4424 3ce8 

  0x000001a4375120bc: ; ImmutableOopMap {rbp=NarrowOop [36]=NarrowOop [48]=Oop [56]=NarrowOop [88]=Oop [96]=Oop [112]=Oop }
                      ;*ifeq {reexecute=1 rethrow=0 return_oop=0}
                      ; - (reexecute) sun.nio.cs.StreamEncoder::implWrite@103 (line 379)
                      ; - sun.nio.cs.StreamEncoder::implWrite@11 (line 357)
                      ; - sun.nio.cs.StreamEncoder::lockedWrite@49 (line 158)
                      ; - sun.nio.cs.StreamEncoder::write@30 (line 139)
                      ; - java.io.OutputStreamWriter::write@7 (line 219)
                      ; - java.io.BufferedWriter::implFlushBuffer@25 (line 178)
                      ; - java.io.BufferedWriter::flushBuffer@22 (line 163)
                      ; - java.io.PrintStream::implWriteln@23 (line 848)
                      ; - java.io.PrintStream::writeln@16 (line 826)
                      ; - java.io.PrintStream::println@14 (line 1168)
                      ; - net.runelite.client.plugins.gpushared.GpuPluginShared::lambda$startUp$0@164 (line 322)
                      ; - net.runelite.client.plugins.gpushared.GpuPluginShared$$Lambda/0x000001a44f71e708::onZoneUploaded@9
                      ; - net.runelite.client.plugins.gpu.SceneUploader::uploadZone@386 (line 161)
  0x000001a4375120bc: 4025 60ff 

  0x000001a4375120c0: ;   {other}
  0x000001a4375120c0: 0f1f 8400 | b069 0098 | ba45 ffff | ff8b 6c24 | 284c 8b54 | 2438 4c89 | 5424 3044 | 8b5c 242c 
  0x000001a4375120e0: 4489 5c24 | 2489 4424 

  0x000001a4375120e8: ;   {runtime_call UncommonTrapBlob}
  0x000001a4375120e8: 3866 90e8 

  0x000001a4375120ec: ; ImmutableOopMap {rbp=NarrowOop [36]=NarrowOop [48]=Oop [88]=Oop }
                      ;*ifeq {reexecute=1 rethrow=0 return_oop=0}
                      ; - (reexecute) sun.nio.cs.StreamEncoder::implWrite@25 (line 369)
                      ; - sun.nio.cs.StreamEncoder::implWrite@11 (line 357)
                      ; - sun.nio.cs.StreamEncoder::lockedWrite@49 (line 158)
                      ; - sun.nio.cs.StreamEncoder::write@30 (line 139)
                      ; - java.io.OutputStreamWriter::write@7 (line 219)
                      ; - java.io.BufferedWriter::implFlushBuffer@25 (line 178)
                      ; - java.io.BufferedWriter::flushBuffer@22 (line 163)
                      ; - java.io.PrintStream::implWriteln@23 (line 848)
                      ; - java.io.PrintStream::writeln@16 (line 826)
                      ; - java.io.PrintStream::println@14 (line 1168)
                      ; - net.runelite.client.plugins.gpushared.GpuPluginShared::lambda$startUp$0@164 (line 322)
                      ; - net.runelite.client.plugins.gpushared.GpuPluginShared$$Lambda/0x000001a44f71e708::onZoneUploaded@9
                      ; - net.runelite.client.plugins.gpu.SceneUploader::uploadZone@386 (line 161)
  0x000001a4375120ec: 1025 60ff 

  0x000001a4375120f0: ;   {other}
  0x000001a4375120f0: 0f1f 8400 | e069 0099 | 498b d749 | ba20 6b16 | 4bff 7f00 | 0041 ffd2 

  0x000001a437512108: ;   {other}
  0x000001a437512108: 0f1f 8400 | 0000 0000 | 448b c5e9 | d5cc ffff | ba45 ffff | ff44 8954 | 2420 4489 

  0x000001a437512124: ;   {runtime_call UncommonTrapBlob}
  0x000001a437512124: 4c24 24e8 

  0x000001a437512128: ; ImmutableOopMap {[32]=NarrowOop [36]=NarrowOop }
                      ;*ifge {reexecute=1 rethrow=0 return_oop=0}
                      ; - (reexecute) java.util.concurrent.locks.ReentrantLock$NonfairSync::initialTryLock@36 (line 230)
                      ; - java.util.concurrent.locks.ReentrantLock$Sync::lock@1 (line 152)
                      ; - java.util.concurrent.locks.ReentrantLock::lock@4 (line 322)
                      ; - jdk.internal.misc.InternalLock::lock@4 (line 74)
                      ; - java.io.PrintStream::writeln@11 (line 824)
                      ; - java.io.PrintStream::println@14 (line 1168)
                      ; - net.runelite.client.plugins.gpushared.GpuPluginShared::lambda$startUp$0@164 (line 322)
                      ; - net.runelite.client.plugins.gpushared.GpuPluginShared$$Lambda/0x000001a44f71e708::onZoneUploaded@9
                      ; - net.runelite.client.plugins.gpu.SceneUploader::uploadZone@386 (line 161)
  0x000001a437512128: d424 60ff 

  0x000001a43751212c: ;   {other}
  0x000001a43751212c: 0f1f 8400 | 1c6a 009a | ba45 ffff | ff44 8974 | 2424 4489 | 5424 284c | 895c 2430 | 4489 4424 
  0x000001a43751214c: ;   {runtime_call UncommonTrapBlob}
  0x000001a43751214c: 2c66 90e8 

  0x000001a437512150: ; ImmutableOopMap {[36]=NarrowOop [40]=NarrowOop [44]=NarrowOop [48]=Oop }
                      ;*ifge {reexecute=1 rethrow=0 return_oop=0}
                      ; - (reexecute) java.util.concurrent.locks.ReentrantLock$NonfairSync::initialTryLock@36 (line 230)
                      ; - java.util.concurrent.locks.ReentrantLock$Sync::lock@1 (line 152)
                      ; - java.util.concurrent.locks.ReentrantLock::lock@4 (line 322)
                      ; - jdk.internal.misc.InternalLock::lock@4 (line 74)
                      ; - java.io.BufferedWriter::flushBuffer@18 (line 161)
                      ; - java.io.PrintStream::implWriteln@23 (line 848)
                      ; - java.io.PrintStream::writeln@16 (line 826)
                      ; - java.io.PrintStream::println@14 (line 1168)
                      ; - net.runelite.client.plugins.gpushared.GpuPluginShared::lambda$startUp$0@164 (line 322)
                      ; - net.runelite.client.plugins.gpushared.GpuPluginShared$$Lambda/0x000001a44f71e708::onZoneUploaded@9
                      ; - net.runelite.client.plugins.gpu.SceneUploader::uploadZone@386 (line 161)
  0x000001a437512150: ac24 60ff 

  0x000001a437512154: ;   {other}
  0x000001a437512154: 0f1f 8400 | 446a 009b | ba45 ffff | ff44 8974 | 2424 4c8b | 5c24 384c | 895c 2430 | 448b 5c24 
  0x000001a437512174: 2c44 895c | 2428 448b | 4424 4844 | 8944 243c | 8974 2448 

  0x000001a437512188: ;   {runtime_call UncommonTrapBlob}
  0x000001a437512188: 6666 90e8 

  0x000001a43751218c: ; ImmutableOopMap {[36]=NarrowOop [40]=NarrowOop [48]=Oop [72]=NarrowOop [76]=NarrowOop [80]=NarrowOop [88]=Oop }
                      ;*ifge {reexecute=1 rethrow=0 return_oop=0}
                      ; - (reexecute) java.util.concurrent.locks.ReentrantLock$NonfairSync::initialTryLock@36 (line 230)
                      ; - java.util.concurrent.locks.ReentrantLock$Sync::lock@1 (line 152)
                      ; - java.util.concurrent.locks.ReentrantLock::lock@4 (line 322)
                      ; - jdk.internal.misc.InternalLock::lock@4 (line 74)
                      ; - sun.nio.cs.StreamEncoder::write@23 (line 137)
                      ; - java.io.OutputStreamWriter::write@7 (line 219)
                      ; - java.io.BufferedWriter::implFlushBuffer@25 (line 178)
                      ; - java.io.BufferedWriter::flushBuffer@22 (line 163)
                      ; - java.io.PrintStream::implWriteln@23 (line 848)
                      ; - java.io.PrintStream::writeln@16 (line 826)
                      ; - java.io.PrintStream::println@14 (line 1168)
                      ; - net.runelite.client.plugins.gpushared.GpuPluginShared::lambda$startUp$0@164 (line 322)
                      ; - net.runelite.client.plugins.gpushared.GpuPluginShared$$Lambda/0x000001a44f71e708::onZoneUploaded@9
                      ; - net.runelite.client.plugins.gpu.SceneUploader::uploadZone@386 (line 161)
  0x000001a43751218c: 7024 60ff 

  0x000001a437512190: ;   {other}
  0x000001a437512190: 0f1f 8400 | 806a 009c | ba27 0000 | 008b 6c24 | 6c4c 8b54 | 2430 4c89 | 5424 2044 | 8b5c 2470 
  0x000001a4375121b0: 4489 5c24 | 3044 8b5c | 2450 4489 | 5c24 3444 | 8b54 244c | 4489 5424 | 3c48 895c | 2448 4c8b 
  0x000001a4375121d0: 5424 604c | 8954 2450 | 4889 5c24 | 5889 7424 | 6089 7c24 | 6444 8974 

  0x000001a4375121e8: ;   {runtime_call UncommonTrapBlob}
  0x000001a4375121e8: 2470 90e8 

  0x000001a4375121ec: ; ImmutableOopMap {rbp=NarrowOop [32]=Oop [72]=Oop [80]=Oop [88]=Oop [96]=NarrowOop [184]=Oop }
                      ;*new {reexecute=0 rethrow=0 return_oop=0}
                      ; - java.nio.Buffer::<init>@58 (line 260)
                      ; - java.nio.ByteBuffer::<init>@8 (line 316)
                      ; - java.nio.ByteBuffer::<init>@10 (line 324)
                      ; - java.nio.MappedByteBuffer::<init>@8 (line 100)
                      ; - java.nio.DirectByteBuffer::<init>@13 (line 222)
                      ; - java.nio.DirectByteBuffer::duplicate@34 (line 292)
                      ; - java.nio.DirectByteBuffer::duplicate@1 (line 42)
                      ; - net.runelite.client.plugins.gpushared.shim.SceneGraphBridge::sendZone@122 (line 154)
                      ; - net.runelite.client.plugins.gpushared.GpuPluginShared::lambda$startUp$0@155 (line 321)
                      ; - net.runelite.client.plugins.gpushared.GpuPluginShared$$Lambda/0x000001a44f71e708::onZoneUploaded@9
                      ; - net.runelite.client.plugins.gpu.SceneUploader::uploadZone@386 (line 161)
  0x000001a4375121ec: 1024 60ff 

  0x000001a4375121f0: ;   {other}
  0x000001a4375121f0: 0f1f 8400 | e06a 009d | ba27 0000 | 008b 6c24 | 3844 8b44 | 243c 4489 | 4424 2044 | 8b5c 2448 
  0x000001a437512210: 4489 5c24 | 244c 8b5c | 2430 4c89 | 5c24 2844 | 8b44 2450 | 4489 4424 | 3044 8b5c | 244c 4489 
  0x000001a437512230: 5c24 3448 | 897c 2448 | 4c89 6c24 | 5048 897c | 2458 4489 | 5424 6089 

  0x000001a437512248: ;   {runtime_call UncommonTrapBlob}
  0x000001a437512248: 5c24 64e8 

  0x000001a43751224c: ; ImmutableOopMap {[40]=Oop [48]=NarrowOop [72]=Oop [80]=Oop [88]=Oop [184]=Oop }
                      ;*new {reexecute=0 rethrow=0 return_oop=0}
                      ; - java.nio.Buffer::<init>@58 (line 260)
                      ; - java.nio.IntBuffer::<init>@8 (line 316)
                      ; - java.nio.IntBuffer::<init>@10 (line 324)
                      ; - java.nio.DirectIntBufferU::<init>@9 (line 222)
                      ; - java.nio.DirectIntBufferU::duplicate@26 (line 288)
                      ; - net.runelite.client.plugins.gpushared.GpuPluginShared::lambda$startUp$0@119 (line 316)
                      ; - net.runelite.client.plugins.gpushared.GpuPluginShared$$Lambda/0x000001a44f71e708::onZoneUploaded@9
                      ; - net.runelite.client.plugins.gpu.SceneUploader::uploadZone@386 (line 161)
  0x000001a43751224c: b023 60ff 

  0x000001a437512250: ;   {other}
  0x000001a437512250: 0f1f 8400 | 406b 009e | bade ffff | ff44 8974 | 2424 4489 

  0x000001a437512264: ;   {runtime_call UncommonTrapBlob}
  0x000001a437512264: 5424 28e8 

  0x000001a437512268: ; ImmutableOopMap {rbp=NarrowOop [36]=NarrowOop [40]=NarrowOop }
                      ;*instanceof {reexecute=0 rethrow=0 return_oop=0}
                      ; - java.io.BufferedWriter::flushBuffer@6 (line 160)
                      ; - java.io.PrintStream::implWriteln@23 (line 848)
                      ; - java.io.PrintStream::writeln@16 (line 826)
                      ; - java.io.PrintStream::println@14 (line 1168)
                      ; - net.runelite.client.plugins.gpushared.GpuPluginShared::lambda$startUp$0@164 (line 322)
                      ; - net.runelite.client.plugins.gpushared.GpuPluginShared$$Lambda/0x000001a44f71e708::onZoneUploaded@9
                      ; - net.runelite.client.plugins.gpu.SceneUploader::uploadZone@386 (line 161)
  0x000001a437512268: 9423 60ff 

  0x000001a43751226c: ;   {other}
  0x000001a43751226c: 0f1f 8400 | 5c6b 009f | bade ffff | ff44 8974 | 2424 4c89 | 5c24 2844 | 8954 2430 | 4489 4c24 
  0x000001a43751228c: 3489 4c24 | 3844 8944 

  0x000001a437512294: ;   {runtime_call UncommonTrapBlob}
  0x000001a437512294: 243c 90e8 

  0x000001a437512298: ; ImmutableOopMap {rbp=NarrowOop [36]=NarrowOop [40]=Oop [48]=NarrowOop [52]=NarrowOop [56]=NarrowOop }
                      ;*instanceof {reexecute=0 rethrow=0 return_oop=0}
                      ; - sun.nio.cs.StreamEncoder::write@8 (line 136)
                      ; - java.io.OutputStreamWriter::write@7 (line 219)
                      ; - java.io.BufferedWriter::implFlushBuffer@25 (line 178)
                      ; - java.io.BufferedWriter::flushBuffer@22 (line 163)
                      ; - java.io.PrintStream::implWriteln@23 (line 848)
                      ; - java.io.PrintStream::writeln@16 (line 826)
                      ; - java.io.PrintStream::println@14 (line 1168)
                      ; - net.runelite.client.plugins.gpushared.GpuPluginShared::lambda$startUp$0@164 (line 322)
                      ; - net.runelite.client.plugins.gpushared.GpuPluginShared$$Lambda/0x000001a44f71e708::onZoneUploaded@9
                      ; - net.runelite.client.plugins.gpu.SceneUploader::uploadZone@386 (line 161)
  0x000001a437512298: 6423 60ff 

  0x000001a43751229c: ;   {other}
  0x000001a43751229c: 0f1f 8400 | 8c6b 00a0 | baf6 ffff 

  0x000001a4375122a8: ;   {runtime_call UncommonTrapBlob}
  0x000001a4375122a8: ff66 90e8 

  0x000001a4375122ac: ; ImmutableOopMap {}
                      ;*invokevirtual getInt {reexecute=0 rethrow=0 return_oop=0}
                      ; - net.runelite.client.plugins.gpushared.shim.SceneGraphBridge::isFull@8 (line 105)
                      ; - net.runelite.client.plugins.gpushared.shim.SceneGraphBridge::waitForSpace@1 (line 113)
                      ; - net.runelite.client.plugins.gpushared.shim.SceneGraphBridge::sendZone@14 (line 142)
                      ; - net.runelite.client.plugins.gpushared.GpuPluginShared::lambda$startUp$0@155 (line 321)
                      ; - net.runelite.client.plugins.gpushared.GpuPluginShared$$Lambda/0x000001a44f71e708::onZoneUploaded@9
                      ; - net.runelite.client.plugins.gpu.SceneUploader::uploadZone@386 (line 161)
  0x000001a4375122ac: 5023 60ff 

  0x000001a4375122b0: ;   {other}
  0x000001a4375122b0: 0f1f 8400 | a06b 00a1 | 33db e9d5 | e1ff ff33 | dbe9 cee1 | ffff baf6 

  0x000001a4375122c8: ;   {runtime_call UncommonTrapBlob}
  0x000001a4375122c8: ffff ffe8 

  0x000001a4375122cc: ; ImmutableOopMap {}
                      ;*invokevirtual position {reexecute=0 rethrow=0 return_oop=0}
                      ; - net.runelite.client.plugins.gpu.SceneUploader::uploadZone@348 (line 154)
  0x000001a4375122cc: 3023 60ff 

  0x000001a4375122d0: ;   {other}
  0x000001a4375122d0: 0f1f 8400 | c06b 00a2 | baf6 ffff | ff41 8be8 | 4489 5424 

  0x000001a4375122e4: ;   {runtime_call UncommonTrapBlob}
  0x000001a4375122e4: 2066 90e8 

  0x000001a4375122e8: ; ImmutableOopMap {}
                      ;*iastore {reexecute=0 rethrow=0 return_oop=0}
                      ; - net.runelite.client.plugins.gpu.SceneUploader::uploadZone@361 (line 155)
  0x000001a4375122e8: 1423 60ff 

  0x000001a4375122ec: ;   {other}
  0x000001a4375122ec: 0f1f 8400 | dc6b 00a3 | baf6 ffff 

  0x000001a4375122f8: ;   {runtime_call UncommonTrapBlob}
  0x000001a4375122f8: ff66 90e8 

  0x000001a4375122fc: ; ImmutableOopMap {}
                      ;*invokeinterface getRoofs {reexecute=0 rethrow=0 return_oop=0}
                      ; - net.runelite.client.plugins.gpu.SceneUploader::uploadZone@1 (line 110)
  0x000001a4375122fc: 0023 60ff 

  0x000001a437512300: ;   {other}
  0x000001a437512300: 0f1f 8400 | f06b 00a4 | baf6 ffff 

  0x000001a43751230c: ;   {runtime_call UncommonTrapBlob}
  0x000001a43751230c: ff66 90e8 

  0x000001a437512310: ; ImmutableOopMap {}
                      ;*getfield vboO {reexecute=1 rethrow=0 return_oop=0}
                      ; - (reexecute) net.runelite.client.plugins.gpu.SceneUploader::uploadZone@18 (line 113)
  0x000001a437512310: ec22 60ff 

  0x000001a437512314: ;   {other}
  0x000001a437512314: 0f1f 8400 | 046c 00a5 | baf6 ffff 

  0x000001a437512320: ;   {runtime_call UncommonTrapBlob}
  0x000001a437512320: ff66 90e8 

  0x000001a437512324: ; ImmutableOopMap {}
                      ;*invokevirtual size {reexecute=0 rethrow=0 return_oop=0}
                      ; - java.util.HashSet::size@4 (line 191)
                      ; - net.runelite.client.plugins.gpu.SceneUploader::uploadZone@162 (line 131)
  0x000001a437512324: d822 60ff 

  0x000001a437512328: ;   {other}
  0x000001a437512328: 0f1f 8400 | 186c 00a6 | baf6 ffff 

  0x000001a437512334: ;   {runtime_call UncommonTrapBlob}
  0x000001a437512334: ff66 90e8 

  0x000001a437512338: ; ImmutableOopMap {}
                      ;*invokevirtual size {reexecute=0 rethrow=0 return_oop=0}
                      ; - java.util.HashSet::size@4 (line 191)
                      ; - net.runelite.client.plugins.gpu.SceneUploader::uploadZone@178 (line 132)
  0x000001a437512338: c422 60ff 

  0x000001a43751233c: ;   {other}
  0x000001a43751233c: 0f1f 8400 | 2c6c 00a7 | baf6 ffff 

  0x000001a437512348: ;   {runtime_call UncommonTrapBlob}
  0x000001a437512348: ff66 90e8 

  0x000001a43751234c: ; ImmutableOopMap {}
                      ;*invokevirtual size {reexecute=0 rethrow=0 return_oop=0}
                      ; - java.util.HashSet::size@4 (line 191)
                      ; - net.runelite.client.plugins.gpu.SceneUploader::uploadZone@194 (line 133)
  0x000001a43751234c: b022 60ff 

  0x000001a437512350: ;   {other}
  0x000001a437512350: 0f1f 8400 | 406c 00a8 | baf6 ffff | ff8b 6c24 | 284c 8b54 | 2438 4c89 | 5424 3044 | 8b54 242c 
  0x000001a437512370: 4489 5424 | 244c 895c | 2438 895c 

  0x000001a43751237c: ;   {runtime_call UncommonTrapBlob}
  0x000001a43751237c: 2440 90e8 

  0x000001a437512380: ; ImmutableOopMap {rbp=NarrowOop [36]=NarrowOop [48]=Oop [56]=Oop [64]=NarrowOop [88]=Oop }
                      ;*invokevirtual encode {reexecute=0 rethrow=0 return_oop=0}
                      ; - sun.nio.cs.StreamEncoder::implWrite@38 (line 370)
                      ; - sun.nio.cs.StreamEncoder::implWrite@11 (line 357)
                      ; - sun.nio.cs.StreamEncoder::lockedWrite@49 (line 158)
                      ; - sun.nio.cs.StreamEncoder::write@30 (line 139)
                      ; - java.io.OutputStreamWriter::write@7 (line 219)
                      ; - java.io.BufferedWriter::implFlushBuffer@25 (line 178)
                      ; - java.io.BufferedWriter::flushBuffer@22 (line 163)
                      ; - java.io.PrintStream::implWriteln@23 (line 848)
                      ; - java.io.PrintStream::writeln@16 (line 826)
                      ; - java.io.PrintStream::println@14 (line 1168)
                      ; - net.runelite.client.plugins.gpushared.GpuPluginShared::lambda$startUp$0@164 (line 322)
                      ; - net.runelite.client.plugins.gpushared.GpuPluginShared$$Lambda/0x000001a44f71e708::onZoneUploaded@9
                      ; - net.runelite.client.plugins.gpu.SceneUploader::uploadZone@386 (line 161)
  0x000001a437512380: 7c22 60ff 

  0x000001a437512384: ;   {other}
  0x000001a437512384: 0f1f 8400 | 746c 00a9 | baf6 ffff 

  0x000001a437512390: ;   {runtime_call UncommonTrapBlob}
  0x000001a437512390: ff66 90e8 

  0x000001a437512394: ; ImmutableOopMap {}
                      ;*invokevirtual duplicate {reexecute=0 rethrow=0 return_oop=0}
                      ; - net.runelite.client.plugins.gpushared.GpuPluginShared::lambda$startUp$0@76 (line 308)
                      ; - net.runelite.client.plugins.gpushared.GpuPluginShared$$Lambda/0x000001a44f71e708::onZoneUploaded@9
                      ; - net.runelite.client.plugins.gpu.SceneUploader::uploadZone@386 (line 161)
  0x000001a437512394: 6822 60ff 

  0x000001a437512398: ;   {other}
  0x000001a437512398: 0f1f 8400 | 886c 00aa | baf6 ffff | ff8b 6c24 | 384c 8b54 | 2430 4c89 | 5424 2844 | 895c 2438 
  0x000001a4375123b8: ;   {runtime_call UncommonTrapBlob}
  0x000001a4375123b8: 6666 90e8 

  0x000001a4375123bc: ; ImmutableOopMap {[40]=Oop [184]=Oop }
                      ;*invokevirtual sendZone {reexecute=0 rethrow=0 return_oop=0}
                      ; - net.runelite.client.plugins.gpushared.GpuPluginShared::lambda$startUp$0@155 (line 321)
                      ; - net.runelite.client.plugins.gpushared.GpuPluginShared$$Lambda/0x000001a44f71e708::onZoneUploaded@9
                      ; - net.runelite.client.plugins.gpu.SceneUploader::uploadZone@386 (line 161)
  0x000001a4375123bc: 4022 60ff 

  0x000001a4375123c0: ;   {other}
  0x000001a4375123c0: 0f1f 8400 | b06c 00ab | baf6 ffff 

  0x000001a4375123cc: ;   {runtime_call UncommonTrapBlob}
  0x000001a4375123cc: ff66 90e8 

  0x000001a4375123d0: ; ImmutableOopMap {}
                      ;*invokevirtual getInt {reexecute=0 rethrow=0 return_oop=0}
                      ; - net.runelite.client.plugins.gpushared.shim.SceneGraphBridge::isFull@8 (line 105)
                      ; - net.runelite.client.plugins.gpushared.shim.SceneGraphBridge::waitForSpace@1 (line 113)
                      ; - net.runelite.client.plugins.gpushared.shim.SceneGraphBridge::sendZone@14 (line 142)
                      ; - net.runelite.client.plugins.gpushared.GpuPluginShared::lambda$startUp$0@155 (line 321)
                      ; - net.runelite.client.plugins.gpushared.GpuPluginShared$$Lambda/0x000001a44f71e708::onZoneUploaded@9
                      ; - net.runelite.client.plugins.gpu.SceneUploader::uploadZone@386 (line 161)
  0x000001a4375123d0: 2c22 60ff 

  0x000001a4375123d4: ;   {other}
  0x000001a4375123d4: 0f1f 8400 | c46c 00ac | baf6 ffff 

  0x000001a4375123e0: ;   {runtime_call UncommonTrapBlob}
  0x000001a4375123e0: ff8b e9e8 

  0x000001a4375123e4: ; ImmutableOopMap {}
                      ;*invokevirtual putInt {reexecute=0 rethrow=0 return_oop=0}
                      ; - net.runelite.client.plugins.gpushared.shim.SceneGraphBridge::commitSlot@22 (line 129)
                      ; - net.runelite.client.plugins.gpushared.shim.SceneGraphBridge::sendZone@183 (line 163)
                      ; - net.runelite.client.plugins.gpushared.GpuPluginShared::lambda$startUp$0@155 (line 321)
                      ; - net.runelite.client.plugins.gpushared.GpuPluginShared$$Lambda/0x000001a44f71e708::onZoneUploaded@9
                      ; - net.runelite.client.plugins.gpu.SceneUploader::uploadZone@386 (line 161)
  0x000001a4375123e4: 1822 60ff 

  0x000001a4375123e8: ;   {other}
  0x000001a4375123e8: 0f1f 8400 | d86c 00ad | baf6 ffff 

  0x000001a4375123f4: ;   {runtime_call UncommonTrapBlob}
  0x000001a4375123f4: ff66 90e8 

  0x000001a4375123f8: ; ImmutableOopMap {}
                      ;*invokevirtual println {reexecute=0 rethrow=0 return_oop=0}
                      ; - net.runelite.client.plugins.gpushared.GpuPluginShared::lambda$startUp$0@164 (line 322)
                      ; - net.runelite.client.plugins.gpushared.GpuPluginShared$$Lambda/0x000001a44f71e708::onZoneUploaded@9
                      ; - net.runelite.client.plugins.gpu.SceneUploader::uploadZone@386 (line 161)
  0x000001a4375123f8: 0422 60ff 

  0x000001a4375123fc: ;   {other}
  0x000001a4375123fc: 0f1f 8400 | ec6c 00ae | baf6 ffff | ff41 8bea 

  0x000001a43751240c: ;   {runtime_call UncommonTrapBlob}
  0x000001a43751240c: 6666 90e8 

  0x000001a437512410: ; ImmutableOopMap {rbp=NarrowOop }
                      ;*invokevirtual lock {reexecute=0 rethrow=0 return_oop=0}
                      ; - jdk.internal.misc.InternalLock::lock@4 (line 74)
                      ; - java.io.PrintStream::writeln@11 (line 824)
                      ; - java.io.PrintStream::println@14 (line 1168)
                      ; - net.runelite.client.plugins.gpushared.GpuPluginShared::lambda$startUp$0@164 (line 322)
                      ; - net.runelite.client.plugins.gpushared.GpuPluginShared$$Lambda/0x000001a44f71e708::onZoneUploaded@9
                      ; - net.runelite.client.plugins.gpu.SceneUploader::uploadZone@386 (line 161)
  0x000001a437512410: ec21 60ff 

  0x000001a437512414: ;   {other}
  0x000001a437512414: 0f1f 8400 | 046d 00af | baf6 ffff | ff41 8bee 

  0x000001a437512424: ;   {runtime_call UncommonTrapBlob}
  0x000001a437512424: 6666 90e8 

  0x000001a437512428: ; ImmutableOopMap {rbp=NarrowOop }
                      ;*invokevirtual flushBuffer {reexecute=0 rethrow=0 return_oop=0}
                      ; - java.io.PrintStream::implWriteln@23 (line 848)
                      ; - java.io.PrintStream::writeln@16 (line 826)
                      ; - java.io.PrintStream::println@14 (line 1168)
                      ; - net.runelite.client.plugins.gpushared.GpuPluginShared::lambda$startUp$0@164 (line 322)
                      ; - net.runelite.client.plugins.gpushared.GpuPluginShared$$Lambda/0x000001a44f71e708::onZoneUploaded@9
                      ; - net.runelite.client.plugins.gpu.SceneUploader::uploadZone@386 (line 161)
  0x000001a437512428: d421 60ff 

  0x000001a43751242c: ;   {other}
  0x000001a43751242c: 0f1f 8400 | 1c6d 00b0 | baf4 ffff | ff41 8bee | 4489 5424 

  0x000001a437512440: ;   {runtime_call UncommonTrapBlob}
  0x000001a437512440: 2466 90e8 

  0x000001a437512444: ; ImmutableOopMap {rbp=NarrowOop [36]=NarrowOop }
                      ;*instanceof {reexecute=0 rethrow=0 return_oop=0}
                      ; - java.io.BufferedWriter::flushBuffer@6 (line 160)
                      ; - java.io.PrintStream::implWriteln@23 (line 848)
                      ; - java.io.PrintStream::writeln@16 (line 826)
                      ; - java.io.PrintStream::println@14 (line 1168)
                      ; - net.runelite.client.plugins.gpushared.GpuPluginShared::lambda$startUp$0@164 (line 322)
                      ; - net.runelite.client.plugins.gpushared.GpuPluginShared$$Lambda/0x000001a44f71e708::onZoneUploaded@9
                      ; - net.runelite.client.plugins.gpu.SceneUploader::uploadZone@386 (line 161)
  0x000001a437512444: b821 60ff 

  0x000001a437512448: ;   {other}
  0x000001a437512448: 0f1f 8400 | 386d 00b1 | baf6 ffff | ff41 8bee | 4489 5424 | 244c 895c 

  0x000001a437512460: ;   {runtime_call UncommonTrapBlob}
  0x000001a437512460: 2428 90e8 

  0x000001a437512464: ; ImmutableOopMap {rbp=NarrowOop [36]=NarrowOop [40]=Oop }
                      ;*invokevirtual lock {reexecute=0 rethrow=0 return_oop=0}
                      ; - jdk.internal.misc.InternalLock::lock@4 (line 74)
                      ; - java.io.BufferedWriter::flushBuffer@18 (line 161)
                      ; - java.io.PrintStream::implWriteln@23 (line 848)
                      ; - java.io.PrintStream::writeln@16 (line 826)
                      ; - java.io.PrintStream::println@14 (line 1168)
                      ; - net.runelite.client.plugins.gpushared.GpuPluginShared::lambda$startUp$0@164 (line 322)
                      ; - net.runelite.client.plugins.gpushared.GpuPluginShared$$Lambda/0x000001a44f71e708::onZoneUploaded@9
                      ; - net.runelite.client.plugins.gpu.SceneUploader::uploadZone@386 (line 161)
  0x000001a437512464: 9821 60ff 

  0x000001a437512468: ;   {other}
  0x000001a437512468: 0f1f 8400 | 586d 00b2 | baf6 ffff | ff44 8974 | 2420 4c89 | 5c24 2889 | 4c24 2444 | 8944 2430 
  0x000001a437512488: ;   {runtime_call UncommonTrapBlob}
  0x000001a437512488: 6666 90e8 

  0x000001a43751248c: ; ImmutableOopMap {[32]=NarrowOop [36]=NarrowOop [40]=Oop }
                      ;*invokevirtual write {reexecute=0 rethrow=0 return_oop=0}
                      ; - java.io.OutputStreamWriter::write@7 (line 219)
                      ; - java.io.BufferedWriter::implFlushBuffer@25 (line 178)
                      ; - java.io.BufferedWriter::flushBuffer@22 (line 163)
                      ; - java.io.PrintStream::implWriteln@23 (line 848)
                      ; - java.io.PrintStream::writeln@16 (line 826)
                      ; - java.io.PrintStream::println@14 (line 1168)
                      ; - net.runelite.client.plugins.gpushared.GpuPluginShared::lambda$startUp$0@164 (line 322)
                      ; - net.runelite.client.plugins.gpushared.GpuPluginShared$$Lambda/0x000001a44f71e708::onZoneUploaded@9
                      ; - net.runelite.client.plugins.gpu.SceneUploader::uploadZone@386 (line 161)
  0x000001a43751248c: 7021 60ff 

  0x000001a437512490: ;   {other}
  0x000001a437512490: 0f1f 8400 | 806d 00b3 | baf4 ffff | ff44 8974 | 2420 4c89 | 5c24 2844 | 8954 2424 | 4489 4c24 
  0x000001a4375124b0: 3089 4c24 | 3444 8944 

  0x000001a4375124b8: ;   {runtime_call UncommonTrapBlob}
  0x000001a4375124b8: 2438 90e8 

  0x000001a4375124bc: ; ImmutableOopMap {[32]=NarrowOop [36]=NarrowOop [40]=Oop [48]=NarrowOop [52]=NarrowOop }
                      ;*instanceof {reexecute=0 rethrow=0 return_oop=0}
                      ; - sun.nio.cs.StreamEncoder::write@8 (line 136)
                      ; - java.io.OutputStreamWriter::write@7 (line 219)
                      ; - java.io.BufferedWriter::implFlushBuffer@25 (line 178)
                      ; - java.io.BufferedWriter::flushBuffer@22 (line 163)
                      ; - java.io.PrintStream::implWriteln@23 (line 848)
                      ; - java.io.PrintStream::writeln@16 (line 826)
                      ; - java.io.PrintStream::println@14 (line 1168)
                      ; - net.runelite.client.plugins.gpushared.GpuPluginShared::lambda$startUp$0@164 (line 322)
                      ; - net.runelite.client.plugins.gpushared.GpuPluginShared$$Lambda/0x000001a44f71e708::onZoneUploaded@9
                      ; - net.runelite.client.plugins.gpu.SceneUploader::uploadZone@386 (line 161)
  0x000001a4375124bc: 4021 60ff 

  0x000001a4375124c0: ;   {other}
  0x000001a4375124c0: 0f1f 8400 | b06d 00b4 | baf6 ffff | ff44 8974 | 2420 4c89 | 5c24 2844 | 8954 2424 | 4489 4c24 
  0x000001a4375124e0: 3089 4c24 | 3444 8944 | 2438 4889 

  0x000001a4375124ec: ;   {runtime_call UncommonTrapBlob}
  0x000001a4375124ec: 4424 40e8 

  0x000001a4375124f0: ; ImmutableOopMap {[32]=NarrowOop [36]=NarrowOop [40]=Oop [48]=NarrowOop [52]=NarrowOop [64]=Oop }
                      ;*invokevirtual lock {reexecute=0 rethrow=0 return_oop=0}
                      ; - jdk.internal.misc.InternalLock::lock@4 (line 74)
                      ; - sun.nio.cs.StreamEncoder::write@23 (line 137)
                      ; - java.io.OutputStreamWriter::write@7 (line 219)
                      ; - java.io.BufferedWriter::implFlushBuffer@25 (line 178)
                      ; - java.io.BufferedWriter::flushBuffer@22 (line 163)
                      ; - java.io.PrintStream::implWriteln@23 (line 848)
                      ; - java.io.PrintStream::writeln@16 (line 826)
                      ; - java.io.PrintStream::println@14 (line 1168)
                      ; - net.runelite.client.plugins.gpushared.GpuPluginShared::lambda$startUp$0@164 (line 322)
                      ; - net.runelite.client.plugins.gpushared.GpuPluginShared$$Lambda/0x000001a44f71e708::onZoneUploaded@9
                      ; - net.runelite.client.plugins.gpu.SceneUploader::uploadZone@386 (line 161)
  0x000001a4375124f0: 0c21 60ff 

  0x000001a4375124f4: ;   {other}
  0x000001a4375124f4: 0f1f 8400 | e46d 00b5 | baf6 ffff | ff8b 6c24 | 2844 8b5c | 242c 4489 

  0x000001a43751250c: ;   {runtime_call UncommonTrapBlob}
  0x000001a43751250c: 5c24 24e8 

  0x000001a437512510: ; ImmutableOopMap {rbp=NarrowOop [36]=NarrowOop [56]=Oop [88]=Oop }
                      ;*arraylength {reexecute=0 rethrow=0 return_oop=0}
                      ; - sun.nio.cs.StreamEncoder::lockedWrite@10 (line 152)
                      ; - sun.nio.cs.StreamEncoder::write@30 (line 139)
                      ; - java.io.OutputStreamWriter::write@7 (line 219)
                      ; - java.io.BufferedWriter::implFlushBuffer@25 (line 178)
                      ; - java.io.BufferedWriter::flushBuffer@22 (line 163)
                      ; - java.io.PrintStream::implWriteln@23 (line 848)
                      ; - java.io.PrintStream::writeln@16 (line 826)
                      ; - java.io.PrintStream::println@14 (line 1168)
                      ; - net.runelite.client.plugins.gpushared.GpuPluginShared::lambda$startUp$0@164 (line 322)
                      ; - net.runelite.client.plugins.gpushared.GpuPluginShared$$Lambda/0x000001a44f71e708::onZoneUploaded@9
                      ; - net.runelite.client.plugins.gpu.SceneUploader::uploadZone@386 (line 161)
  0x000001a437512510: ec20 60ff 

  0x000001a437512514: ;   {other}
  0x000001a437512514: 0f1f 8400 | 046e 00b6 | baf6 ffff | ff8b 6c24 | 2844 8b54 | 242c 4489 

  0x000001a43751252c: ;   {runtime_call UncommonTrapBlob}
  0x000001a43751252c: 5424 24e8 

  0x000001a437512530: ; ImmutableOopMap {rbp=NarrowOop [36]=NarrowOop [56]=Oop [88]=Oop }
                      ;*invokevirtual capacity {reexecute=0 rethrow=0 return_oop=0}
                      ; - sun.nio.cs.StreamEncoder::growByteBufferIfNeeded@4 (line 392)
                      ; - sun.nio.cs.StreamEncoder::implWrite@18 (line 367)
                      ; - sun.nio.cs.StreamEncoder::implWrite@11 (line 357)
                      ; - sun.nio.cs.StreamEncoder::lockedWrite@49 (line 158)
                      ; - sun.nio.cs.StreamEncoder::write@30 (line 139)
                      ; - java.io.OutputStreamWriter::write@7 (line 219)
                      ; - java.io.BufferedWriter::implFlushBuffer@25 (line 178)
                      ; - java.io.BufferedWriter::flushBuffer@22 (line 163)
                      ; - java.io.PrintStream::implWriteln@23 (line 848)
                      ; - java.io.PrintStream::writeln@16 (line 826)
                      ; - java.io.PrintStream::println@14 (line 1168)
                      ; - net.runelite.client.plugins.gpushared.GpuPluginShared::lambda$startUp$0@164 (line 322)
                      ; - net.runelite.client.plugins.gpushared.GpuPluginShared$$Lambda/0x000001a44f71e708::onZoneUploaded@9
                      ; - net.runelite.client.plugins.gpu.SceneUploader::uploadZone@386 (line 161)
  0x000001a437512530: cc20 60ff 

  0x000001a437512534: ;   {other}
  0x000001a437512534: 0f1f 8400 | 246e 00b7 | baf6 ffff | ff41 8bea 

  0x000001a437512544: ;   {runtime_call UncommonTrapBlob}
  0x000001a437512544: 6666 90e8 

  0x000001a437512548: ; ImmutableOopMap {rbp=NarrowOop }
                      ;*invokevirtual flush {reexecute=0 rethrow=0 return_oop=0}
                      ; - java.io.PrintStream::implWriteln@44 (line 851)
                      ; - java.io.PrintStream::writeln@16 (line 826)
                      ; - java.io.PrintStream::println@14 (line 1168)
                      ; - net.runelite.client.plugins.gpushared.GpuPluginShared::lambda$startUp$0@164 (line 322)
                      ; - net.runelite.client.plugins.gpushared.GpuPluginShared$$Lambda/0x000001a44f71e708::onZoneUploaded@9
                      ; - net.runelite.client.plugins.gpu.SceneUploader::uploadZone@386 (line 161)
  0x000001a437512548: b420 60ff 

  0x000001a43751254c: ;   {other}
  0x000001a43751254c: 0f1f 8400 | 3c6e 00b8 | baf6 ffff | ff8b 6c24 | 2844 8b5c | 242c 4489 

  0x000001a437512564: ;   {runtime_call UncommonTrapBlob}
  0x000001a437512564: 5c24 24e8 

  0x000001a437512568: ; ImmutableOopMap {rbp=NarrowOop [36]=NarrowOop [56]=Oop [88]=Oop }
                      ;*invokevirtual maxBytesPerChar {reexecute=0 rethrow=0 return_oop=0}
                      ; - sun.nio.cs.StreamEncoder::growByteBufferIfNeeded@21 (line 394)
                      ; - sun.nio.cs.StreamEncoder::implWrite@18 (line 367)
                      ; - sun.nio.cs.StreamEncoder::implWrite@11 (line 357)
                      ; - sun.nio.cs.StreamEncoder::lockedWrite@49 (line 158)
                      ; - sun.nio.cs.StreamEncoder::write@30 (line 139)
                      ; - java.io.OutputStreamWriter::write@7 (line 219)
                      ; - java.io.BufferedWriter::implFlushBuffer@25 (line 178)
                      ; - java.io.BufferedWriter::flushBuffer@22 (line 163)
                      ; - java.io.PrintStream::implWriteln@23 (line 848)
                      ; - java.io.PrintStream::writeln@16 (line 826)
                      ; - java.io.PrintStream::println@14 (line 1168)
                      ; - net.runelite.client.plugins.gpushared.GpuPluginShared::lambda$startUp$0@164 (line 322)
                      ; - net.runelite.client.plugins.gpushared.GpuPluginShared$$Lambda/0x000001a44f71e708::onZoneUploaded@9
                      ; - net.runelite.client.plugins.gpu.SceneUploader::uploadZone@386 (line 161)
  0x000001a437512568: 9420 60ff 

  0x000001a43751256c: ;   {other}
  0x000001a43751256c: 0f1f 8400 | 5c6e 00b9 | ba45 ffff 

  0x000001a437512578: ;   {runtime_call UncommonTrapBlob}
  0x000001a437512578: ff66 90e8 

  0x000001a43751257c: ; ImmutableOopMap {rbp=NarrowOop }
                      ;*ifnull {reexecute=1 rethrow=0 return_oop=0}
                      ; - (reexecute) net.runelite.client.plugins.gpu.SceneUploader::uploadZone@372 (line 159)
  0x000001a43751257c: 8020 60ff 

  0x000001a437512580: ;   {other}
  0x000001a437512580: 0f1f 8400 | 706e 00ba | ba45 ffff | ff44 8954 

  0x000001a437512590: ;   {runtime_call UncommonTrapBlob}
  0x000001a437512590: 2420 90e8 

  0x000001a437512594: ; ImmutableOopMap {rbp=NarrowOop [32]=NarrowOop }
                      ;*ifnull {reexecute=1 rethrow=0 return_oop=0}
                      ; - (reexecute) java.io.PrintStream::writeln@4 (line 823)
                      ; - java.io.PrintStream::println@14 (line 1168)
                      ; - net.runelite.client.plugins.gpushared.GpuPluginShared::lambda$startUp$0@164 (line 322)
                      ; - net.runelite.client.plugins.gpushared.GpuPluginShared$$Lambda/0x000001a44f71e708::onZoneUploaded@9
                      ; - net.runelite.client.plugins.gpu.SceneUploader::uploadZone@386 (line 161)
  0x000001a437512594: 6820 60ff 

  0x000001a437512598: ;   {other}
  0x000001a437512598: 0f1f 8400 | 886e 00bb | ba45 ffff | ff44 8974 | 2420 4c89 | 5c24 2844 | 8954 2424 | 4489 4c24 
  0x000001a4375125b8: ;   {runtime_call UncommonTrapBlob}
  0x000001a4375125b8: 3066 90e8 

  0x000001a4375125bc: ; ImmutableOopMap {[32]=NarrowOop [36]=NarrowOop [40]=Oop [48]=NarrowOop }
                      ;*ifnonnull {reexecute=1 rethrow=0 return_oop=0}
                      ; - (reexecute) java.io.BufferedWriter::ensureOpen@4 (line 131)
                      ; - java.io.BufferedWriter::implFlushBuffer@1 (line 175)
                      ; - java.io.BufferedWriter::flushBuffer@22 (line 163)
                      ; - java.io.PrintStream::implWriteln@23 (line 848)
                      ; - java.io.PrintStream::writeln@16 (line 826)
                      ; - java.io.PrintStream::println@14 (line 1168)
                      ; - net.runelite.client.plugins.gpushared.GpuPluginShared::lambda$startUp$0@164 (line 322)
                      ; - net.runelite.client.plugins.gpushared.GpuPluginShared$$Lambda/0x000001a44f71e708::onZoneUploaded@9
                      ; - net.runelite.client.plugins.gpu.SceneUploader::uploadZone@386 (line 161)
  0x000001a4375125bc: 4020 60ff 

  0x000001a4375125c0: ;   {other}
  0x000001a4375125c0: 0f1f 8400 | b06e 00bc | ba45 ffff 

  0x000001a4375125cc: ;   {runtime_call UncommonTrapBlob}
  0x000001a4375125cc: ff66 90e8 

  0x000001a4375125d0: ; ImmutableOopMap {[108]=NarrowOop [184]=Oop }
                      ;*ifnull {reexecute=1 rethrow=0 return_oop=0}
                      ; - (reexecute) net.runelite.client.plugins.gpushared.shim.SceneGraphBridge::sendZone@168 (line 158)
                      ; - net.runelite.client.plugins.gpushared.GpuPluginShared::lambda$startUp$0@155 (line 321)
                      ; - net.runelite.client.plugins.gpushared.GpuPluginShared$$Lambda/0x000001a44f71e708::onZoneUploaded@9
                      ; - net.runelite.client.plugins.gpu.SceneUploader::uploadZone@386 (line 161)
  0x000001a4375125d0: 2c20 60ff 

  0x000001a4375125d4: ;   {other}
  0x000001a4375125d4: 0f1f 8400 | c46e 00bd | ba45 ffff | ff8b 6c24 | 3844 8b5c | 243c 4489 | 5c24 2044 | 896c 2428 
  0x000001a4375125f4: 4889 5c24 

  0x000001a4375125f8: ;   {runtime_call UncommonTrapBlob}
  0x000001a4375125f8: 4066 90e8 

  0x000001a4375125fc: ; ImmutableOopMap {[48]=Oop [64]=Oop [80]=NarrowOop }
                      ;*ifnull {reexecute=1 rethrow=0 return_oop=0}
                      ; - (reexecute) net.runelite.client.plugins.gpushared.GpuPluginShared::lambda$startUp$0@108 (line 313)
                      ; - net.runelite.client.plugins.gpushared.GpuPluginShared$$Lambda/0x000001a44f71e708::onZoneUploaded@9
                      ; - net.runelite.client.plugins.gpu.SceneUploader::uploadZone@386 (line 161)
  0x000001a4375125fc: 0020 60ff 

  0x000001a437512600: ;   {other}
  0x000001a437512600: 0f1f 8400 | f06e 00be | 488b d0e9 | 6a03 0000 | e962 0300 | 00e9 5d03 | 0000 488b | e8e9 9202 
  0x000001a437512620: 0000 e9a4 | 0200 0048 | 8bd0 e94b | 0300 0044 | 8b58 0849 | ba00 0000 | 4ea4 0100 | 004d 03d3 
  0x000001a437512640: 4d8b 5250 

  0x000001a437512644: ;   {metadata('java/lang/IllegalArgumentException')}
  0x000001a437512644: 49bb 10c3 | 064e a401 | 0000 4d3b | d30f 8445 | 0300 0048 | 8be8 e941 | 0200 00e9 | 1303 0000 
  0x000001a437512664: e90e 0300 | 0048 8bd0 | e909 0300 | 0048 8bd0 | e901 0300 | 0048 8bd0 | e9f9 0200 | 0048 8bd0 
  0x000001a437512684: e9f1 0200 | 0048 8bd0 | e9e9 0200 | 0048 8bd0 | e9e1 0200 | 0048 8bd0 | e9d9 0200 | 0048 8bd0 
  0x000001a4375126a4: e9d1 0200 | 0048 8bd0 | e9c9 0200 | 0048 8bd0 | e9c1 0200 | 0048 8bd0 | e9b9 0200 | 0048 8bd0 
  0x000001a4375126c4: e9b1 0200 | 0048 8bd0 | e9a9 0200 | 0048 8bd0 | e9a1 0200 | 0048 8bd0 | e999 0200 | 0048 8bd0 
  0x000001a4375126e4: e991 0200 | 0048 8bd0 | e989 0200 | 0044 8b58 | 0849 ba00 | 0000 4ea4 | 0100 004d | 03d3 4d8b 
  0x000001a437512704: ;   {metadata('java/io/InterruptedIOException')}
  0x000001a437512704: 5a50 49b8 | a0ea 074f | a401 0000 | 4d3b d80f | 84ff 0100 | 004d 8b52 

  0x000001a43751271c: ;   {metadata('java/io/IOException')}
  0x000001a43751271c: 4849 bbb8 | 1d04 4fa4 | 0100 004d | 3bd3 0f85 | 4702 0000 | e90f 0200 | 00e9 3d02 | 0000 448b 
  0x000001a43751273c: 5808 49ba | 0000 004e | a401 0000 | 4d03 d34d 

  0x000001a43751274c: ;   {metadata('java/io/InterruptedIOException')}
  0x000001a43751274c: 8b5a 5049 | b8a0 ea07 | 4fa4 0100 | 004d 3bd8 | 0f84 b601 | 0000 4d8b 

  0x000001a437512764: ;   {metadata('java/io/IOException')}
  0x000001a437512764: 5248 49bb | b81d 044f | a401 0000 | 4d3b d30f | 85fe 0100 | 00e9 c601 | 0000 488b | e8e9 2e01 
  0x000001a437512784: 0000 e940 | 0100 00e9 | cd00 0000 | e9c8 0000 | 00e9 c300 | 0000 e9be | 0000 00e9 | b900 0000 
  0x000001a4375127a4: e9ce 0100 | 0044 8b58 | 0849 ba00 | 0000 4ea4 | 0100 004d | 03d3 4d8b 

  0x000001a4375127bc: ;   {metadata('java/io/InterruptedIOException')}
  0x000001a4375127bc: 5a50 49b8 | a0ea 074f | a401 0000 | 4d3b d80f | 8447 0100 | 004d 8b52 

  0x000001a4375127d4: ;   {metadata('java/io/IOException')}
  0x000001a4375127d4: 4849 bbb8 | 1d04 4fa4 | 0100 004d | 3bd3 0f85 | 8f01 0000 | e957 0100 | 0048 8be8 | e9d9 0000 
  0x000001a4375127f4: 0048 8be8 | e9d1 0000 | 00e9 c900 | 0000 488b | e8e9 aa00 | 0000 eb51 | 488b e8e9 | ba00 0000 
  0x000001a437512814: 488b e8e9 | b200 0000 | eb3f eb3d | eb3b 448b | 5808 49ba | 0000 004e | a401 0000 | 4d03 d3eb 
  0x000001a437512834: 1144 8b40 | 0849 ba00 | 0000 4ea4 | 0100 004d | 03d0 4d8b 

  0x000001a437512848: ;   {metadata('java/lang/RuntimeException')}
  0x000001a437512848: 5248 49bb | 58e1 054e | a401 0000 | 4d3b d30f | 846b 0100 | 0048 8be8 | eb3e 448b | 5008 49bb 
  0x000001a437512868: 0000 004e | a401 0000 | 4d03 daeb | 1144 8b50 | 0849 bb00 | 0000 4ea4 | 0100 004d | 03da 4d8b 
  0x000001a437512888: ;   {metadata('java/lang/IllegalArgumentException')}
  0x000001a437512888: 5350 49bb | 10c3 064e | a401 0000 | 4d3b d30f | 84ff 0000 | 0048 8be8 | 488b 5424 

  0x000001a4375128a4: ;   {optimized virtual_call}
  0x000001a4375128a4: 5866 90e8 

  0x000001a4375128a8: ; ImmutableOopMap {rbp=Oop [32]=Oop [40]=NarrowOop [48]=Oop [56]=Oop [64]=Oop }
                      ;*invokevirtual unlock {reexecute=0 rethrow=0 return_oop=0}
                      ; - sun.nio.cs.StreamEncoder::write@45 (line 141)
                      ; - java.io.OutputStreamWriter::write@7 (line 219)
                      ; - java.io.BufferedWriter::implFlushBuffer@25 (line 178)
                      ; - java.io.BufferedWriter::flushBuffer@22 (line 163)
                      ; - java.io.PrintStream::implWriteln@23 (line 848)
                      ; - java.io.PrintStream::writeln@16 (line 826)
                      ; - java.io.PrintStream::println@14 (line 1168)
                      ; - net.runelite.client.plugins.gpushared.GpuPluginShared::lambda$startUp$0@164 (line 322)
                      ; - net.runelite.client.plugins.gpushared.GpuPluginShared$$Lambda/0x000001a44f71e708::onZoneUploaded@9
                      ; - net.runelite.client.plugins.gpu.SceneUploader::uploadZone@386 (line 161)
  0x000001a4375128a8: d4c1 5fff 

  0x000001a4375128ac: ;   {other}
  0x000001a4375128ac: 0f1f 8400 | 9c71 00bf | 488b 5424 

  0x000001a4375128b8: ;   {optimized virtual_call}
  0x000001a4375128b8: 3866 90e8 

  0x000001a4375128bc: ; ImmutableOopMap {rbp=Oop [32]=Oop [40]=NarrowOop [48]=Oop }
                      ;*invokevirtual unlock {reexecute=0 rethrow=0 return_oop=0}
                      ; - java.io.BufferedWriter::flushBuffer@34 (line 165)
                      ; - java.io.PrintStream::implWriteln@23 (line 848)
                      ; - java.io.PrintStream::writeln@16 (line 826)
                      ; - java.io.PrintStream::println@14 (line 1168)
                      ; - net.runelite.client.plugins.gpushared.GpuPluginShared::lambda$startUp$0@164 (line 322)
                      ; - net.runelite.client.plugins.gpushared.GpuPluginShared$$Lambda/0x000001a44f71e708::onZoneUploaded@9
                      ; - net.runelite.client.plugins.gpu.SceneUploader::uploadZone@386 (line 161)
  0x000001a4375128bc: c0c1 5fff 

  0x000001a4375128c0: ;   {other}
  0x000001a4375128c0: 0f1f 8400 | b071 00c0 | 488b c548 | 8be8 448b | 5c24 2847 | 8b54 dc18 | 4585 d20f | 84a6 0000 
  0x000001a4375128e0: 004b 8d14 

  0x000001a4375128e4: ;   {optimized virtual_call}
  0x000001a4375128e4: d466 90e8 

  0x000001a4375128e8: ; ImmutableOopMap {rbp=Oop [32]=Oop [40]=NarrowOop [48]=Oop }
                      ;*invokevirtual unlock {reexecute=0 rethrow=0 return_oop=0}
                      ; - java.io.PrintStream::writeln@34 (line 828)
                      ; - java.io.PrintStream::println@14 (line 1168)
                      ; - net.runelite.client.plugins.gpushared.GpuPluginShared::lambda$startUp$0@164 (line 322)
                      ; - net.runelite.client.plugins.gpushared.GpuPluginShared$$Lambda/0x000001a44f71e708::onZoneUploaded@9
                      ; - net.runelite.client.plugins.gpu.SceneUploader::uploadZone@386 (line 161)
  0x000001a4375128e8: 94c1 5fff 

  0x000001a4375128ec: ;   {other}
  0x000001a4375128ec: 0f1f 8400 | dc71 00c1 | 448b 5d08 | 49ba 0000 | 004e a401 | 0000 4d03 | d34d 8b5a 

  0x000001a437512908: ;   {metadata('java/io/InterruptedIOException')}
  0x000001a437512908: 5049 b8a0 | ea07 4fa4 | 0100 004d | 3bd8 7519 | 488b 5424 

  0x000001a43751291c: ;   {optimized virtual_call}
  0x000001a43751291c: 2066 90e8 

  0x000001a437512920: ; ImmutableOopMap {}
                      ;*invokevirtual interrupt {reexecute=0 rethrow=0 return_oop=0}
                      ; - java.io.PrintStream::writeln@68 (line 837)
                      ; - java.io.PrintStream::println@14 (line 1168)
                      ; - net.runelite.client.plugins.gpushared.GpuPluginShared::lambda$startUp$0@164 (line 322)
                      ; - net.runelite.client.plugins.gpushared.GpuPluginShared$$Lambda/0x000001a44f71e708::onZoneUploaded@9
                      ; - net.runelite.client.plugins.gpu.SceneUploader::uploadZone@386 (line 161)
  0x000001a437512920: 5cc1 5fff 

  0x000001a437512924: ;   {other}
  0x000001a437512924: 0f1f 8400 | 1472 00c2 | e903 c3ff | ff4d 8b52 

  0x000001a437512934: ;   {metadata('java/io/IOException')}
  0x000001a437512934: 4849 bbb8 | 1d04 4fa4 | 0100 004d | 3bd3 7510 | 448b 5c24 | 2843 c644 | dc0e 01e9 | e0c2 ffff 
  0x000001a437512954: 488b c5eb | 1e48 8bd0 | eb1c 488b | d0eb 1748 | 8bd0 eb12 | 488b d0eb | 0d48 8bd0 | eb08 488b 
  0x000001a437512974: d0eb 0348 | 8bd0 4881 | c4e0 0000 

  0x000001a437512980: ;   {runtime_call _rethrow_Java}
  0x000001a437512980: 005d e9f9 | 786c ffba | f6ff ffff 

  0x000001a43751298c: ;   {runtime_call UncommonTrapBlob}
  0x000001a43751298c: 6666 90e8 

  0x000001a437512990: ; ImmutableOopMap {rbp=Oop [40]=NarrowOop }
                      ;*invokevirtual unlock {reexecute=0 rethrow=0 return_oop=0}
                      ; - java.io.PrintStream::writeln@34 (line 828)
                      ; - java.io.PrintStream::println@14 (line 1168)
                      ; - net.runelite.client.plugins.gpushared.GpuPluginShared::lambda$startUp$0@164 (line 322)
                      ; - net.runelite.client.plugins.gpushared.GpuPluginShared$$Lambda/0x000001a44f71e708::onZoneUploaded@9
                      ; - net.runelite.client.plugins.gpu.SceneUploader::uploadZone@386 (line 161)
  0x000001a437512990: 6c1c 60ff 

  0x000001a437512994: ;   {other}
  0x000001a437512994: 0f1f 8400 | 8472 00c3 | ba25 0000 | 008b 6c24 | 284c 8b54 | 2438 4c89 | 5424 3044 | 8b5c 242c 
  0x000001a4375129b4: 4489 5c24 

  0x000001a4375129b8: ;   {runtime_call UncommonTrapBlob}
  0x000001a4375129b8: 2466 90e8 

  0x000001a4375129bc: ; ImmutableOopMap {rbp=NarrowOop [36]=NarrowOop [48]=Oop [80]=NarrowOop [88]=Oop }
                      ;*new {reexecute=0 rethrow=0 return_oop=0}
                      ; - java.nio.CharBuffer::wrap@13 (line 438)
                      ; - sun.nio.cs.StreamEncoder::implWrite@3 (line 356)
                      ; - sun.nio.cs.StreamEncoder::lockedWrite@49 (line 158)
                      ; - sun.nio.cs.StreamEncoder::write@30 (line 139)
                      ; - java.io.OutputStreamWriter::write@7 (line 219)
                      ; - java.io.BufferedWriter::implFlushBuffer@25 (line 178)
                      ; - java.io.BufferedWriter::flushBuffer@22 (line 163)
                      ; - java.io.PrintStream::implWriteln@23 (line 848)
                      ; - java.io.PrintStream::writeln@16 (line 826)
                      ; - java.io.PrintStream::println@14 (line 1168)
                      ; - net.runelite.client.plugins.gpushared.GpuPluginShared::lambda$startUp$0@164 (line 322)
                      ; - net.runelite.client.plugins.gpushared.GpuPluginShared$$Lambda/0x000001a44f71e708::onZoneUploaded@9
                      ; - net.runelite.client.plugins.gpu.SceneUploader::uploadZone@386 (line 161)
  0x000001a4375129bc: 401c 60ff 

  0x000001a4375129c0: ;   {other}
  0x000001a4375129c0: 0f1f 8400 | b072 00c4 | 488b e8ba | a300 0000 | 448b 5c24 | 2844 895c | 2424 4c8b | 5424 384c 
  0x000001a4375129e0: 8954 2430 | 448b 5c24 | 2c44 895c 

  0x000001a4375129ec: ;   {runtime_call UncommonTrapBlob}
  0x000001a4375129ec: 2428 90e8 

  0x000001a4375129f0: ; ImmutableOopMap {rbp=Oop [36]=NarrowOop [40]=NarrowOop [48]=Oop [72]=NarrowOop [88]=Oop [96]=Oop }
                      ;*new {reexecute=0 rethrow=0 return_oop=0}
                      ; - java.nio.charset.CharsetEncoder::encode@67 (line 588)
                      ; - sun.nio.cs.StreamEncoder::implWrite@38 (line 370)
                      ; - sun.nio.cs.StreamEncoder::implWrite@11 (line 357)
                      ; - sun.nio.cs.StreamEncoder::lockedWrite@49 (line 158)
                      ; - sun.nio.cs.StreamEncoder::write@30 (line 139)
                      ; - java.io.OutputStreamWriter::write@7 (line 219)
                      ; - java.io.BufferedWriter::implFlushBuffer@25 (line 178)
                      ; - java.io.BufferedWriter::flushBuffer@22 (line 163)
                      ; - java.io.PrintStream::implWriteln@23 (line 848)
                      ; - java.io.PrintStream::writeln@16 (line 826)
                      ; - java.io.PrintStream::println@14 (line 1168)
                      ; - net.runelite.client.plugins.gpushared.GpuPluginShared::lambda$startUp$0@164 (line 322)
                      ; - net.runelite.client.plugins.gpushared.GpuPluginShared$$Lambda/0x000001a44f71e708::onZoneUploaded@9
                      ; - net.runelite.client.plugins.gpu.SceneUploader::uploadZone@386 (line 161)
  0x000001a4375129f0: 0c1c 60ff 

  0x000001a4375129f4: ;   {other}
  0x000001a4375129f4: 0f1f 8400 | e472 00c5 

  0x000001a4375129fc: ;   {internal_word}
  0x000001a4375129fc: 49ba 3cec | 5037 a401 | 0000 4d89 | 9768 0400 

  0x000001a437512a0c: ;   {runtime_call SafepointBlob}
  0x000001a437512a0c: 00e9 ee2c 

  0x000001a437512a10: ;   {runtime_call StubRoutines (final stubs)}
  0x000001a437512a10: 60ff e849 | 235e ffe9 | 8294 ffff | f4f4 f4f4 
[Stub Code]
  0x000001a437512a20: ;   {no_reloc}
  0x000001a437512a20: 48bb 0000 | 0000 0000 

  0x000001a437512a28: ;   {runtime_call}
  0x000001a437512a28: 0000 e9fb 

  0x000001a437512a2c: ;   {static_stub}
  0x000001a437512a2c: ffff ff48 | bb00 0000 | 0000 0000 

  0x000001a437512a38: ;   {runtime_call}
  0x000001a437512a38: 00e9 fbff 

  0x000001a437512a3c: ;   {static_stub}
  0x000001a437512a3c: ffff 48bb | 0000 0000 | 0000 0000 

  0x000001a437512a48: ;   {runtime_call}
  0x000001a437512a48: e9fb ffff 

  0x000001a437512a4c: ;   {static_stub}
  0x000001a437512a4c: ff48 bbb0 | 970c 4ea4 

  0x000001a437512a54: ;   {runtime_call I2C/C2I adapters}
  0x000001a437512a54: 0100 00e9 | 070a 60ff 

  0x000001a437512a5c: ;   {static_stub}
  0x000001a437512a5c: 48bb 0000 | 0000 0000 

  0x000001a437512a64: ;   {runtime_call}
  0x000001a437512a64: 0000 e9fb 

  0x000001a437512a68: ;   {static_stub}
  0x000001a437512a68: ffff ff48 | bb00 0000 | 0000 0000 

  0x000001a437512a74: ;   {runtime_call}
  0x000001a437512a74: 00e9 fbff 

  0x000001a437512a78: ;   {static_stub}
  0x000001a437512a78: ffff 48bb | 0000 0000 | 0000 0000 

  0x000001a437512a84: ;   {runtime_call}
  0x000001a437512a84: e9fb ffff 

  0x000001a437512a88: ;   {static_stub}
  0x000001a437512a88: ff48 bb00 | 0000 0000 

  0x000001a437512a90: ;   {runtime_call}
  0x000001a437512a90: 0000 00e9 | fbff ffff 

  0x000001a437512a98: ;   {static_stub}
  0x000001a437512a98: 48bb 0000 | 0000 0000 

  0x000001a437512aa0: ;   {runtime_call}
  0x000001a437512aa0: 0000 e9fb 

  0x000001a437512aa4: ;   {static_stub}
  0x000001a437512aa4: ffff ff48 | bb00 0000 | 0000 0000 

  0x000001a437512ab0: ;   {runtime_call}
  0x000001a437512ab0: 00e9 fbff 

  0x000001a437512ab4: ;   {static_stub}
  0x000001a437512ab4: ffff 48bb | 0000 0000 | 0000 0000 

  0x000001a437512ac0: ;   {runtime_call}
  0x000001a437512ac0: e9fb ffff 

  0x000001a437512ac4: ;   {static_stub}
  0x000001a437512ac4: ff48 bb00 | 0000 0000 

  0x000001a437512acc: ;   {runtime_call}
  0x000001a437512acc: 0000 00e9 | fbff ffff 

  0x000001a437512ad4: ;   {static_stub}
  0x000001a437512ad4: 48bb 0000 | 0000 0000 

  0x000001a437512adc: ;   {runtime_call}
  0x000001a437512adc: 0000 e9fb 

  0x000001a437512ae0: ;   {static_stub}
  0x000001a437512ae0: ffff ff48 | bb00 0000 | 0000 0000 

  0x000001a437512aec: ;   {runtime_call}
  0x000001a437512aec: 00e9 fbff 

  0x000001a437512af0: ;   {static_stub}
  0x000001a437512af0: ffff 48bb | 0000 0000 | 0000 0000 

  0x000001a437512afc: ;   {runtime_call}
  0x000001a437512afc: e9fb ffff 

  0x000001a437512b00: ;   {static_stub}
  0x000001a437512b00: ff48 bb00 | 0000 0000 

  0x000001a437512b08: ;   {runtime_call}
  0x000001a437512b08: 0000 00e9 | fbff ffff 

  0x000001a437512b10: ;   {static_stub}
  0x000001a437512b10: 48bb 0000 | 0000 0000 

  0x000001a437512b18: ;   {runtime_call}
  0x000001a437512b18: 0000 e9fb 

  0x000001a437512b1c: ;   {static_stub}
  0x000001a437512b1c: ffff ff48 | bb00 0000 | 0000 0000 

  0x000001a437512b28: ;   {runtime_call}
  0x000001a437512b28: 00e9 fbff 

  0x000001a437512b2c: ;   {static_stub}
  0x000001a437512b2c: ffff 48bb | 0000 0000 | 0000 0000 

  0x000001a437512b38: ;   {runtime_call}
  0x000001a437512b38: e9fb ffff 

  0x000001a437512b3c: ;   {static_stub}
  0x000001a437512b3c: ff48 bb00 | 0000 0000 

  0x000001a437512b44: ;   {runtime_call}
  0x000001a437512b44: 0000 00e9 | fbff ffff 

  0x000001a437512b4c: ;   {static_stub}
  0x000001a437512b4c: 48bb 0000 | 0000 0000 

  0x000001a437512b54: ;   {runtime_call}
  0x000001a437512b54: 0000 e9fb 

  0x000001a437512b58: ;   {static_stub}
  0x000001a437512b58: ffff ff48 | bb00 0000 | 0000 0000 

  0x000001a437512b64: ;   {runtime_call}
  0x000001a437512b64: 00e9 fbff 

  0x000001a437512b68: ;   {static_stub}
  0x000001a437512b68: ffff 48bb | 0000 0000 | 0000 0000 

  0x000001a437512b74: ;   {runtime_call}
  0x000001a437512b74: e9fb ffff 

  0x000001a437512b78: ;   {static_stub}
  0x000001a437512b78: ff48 bb98 | 8a0c 4ea4 

  0x000001a437512b80: ;   {runtime_call I2C/C2I adapters}
  0x000001a437512b80: 0100 00e9 | df11 60ff 

  0x000001a437512b88: ;   {static_stub}
  0x000001a437512b88: 48bb 0000 | 0000 0000 

  0x000001a437512b90: ;   {runtime_call}
  0x000001a437512b90: 0000 e9fb 

  0x000001a437512b94: ;   {static_stub}
  0x000001a437512b94: ffff ff48 | bb00 0000 | 0000 0000 

  0x000001a437512ba0: ;   {runtime_call}
  0x000001a437512ba0: 00e9 fbff 

  0x000001a437512ba4: ;   {static_stub}
  0x000001a437512ba4: ffff 48bb | 0000 0000 | 0000 0000 

  0x000001a437512bb0: ;   {runtime_call}
  0x000001a437512bb0: e9fb ffff 

  0x000001a437512bb4: ;   {static_stub}
  0x000001a437512bb4: ff48 bb00 | 0000 0000 

  0x000001a437512bbc: ;   {runtime_call}
  0x000001a437512bbc: 0000 00e9 | fbff ffff 
[Exception Handler]
  0x000001a437512bc4: ;   {runtime_call ExceptionBlob}
  0x000001a437512bc4: e9b7 0963 | ffe8 0000 | 0000 4883 

  0x000001a437512bd0: ;   {runtime_call DeoptimizationBlob}
  0x000001a437512bd0: 2c24 05e9 | c81d 60ff 
[/MachCode]


---------------  P R O C E S S  ---------------

Threads class SMR info:
_java_thread_list=0x000001a4a0961fb0, length=45, elements={
0x000001a449d78650, 0x000001a449d7b1c0, 0x000001a449d7e7a0, 0x000001a44d122f10,
0x000001a44d123bd0, 0x000001a44d124760, 0x000001a44d126ac0, 0x000001a44d19b7d0,
0x000001a44d27baf0, 0x000001a44d285990, 0x000001a4933e0250, 0x000001a4931d5d00,
0x000001a4931d6970, 0x000001a493574990, 0x000001a49339bea0, 0x000001a493a27650,
0x000001a493ba4860, 0x000001a493f5d040, 0x000001a493f5dd60, 0x000001a493f5d6d0,
0x000001a493f5e3f0, 0x000001a493f60b50, 0x000001a493f611e0, 0x000001a49e88ba80,
0x000001a49e892380, 0x000001a4a35ddfe0, 0x000001a4a35e2810, 0x000001a493506e20,
0x000001a4cab66fe0, 0x000001a4cab64880, 0x000001a49e88b3f0, 0x000001a49e88c110,
0x000001a49e88f590, 0x000001a49e88c7a0, 0x000001a4cab655a0, 0x000001a5620a0fb0,
0x000001a5620a8380, 0x000001a5620a4d00, 0x000001a5620a8a50, 0x000001a5620a53d0,
0x000001a5620a9120, 0x000001a5620a5aa0, 0x000001a5620aba00, 0x000001a49e512440,
0x000001a49e512b10
}

Java Threads: ( => current thread )
  0x000001a449d78650 JavaThread "Reference Handler"          daemon [_thread_blocked, id=42848, stack(0x0000003892c00000,0x0000003892d00000) (1024K)]
  0x000001a449d7b1c0 JavaThread "Finalizer"                  daemon [_thread_blocked, id=43684, stack(0x0000003892d00000,0x0000003892e00000) (1024K)]
  0x000001a449d7e7a0 JavaThread "Signal Dispatcher"          daemon [_thread_blocked, id=39776, stack(0x0000003892e00000,0x0000003892f00000) (1024K)]
  0x000001a44d122f10 JavaThread "Attach Listener"            daemon [_thread_blocked, id=33192, stack(0x0000003892f00000,0x0000003893000000) (1024K)]
  0x000001a44d123bd0 JavaThread "Service Thread"             daemon [_thread_blocked, id=12736, stack(0x0000003893000000,0x0000003893100000) (1024K)]
  0x000001a44d124760 JavaThread "Monitor Deflation Thread"   daemon [_thread_blocked, id=21128, stack(0x0000003893100000,0x0000003893200000) (1024K)]
  0x000001a44d126ac0 JavaThread "C2 CompilerThread0"         daemon [_thread_blocked, id=10096, stack(0x0000003893200000,0x0000003893300000) (1024K)]
  0x000001a44d19b7d0 JavaThread "C1 CompilerThread0"         daemon [_thread_blocked, id=22364, stack(0x0000003893300000,0x0000003893400000) (1024K)]
  0x000001a44d27baf0 JavaThread "Notification Thread"        daemon [_thread_blocked, id=26176, stack(0x0000003893700000,0x0000003893800000) (1024K)]
  0x000001a44d285990 JavaThread "Common-Cleaner"             daemon [_thread_blocked, id=2984, stack(0x0000003893800000,0x0000003893900000) (1024K)]
  0x000001a4933e0250 JavaThread "Java2D Disposer"            daemon [_thread_blocked, id=24980, stack(0x0000003893c00000,0x0000003893d00000) (1024K)]
  0x000001a4931d5d00 JavaThread "AWT-Shutdown"                      [_thread_blocked, id=17332, stack(0x0000003894900000,0x0000003894a00000) (1024K)]
  0x000001a4931d6970 JavaThread "AWT-Windows"                daemon [_thread_blocked, id=15004, stack(0x0000003894a00000,0x0000003894b00000) (1024K)]
  0x000001a493574990 JavaThread "AWT-EventQueue-0"                  [_thread_blocked, id=30668, stack(0x0000003894b00000,0x0000003894c00000) (1024K)]
  0x000001a49339bea0 JavaThread "TimerQueue"                 daemon [_thread_blocked, id=15184, stack(0x0000003893900000,0x0000003893a00000) (1024K)]
  0x000001a493a27650 JavaThread "D3D Screen Updater"         daemon [_thread_blocked, id=45840, stack(0x0000003893a00000,0x0000003893b00000) (1024K)]
  0x000001a493ba4860 JavaThread "OkHttp ConnectionPool"      daemon [_thread_blocked, id=45444, stack(0x0000003896020000,0x0000003896120000) (1024K)]
  0x000001a493f5d040 JavaThread "pool-2-thread-1"                   [_thread_blocked, id=9340, stack(0x0000003895520000,0x0000003895620000) (1024K)]
  0x000001a493f5dd60 JavaThread "Thread-1"                   daemon [_thread_blocked, id=1648, stack(0x0000003896320000,0x0000003896420000) (1024K)]
  0x000001a493f5d6d0 JavaThread "Client"                     daemon [_thread_blocked, id=42396, stack(0x0000003896420000,0x0000003896520000) (1024K)]
  0x000001a493f5e3f0 JavaThread "Thread-3"                   daemon [_thread_blocked, id=4288, stack(0x0000003896520000,0x0000003896620000) (1024K)]
  0x000001a493f60b50 JavaThread "Java Sound Event Dispatcher" daemon [_thread_blocked, id=35404, stack(0x0000003897020000,0x0000003897120000) (1024K)]
  0x000001a493f611e0 JavaThread "Sound Engine"                      [_thread_blocked, id=45724, stack(0x0000003897420000,0x0000003897520000) (1024K)]
  0x000001a49e88ba80 JavaThread "Thread-7"                   daemon [_thread_blocked, id=42260, stack(0x0000003897720000,0x0000003897820000) (1024K)]
  0x000001a49e892380 JavaThread "pool-5-thread-1"                   [_thread_blocked, id=27444, stack(0x0000003896b20000,0x0000003896c20000) (1024K)]
  0x000001a4a35ddfe0 JavaThread "DestroyJavaVM"                     [_thread_blocked, id=20232, stack(0x0000003892400000,0x0000003892500000) (1024K)]
  0x000001a4a35e2810 JavaThread "Thread-9"                   daemon [_thread_in_native, id=8728, stack(0x0000003897a20000,0x0000003897b20000) (1024K)]
=>0x000001a493506e20 JavaThread "Map Loader"                 daemon [_thread_in_Java, id=9092, stack(0x0000003892200000,0x0000003892300000) (1024K)]
  0x000001a4cab66fe0 JavaThread "OkHttp api.runelite.net Writer"        [_thread_blocked, id=33072, stack(0x0000003896d20000,0x0000003896e20000) (1024K)]
  0x000001a4cab64880 JavaThread "OkHttp api.runelite.net"           [_thread_in_native, id=37620, stack(0x0000003897520000,0x0000003897620000) (1024K)]
  0x000001a49e88b3f0 JavaThread "Okio Watchdog"              daemon [_thread_blocked, id=44464, stack(0x0000003893500000,0x0000003893600000) (1024K)]
  0x000001a49e88c110 JavaThread "tokenRequest-rest-request-2" daemon [_thread_blocked, id=29976, stack(0x0000003893b00000,0x0000003893c00000) (1024K)]
  0x000001a49e88f590 JavaThread "Thread-15"                  daemon [_thread_in_native, id=29404, stack(0x0000003895200000,0x0000003895300000) (1024K)]
  0x000001a49e88c7a0 JavaThread "Thread-16"                  daemon [_thread_blocked, id=39656, stack(0x0000003895320000,0x0000003895420000) (1024K)]
  0x000001a4cab655a0 JavaThread "crmsession-rest-request-1"  daemon [_thread_blocked, id=23456, stack(0x0000003897b20000,0x0000003897c20000) (1024K)]
  0x000001a5620a0fb0 JavaThread "C2 CompilerThread1"         daemon [_thread_blocked, id=24744, stack(0x0000003893600000,0x0000003893700000) (1024K)]
  0x000001a5620a8380 JavaThread "C2 CompilerThread2"         daemon [_thread_blocked, id=26172, stack(0x0000003894e00000,0x0000003894f00000) (1024K)]
  0x000001a5620a4d00 JavaThread "C1 CompilerThread1"         daemon [_thread_blocked, id=2452, stack(0x0000003895100000,0x0000003895200000) (1024K)]
  0x000001a5620a8a50 JavaThread "C1 CompilerThread2"         daemon [_thread_blocked, id=34104, stack(0x0000003895920000,0x0000003895a20000) (1024K)]
  0x000001a5620a53d0 JavaThread "C2 CompilerThread3"         daemon [_thread_blocked, id=19988, stack(0x0000003896120000,0x0000003896220000) (1024K)]
  0x000001a5620a9120 JavaThread "C2 CompilerThread4"         daemon [_thread_blocked, id=41892, stack(0x0000003896220000,0x0000003896320000) (1024K)]
  0x000001a5620a5aa0 JavaThread "C1 CompilerThread3"         daemon [_thread_blocked, id=45104, stack(0x0000003896620000,0x0000003896720000) (1024K)]
  0x000001a5620aba00 JavaThread "C2 CompilerThread5"         daemon [_thread_blocked, id=9556, stack(0x0000003896720000,0x0000003896820000) (1024K)]
  0x000001a49e512440 JavaThread "C2 CompilerThread6"         daemon [_thread_blocked, id=4744, stack(0x00000038969f0000,0x0000003896af0000) (1024K)]
  0x000001a49e512b10 JavaThread "C2 CompilerThread7"         daemon [_thread_blocked, id=36240, stack(0x0000003896c20000,0x0000003896d20000) (1024K)]
Total: 45

Other Threads:
  0x000001a449d5be60 VMThread "VM Thread"                           [id=39660, stack(0x0000003892b00000,0x0000003892c00000) (1024K)] _threads_hazard_ptr=0x000001a4a0961fb0
  0x000001a44d121180 WatcherThread "VM Periodic Task Thread"        [id=43244, stack(0x0000003892a00000,0x0000003892b00000) (1024K)]
  0x000001a425c8b310 WorkerThread "GC Thread#0"                     [id=17348, stack(0x0000003892500000,0x0000003892600000) (1024K)]
  0x000001a4934a75a0 WorkerThread "GC Thread#1"                     [id=37856, stack(0x0000003893e00000,0x0000003893f00000) (1024K)]
  0x000001a4934a8f70 WorkerThread "GC Thread#2"                     [id=40336, stack(0x0000003893f00000,0x0000003894000000) (1024K)]
  0x000001a4934a7950 WorkerThread "GC Thread#3"                     [id=35212, stack(0x0000003894000000,0x0000003894100000) (1024K)]
  0x000001a4934a8460 WorkerThread "GC Thread#4"                     [id=33980, stack(0x0000003894100000,0x0000003894200000) (1024K)]
  0x000001a4934a80b0 WorkerThread "GC Thread#5"                     [id=23420, stack(0x0000003894200000,0x0000003894300000) (1024K)]
  0x000001a4934a7d00 WorkerThread "GC Thread#6"                     [id=33952, stack(0x0000003894300000,0x0000003894400000) (1024K)]
  0x000001a493311b70 WorkerThread "GC Thread#7"                     [id=21380, stack(0x0000003894400000,0x0000003894500000) (1024K)]
  0x000001a493310900 WorkerThread "GC Thread#8"                     [id=22392, stack(0x0000003894500000,0x0000003894600000) (1024K)]
  0x000001a493311f20 WorkerThread "GC Thread#9"                     [id=44600, stack(0x0000003894600000,0x0000003894700000) (1024K)]
  0x000001a4933122d0 WorkerThread "GC Thread#10"                    [id=20816, stack(0x0000003894700000,0x0000003894800000) (1024K)]
  0x000001a49330fdf0 WorkerThread "GC Thread#11"                    [id=27436, stack(0x0000003894800000,0x0000003894900000) (1024K)]
  0x000001a4933101a0 WorkerThread "GC Thread#12"                    [id=24076, stack(0x0000003894c00000,0x0000003894d00000) (1024K)]
  0x000001a4933117c0 WorkerThread "GC Thread#13"                    [id=19684, stack(0x0000003894d00000,0x0000003894e00000) (1024K)]
  0x000001a493310550 WorkerThread "GC Thread#14"                    [id=19432, stack(0x0000003895000000,0x0000003895100000) (1024K)]
  0x000001a493313540 WorkerThread "GC Thread#15"                    [id=30776, stack(0x0000003895a20000,0x0000003895b20000) (1024K)]
  0x000001a49330fa40 WorkerThread "GC Thread#16"                    [id=24924, stack(0x0000003895b20000,0x0000003895c20000) (1024K)]
  0x000001a493cf1f00 WorkerThread "GC Thread#17"                    [id=38444, stack(0x0000003894f00000,0x0000003895000000) (1024K)]
  0x000001a425c9c1e0 ConcurrentGCThread "G1 Main Marker"            [id=42520, stack(0x0000003892600000,0x0000003892700000) (1024K)]
  0x000001a425c9ce50 WorkerThread "G1 Conc#0"                       [id=20180, stack(0x0000003892700000,0x0000003892800000) (1024K)]
  0x000001a493311060 WorkerThread "G1 Conc#1"                       [id=7276, stack(0x0000003895c20000,0x0000003895d20000) (1024K)]
  0x000001a493cf1b50 WorkerThread "G1 Conc#2"                       [id=29624, stack(0x0000003895d20000,0x0000003895e20000) (1024K)]
  0x000001a493cf2660 WorkerThread "G1 Conc#3"                       [id=43948, stack(0x0000003895e20000,0x0000003895f20000) (1024K)]
  0x000001a493cf3170 WorkerThread "G1 Conc#4"                       [id=7444, stack(0x0000003895f20000,0x0000003896020000) (1024K)]
  0x000001a449c82fc0 ConcurrentGCThread "G1 Refine#0"               [id=35948, stack(0x0000003892800000,0x0000003892900000) (1024K)]
  0x000001a449c849f0 ConcurrentGCThread "G1 Service"                [id=41352, stack(0x0000003892900000,0x0000003892a00000) (1024K)]
Total: 28

Threads with active compile tasks:
C2 CompilerThread0  2067296 30501       4       java.util.concurrent.CopyOnWriteArrayList::indexOf (14 bytes)
C2 CompilerThread1  2067296 30491       4       javax.swing.AbstractButton::setSelected (16 bytes)
C2 CompilerThread2  2067296 30529       4       com.google.common.base.Splitter$1$1::separatorStart (16 bytes)
C2 CompilerThread3  2067296 30494       4       net.runelite.client.plugins.config.PluginListItem::setPluginEnabled (9 bytes)
C2 CompilerThread4  2067296 30556       4       com.formdev.flatlaf.ui.FlatToggleButtonUI::propertyChange (224 bytes)
C2 CompilerThread5  2067296 30497       4       net.runelite.client.plugins.config.PluginListPanel$$Lambda/0x000001a44f784218::accept (12 bytes)
C2 CompilerThread6  2067296 30519 %     4       org.apache.commons.text.similarity.JaroWinklerDistance::matches @ 249 (401 bytes)
C2 CompilerThread7  2067296 30500       4       java.util.concurrent.CopyOnWriteArrayList::contains (14 bytes)
Total: 8

VM state: synchronizing (normal execution)

VM Mutex/Monitor currently owned by a thread:  ([mutex/lock_event])
[0x00007fff4ba89f10] Threads_lock - owner thread: 0x000001a449d5be60
[0x00007fff4ba8a010] Heap_lock - owner thread: 0x000001a493f5d6d0

Heap address: 0x0000000603800000, size: 8136 MB, Compressed Oops mode: Zero based, Oop shift amount: 3

CDS archive(s) mapped at: [0x000001a44e000000-0x000001a44ec90000-0x000001a44ec90000), size 13172736, SharedBaseAddress: 0x000001a44e000000, ArchiveRelocationMode: 1.
Compressed class space mapped at: 0x000001a44f000000-0x000001a48f000000, reserved size: 1073741824
Narrow klass base: 0x000001a44e000000, Narrow klass shift: 0, Narrow klass range: 0x100000000

GC Precious Log:
 CardTable entry size: 512
 Card Set container configuration: InlinePtr #cards 4 size 8 Array Of Cards #cards 32 size 80 Howl #buckets 8 coarsen threshold 7372 Howl Bitmap #cards 1024 size 144 coarsen threshold 921 Card regions per heap region 1 cards per card region 8192
 CPUs: 24 total, 24 available
 Memory: 32535M
 Large Page Support: Disabled
 NUMA Support: Disabled
 Compressed Oops: Enabled (Zero based)
 Heap Region Size: 4M
 Heap Min Capacity: 8M
 Heap Initial Capacity: 512M
 Heap Max Capacity: 8136M
 Pre-touch: Disabled
 Parallel Workers: 18
 Concurrent Workers: 5
 Concurrent Refinement Workers: 18
 Periodic GC: Disabled

Heap:
 garbage-first heap   total 819200K, used 466485K [0x0000000603800000, 0x0000000800000000)
  region size 4096K, 37 young (151552K), 13 survivors (53248K)
 Metaspace       used 91351K, committed 92544K, reserved 1179648K
  class space    used 8888K, committed 9472K, reserved 1048576K

Heap Regions: E=young(eden), S=young(survivor), O=old, HS=humongous(starts), HC=humongous(continues), CS=collection set, F=free, TAMS=top-at-mark-start, PB=parsable bottom
|   0|0x0000000603800000, 0x0000000603c00000, 0x0000000603c00000|100%| O|  |TAMS 0x0000000603800000| PB 0x0000000603800000| Untracked 
|   1|0x0000000603c00000, 0x0000000603ffffd0, 0x0000000604000000| 99%| O|  |TAMS 0x0000000603c00000| PB 0x0000000603c00000| Untracked 
|   2|0x0000000604000000, 0x0000000604400000, 0x0000000604400000|100%| O|  |TAMS 0x0000000604000000| PB 0x0000000604000000| Untracked 
|   3|0x0000000604400000, 0x00000006047fffe0, 0x0000000604800000| 99%| O|  |TAMS 0x0000000604400000| PB 0x0000000604400000| Untracked 
|   4|0x0000000604800000, 0x0000000604bfffe8, 0x0000000604c00000| 99%| O|  |TAMS 0x0000000604800000| PB 0x0000000604800000| Untracked 
|   5|0x0000000604c00000, 0x0000000604ffffe8, 0x0000000605000000| 99%| O|  |TAMS 0x0000000604c00000| PB 0x0000000604c00000| Untracked 
|   6|0x0000000605000000, 0x00000006053ffec0, 0x0000000605400000| 99%| O|  |TAMS 0x0000000605000000| PB 0x0000000605000000| Untracked 
|   7|0x0000000605400000, 0x0000000605800000, 0x0000000605800000|100%| O|  |TAMS 0x0000000605400000| PB 0x0000000605400000| Untracked 
|   8|0x0000000605800000, 0x0000000605c00000, 0x0000000605c00000|100%| O|  |TAMS 0x0000000605800000| PB 0x0000000605800000| Untracked 
|   9|0x0000000605c00000, 0x0000000605fff8a8, 0x0000000606000000| 99%| O|  |TAMS 0x0000000605c00000| PB 0x0000000605c00000| Untracked 
|  10|0x0000000606000000, 0x00000006063fffb0, 0x0000000606400000| 99%| O|  |TAMS 0x0000000606000000| PB 0x0000000606000000| Untracked 
|  11|0x0000000606400000, 0x00000006067fd5c8, 0x0000000606800000| 99%| O|  |TAMS 0x0000000606400000| PB 0x0000000606400000| Untracked 
|  12|0x0000000606800000, 0x0000000606bfffc0, 0x0000000606c00000| 99%| O|  |TAMS 0x0000000606800000| PB 0x0000000606800000| Untracked 
|  13|0x0000000606c00000, 0x0000000606ffff90, 0x0000000607000000| 99%| O|  |TAMS 0x0000000606c00000| PB 0x0000000606c00000| Untracked 
|  14|0x0000000607000000, 0x00000006073ffff8, 0x0000000607400000| 99%| O|  |TAMS 0x0000000607000000| PB 0x0000000607000000| Untracked 
|  15|0x0000000607400000, 0x00000006077ffff0, 0x0000000607800000| 99%| O|  |TAMS 0x0000000607400000| PB 0x0000000607400000| Untracked 
|  16|0x0000000607800000, 0x0000000607bffff8, 0x0000000607c00000| 99%| O|  |TAMS 0x0000000607800000| PB 0x0000000607800000| Untracked 
|  17|0x0000000607c00000, 0x0000000608000000, 0x0000000608000000|100%| O|  |TAMS 0x0000000607c00000| PB 0x0000000607c00000| Untracked 
|  18|0x0000000608000000, 0x000000060837a7e0, 0x0000000608400000| 86%| O|  |TAMS 0x0000000608000000| PB 0x0000000608000000| Untracked 
|  19|0x0000000608400000, 0x00000006087fe550, 0x0000000608800000| 99%| O|  |TAMS 0x0000000608400000| PB 0x0000000608400000| Untracked 
|  20|0x0000000608800000, 0x0000000608bebd40, 0x0000000608c00000| 98%| O|  |TAMS 0x0000000608800000| PB 0x0000000608800000| Untracked 
|  21|0x0000000608c00000, 0x0000000608d97d98, 0x0000000609000000| 39%| O|  |TAMS 0x0000000608c00000| PB 0x0000000608c00000| Untracked 
|  22|0x0000000609000000, 0x00000006093ffff0, 0x0000000609400000| 99%| O|  |TAMS 0x0000000609000000| PB 0x0000000609000000| Untracked 
|  23|0x0000000609400000, 0x0000000609800000, 0x0000000609800000|100%| O|  |TAMS 0x0000000609400000| PB 0x0000000609400000| Untracked 
|  24|0x0000000609800000, 0x0000000609c00000, 0x0000000609c00000|100%| O|  |TAMS 0x0000000609800000| PB 0x0000000609800000| Untracked 
|  25|0x0000000609c00000, 0x0000000609fffff0, 0x000000060a000000| 99%| O|  |TAMS 0x0000000609c00000| PB 0x0000000609c00000| Untracked 
|  26|0x000000060a000000, 0x000000060a400000, 0x000000060a400000|100%| O|  |TAMS 0x000000060a000000| PB 0x000000060a000000| Untracked 
|  27|0x000000060a400000, 0x000000060a794340, 0x000000060a800000| 89%| O|  |TAMS 0x000000060a400000| PB 0x000000060a400000| Untracked 
|  28|0x000000060a800000, 0x000000060aae0120, 0x000000060ac00000| 71%| O|  |TAMS 0x000000060a800000| PB 0x000000060a800000| Untracked 
|  29|0x000000060ac00000, 0x000000060ac00000, 0x000000060b000000|  0%| F|  |TAMS 0x000000060ac00000| PB 0x000000060ac00000| Untracked 
|  30|0x000000060b000000, 0x000000060b30c0b8, 0x000000060b400000| 76%| O|  |TAMS 0x000000060b000000| PB 0x000000060b000000| Untracked 
|  31|0x000000060b400000, 0x000000060b5ec4d0, 0x000000060b800000| 48%| O|  |TAMS 0x000000060b400000| PB 0x000000060b400000| Untracked 
|  32|0x000000060b800000, 0x000000060baa3f78, 0x000000060bc00000| 66%| O|  |TAMS 0x000000060b800000| PB 0x000000060b800000| Untracked 
|  33|0x000000060bc00000, 0x000000060c000000, 0x000000060c000000|100%|HS|  |TAMS 0x000000060bc00000| PB 0x000000060bc00000| Complete 
|  34|0x000000060c000000, 0x000000060c2523a0, 0x000000060c400000| 58%| O|  |TAMS 0x000000060c000000| PB 0x000000060c000000| Untracked 
|  35|0x000000060c400000, 0x000000060c78ca18, 0x000000060c800000| 88%| O|  |TAMS 0x000000060c400000| PB 0x000000060c400000| Untracked 
|  36|0x000000060c800000, 0x000000060ca747e8, 0x000000060cc00000| 61%| O|  |TAMS 0x000000060c800000| PB 0x000000060c800000| Untracked 
|  37|0x000000060cc00000, 0x000000060cffcad0, 0x000000060d000000| 99%| O|  |TAMS 0x000000060cc00000| PB 0x000000060cc00000| Untracked 
|  38|0x000000060d000000, 0x000000060d3e0ef0, 0x000000060d400000| 96%| O|  |TAMS 0x000000060d000000| PB 0x000000060d000000| Untracked 
|  39|0x000000060d400000, 0x000000060d800000, 0x000000060d800000|100%|HS|  |TAMS 0x000000060d400000| PB 0x000000060d400000| Complete 
|  40|0x000000060d800000, 0x000000060db78840, 0x000000060dc00000| 86%| O|  |TAMS 0x000000060d800000| PB 0x000000060d800000| Untracked 
|  41|0x000000060dc00000, 0x000000060e000000, 0x000000060e000000|100%|HS|  |TAMS 0x000000060dc00000| PB 0x000000060dc00000| Complete 
|  42|0x000000060e000000, 0x000000060e400000, 0x000000060e400000|100%|HC|  |TAMS 0x000000060e000000| PB 0x000000060e000000| Complete 
|  43|0x000000060e400000, 0x000000060e71a438, 0x000000060e800000| 77%| O|  |TAMS 0x000000060e400000| PB 0x000000060e400000| Untracked 
|  44|0x000000060e800000, 0x000000060e800000, 0x000000060ec00000|  0%| F|  |TAMS 0x000000060e800000| PB 0x000000060e800000| Untracked 
|  45|0x000000060ec00000, 0x000000060f000000, 0x000000060f000000|100%|HS|  |TAMS 0x000000060ec00000| PB 0x000000060ec00000| Complete 
|  46|0x000000060f000000, 0x000000060f400000, 0x000000060f400000|100%|HS|  |TAMS 0x000000060f000000| PB 0x000000060f000000| Complete 
|  47|0x000000060f400000, 0x000000060f800000, 0x000000060f800000|100%|HS|  |TAMS 0x000000060f400000| PB 0x000000060f400000| Untracked 
|  48|0x000000060f800000, 0x000000060fc00000, 0x000000060fc00000|100%|HC|  |TAMS 0x000000060f800000| PB 0x000000060f800000| Untracked 
|  49|0x000000060fc00000, 0x0000000610000000, 0x0000000610000000|100%|HS|  |TAMS 0x000000060fc00000| PB 0x000000060fc00000| Complete 
|  50|0x0000000610000000, 0x0000000610400000, 0x0000000610400000|100%|HS|  |TAMS 0x0000000610000000| PB 0x0000000610000000| Complete 
|  51|0x0000000610400000, 0x0000000610800000, 0x0000000610800000|100%|HC|  |TAMS 0x0000000610400000| PB 0x0000000610400000| Complete 
|  52|0x0000000610800000, 0x0000000610c00000, 0x0000000610c00000|100%|HS|  |TAMS 0x0000000610800000| PB 0x0000000610800000| Complete 
|  53|0x0000000610c00000, 0x0000000611000000, 0x0000000611000000|100%| O|  |TAMS 0x0000000610c00000| PB 0x0000000610c00000| Untracked 
|  54|0x0000000611000000, 0x0000000611000000, 0x0000000611400000|  0%| F|  |TAMS 0x0000000611000000| PB 0x0000000611000000| Untracked 
|  55|0x0000000611400000, 0x0000000611507780, 0x0000000611800000| 25%| O|  |TAMS 0x0000000611400000| PB 0x0000000611400000| Untracked 
|  56|0x0000000611800000, 0x0000000611800000, 0x0000000611c00000|  0%| F|  |TAMS 0x0000000611800000| PB 0x0000000611800000| Untracked 
|  57|0x0000000611c00000, 0x0000000611c00000, 0x0000000612000000|  0%| F|  |TAMS 0x0000000611c00000| PB 0x0000000611c00000| Untracked 
|  58|0x0000000612000000, 0x0000000612373530, 0x0000000612400000| 86%| O|  |TAMS 0x0000000612000000| PB 0x0000000612000000| Untracked 
|  59|0x0000000612400000, 0x0000000612400000, 0x0000000612800000|  0%| F|  |TAMS 0x0000000612400000| PB 0x0000000612400000| Untracked 
|  60|0x0000000612800000, 0x0000000612a468a8, 0x0000000612c00000| 56%| O|  |TAMS 0x0000000612800000| PB 0x0000000612800000| Untracked 
|  61|0x0000000612c00000, 0x0000000612c00000, 0x0000000613000000|  0%| F|  |TAMS 0x0000000612c00000| PB 0x0000000612c00000| Untracked 
|  62|0x0000000613000000, 0x0000000613000000, 0x0000000613400000|  0%| F|  |TAMS 0x0000000613000000| PB 0x0000000613000000| Untracked 
|  63|0x0000000613400000, 0x0000000613400000, 0x0000000613800000|  0%| F|  |TAMS 0x0000000613400000| PB 0x0000000613400000| Untracked 
|  64|0x0000000613800000, 0x0000000613800000, 0x0000000613c00000|  0%| F|  |TAMS 0x0000000613800000| PB 0x0000000613800000| Untracked 
|  65|0x0000000613c00000, 0x0000000613c00000, 0x0000000614000000|  0%| F|  |TAMS 0x0000000613c00000| PB 0x0000000613c00000| Untracked 
|  66|0x0000000614000000, 0x0000000614000000, 0x0000000614400000|  0%| F|  |TAMS 0x0000000614000000| PB 0x0000000614000000| Untracked 
|  67|0x0000000614400000, 0x0000000614800000, 0x0000000614800000|100%| O|  |TAMS 0x0000000614400000| PB 0x0000000614400000| Untracked 
|  68|0x0000000614800000, 0x0000000614c00000, 0x0000000614c00000|100%| O|  |TAMS 0x0000000614800000| PB 0x0000000614800000| Untracked 
|  69|0x0000000614c00000, 0x0000000615000000, 0x0000000615000000|100%| O|  |TAMS 0x0000000614c00000| PB 0x0000000614c00000| Untracked 
|  70|0x0000000615000000, 0x0000000615400000, 0x0000000615400000|100%| O|  |TAMS 0x0000000615000000| PB 0x0000000615000000| Untracked 
|  71|0x0000000615400000, 0x0000000615800000, 0x0000000615800000|100%|HS|  |TAMS 0x0000000615400000| PB 0x0000000615400000| Complete 
|  72|0x0000000615800000, 0x0000000615c00000, 0x0000000615c00000|100%|HC|  |TAMS 0x0000000615800000| PB 0x0000000615800000| Complete 
|  73|0x0000000615c00000, 0x0000000616000000, 0x0000000616000000|100%| O|  |TAMS 0x0000000615c00000| PB 0x0000000615c00000| Untracked 
|  74|0x0000000616000000, 0x0000000616400000, 0x0000000616400000|100%| O|  |TAMS 0x0000000616000000| PB 0x0000000616000000| Untracked 
|  75|0x0000000616400000, 0x0000000616800000, 0x0000000616800000|100%| O|  |TAMS 0x0000000616400000| PB 0x0000000616400000| Untracked 
|  76|0x0000000616800000, 0x0000000616c00000, 0x0000000616c00000|100%| O|  |TAMS 0x0000000616800000| PB 0x0000000616800000| Untracked 
|  77|0x0000000616c00000, 0x0000000616dcff00, 0x0000000617000000| 45%| O|  |TAMS 0x0000000616c00000| PB 0x0000000616c00000| Untracked 
|  78|0x0000000617000000, 0x0000000617400000, 0x0000000617400000|100%| O|  |TAMS 0x0000000617000000| PB 0x0000000617000000| Untracked 
|  79|0x0000000617400000, 0x0000000617800000, 0x0000000617800000|100%| O|  |TAMS 0x0000000617400000| PB 0x0000000617400000| Untracked 
|  80|0x0000000617800000, 0x0000000617c00000, 0x0000000617c00000|100%| O|  |TAMS 0x0000000617800000| PB 0x0000000617800000| Untracked 
|  81|0x0000000617c00000, 0x0000000618000000, 0x0000000618000000|100%| S|CS|TAMS 0x0000000617c00000| PB 0x0000000617c00000| Complete 
|  82|0x0000000618000000, 0x0000000618400000, 0x0000000618400000|100%| S|CS|TAMS 0x0000000618000000| PB 0x0000000618000000| Complete 
|  83|0x0000000618400000, 0x0000000618800000, 0x0000000618800000|100%| S|CS|TAMS 0x0000000618400000| PB 0x0000000618400000| Complete 
|  84|0x0000000618800000, 0x0000000618c00000, 0x0000000618c00000|100%| S|CS|TAMS 0x0000000618800000| PB 0x0000000618800000| Complete 
|  85|0x0000000618c00000, 0x0000000619000000, 0x0000000619000000|100%| S|CS|TAMS 0x0000000618c00000| PB 0x0000000618c00000| Complete 
|  86|0x0000000619000000, 0x0000000619400000, 0x0000000619400000|100%| S|CS|TAMS 0x0000000619000000| PB 0x0000000619000000| Complete 
|  87|0x0000000619400000, 0x0000000619800000, 0x0000000619800000|100%| S|CS|TAMS 0x0000000619400000| PB 0x0000000619400000| Complete 
|  88|0x0000000619800000, 0x0000000619800000, 0x0000000619c00000|  0%| F|  |TAMS 0x0000000619800000| PB 0x0000000619800000| Untracked 
|  89|0x0000000619c00000, 0x0000000619c00000, 0x000000061a000000|  0%| F|  |TAMS 0x0000000619c00000| PB 0x0000000619c00000| Untracked 
|  90|0x000000061a000000, 0x000000061a000000, 0x000000061a400000|  0%| F|  |TAMS 0x000000061a000000| PB 0x000000061a000000| Untracked 
|  91|0x000000061a400000, 0x000000061a400000, 0x000000061a800000|  0%| F|  |TAMS 0x000000061a400000| PB 0x000000061a400000| Untracked 
|  92|0x000000061a800000, 0x000000061a800000, 0x000000061ac00000|  0%| F|  |TAMS 0x000000061a800000| PB 0x000000061a800000| Untracked 
|  93|0x000000061ac00000, 0x000000061ac00000, 0x000000061b000000|  0%| F|  |TAMS 0x000000061ac00000| PB 0x000000061ac00000| Untracked 
|  94|0x000000061b000000, 0x000000061b000000, 0x000000061b400000|  0%| F|  |TAMS 0x000000061b000000| PB 0x000000061b000000| Untracked 
|  95|0x000000061b400000, 0x000000061b400000, 0x000000061b800000|  0%| F|  |TAMS 0x000000061b400000| PB 0x000000061b400000| Untracked 
|  96|0x000000061b800000, 0x000000061b800000, 0x000000061bc00000|  0%| F|  |TAMS 0x000000061b800000| PB 0x000000061b800000| Untracked 
|  97|0x000000061bc00000, 0x000000061bc00000, 0x000000061c000000|  0%| F|  |TAMS 0x000000061bc00000| PB 0x000000061bc00000| Untracked 
|  98|0x000000061c000000, 0x000000061c000000, 0x000000061c400000|  0%| F|  |TAMS 0x000000061c000000| PB 0x000000061c000000| Untracked 
|  99|0x000000061c400000, 0x000000061c400000, 0x000000061c800000|  0%| F|  |TAMS 0x000000061c400000| PB 0x000000061c400000| Untracked 
| 100|0x000000061c800000, 0x000000061c800000, 0x000000061cc00000|  0%| F|  |TAMS 0x000000061c800000| PB 0x000000061c800000| Untracked 
| 101|0x000000061cc00000, 0x000000061cc00000, 0x000000061d000000|  0%| F|  |TAMS 0x000000061cc00000| PB 0x000000061cc00000| Untracked 
| 102|0x000000061d000000, 0x000000061d000000, 0x000000061d400000|  0%| F|  |TAMS 0x000000061d000000| PB 0x000000061d000000| Untracked 
| 103|0x000000061d400000, 0x000000061d400000, 0x000000061d800000|  0%| F|  |TAMS 0x000000061d400000| PB 0x000000061d400000| Untracked 
| 104|0x000000061d800000, 0x000000061d800000, 0x000000061dc00000|  0%| F|  |TAMS 0x000000061d800000| PB 0x000000061d800000| Untracked 
| 105|0x000000061dc00000, 0x000000061dc00000, 0x000000061e000000|  0%| F|  |TAMS 0x000000061dc00000| PB 0x000000061dc00000| Untracked 
| 106|0x000000061e000000, 0x000000061e000000, 0x000000061e400000|  0%| F|  |TAMS 0x000000061e000000| PB 0x000000061e000000| Untracked 
| 107|0x000000061e400000, 0x000000061e400000, 0x000000061e800000|  0%| F|  |TAMS 0x000000061e400000| PB 0x000000061e400000| Untracked 
| 108|0x000000061e800000, 0x000000061e800000, 0x000000061ec00000|  0%| F|  |TAMS 0x000000061e800000| PB 0x000000061e800000| Untracked 
| 109|0x000000061ec00000, 0x000000061ec00000, 0x000000061f000000|  0%| F|  |TAMS 0x000000061ec00000| PB 0x000000061ec00000| Untracked 
| 110|0x000000061f000000, 0x000000061f000000, 0x000000061f400000|  0%| F|  |TAMS 0x000000061f000000| PB 0x000000061f000000| Untracked 
| 111|0x000000061f400000, 0x000000061f400000, 0x000000061f800000|  0%| F|  |TAMS 0x000000061f400000| PB 0x000000061f400000| Untracked 
| 112|0x000000061f800000, 0x000000061f800000, 0x000000061fc00000|  0%| F|  |TAMS 0x000000061f800000| PB 0x000000061f800000| Untracked 
| 113|0x000000061fc00000, 0x000000061fc00000, 0x0000000620000000|  0%| F|  |TAMS 0x000000061fc00000| PB 0x000000061fc00000| Untracked 
| 114|0x0000000620000000, 0x0000000620000000, 0x0000000620400000|  0%| F|  |TAMS 0x0000000620000000| PB 0x0000000620000000| Untracked 
| 115|0x0000000620400000, 0x0000000620400000, 0x0000000620800000|  0%| F|  |TAMS 0x0000000620400000| PB 0x0000000620400000| Untracked 
| 116|0x0000000620800000, 0x0000000620800000, 0x0000000620c00000|  0%| F|  |TAMS 0x0000000620800000| PB 0x0000000620800000| Untracked 
| 117|0x0000000620c00000, 0x0000000620c00000, 0x0000000621000000|  0%| F|  |TAMS 0x0000000620c00000| PB 0x0000000620c00000| Untracked 
| 118|0x0000000621000000, 0x0000000621000000, 0x0000000621400000|  0%| F|  |TAMS 0x0000000621000000| PB 0x0000000621000000| Untracked 
| 119|0x0000000621400000, 0x0000000621400000, 0x0000000621800000|  0%| F|  |TAMS 0x0000000621400000| PB 0x0000000621400000| Untracked 
| 120|0x0000000621800000, 0x0000000621800000, 0x0000000621c00000|  0%| F|  |TAMS 0x0000000621800000| PB 0x0000000621800000| Untracked 
| 121|0x0000000621c00000, 0x0000000621c00000, 0x0000000622000000|  0%| F|  |TAMS 0x0000000621c00000| PB 0x0000000621c00000| Untracked 
| 122|0x0000000622000000, 0x0000000622000000, 0x0000000622400000|  0%| F|  |TAMS 0x0000000622000000| PB 0x0000000622000000| Untracked 
| 123|0x0000000622400000, 0x0000000622400000, 0x0000000622800000|  0%| F|  |TAMS 0x0000000622400000| PB 0x0000000622400000| Untracked 
| 124|0x0000000622800000, 0x0000000622800000, 0x0000000622c00000|  0%| F|  |TAMS 0x0000000622800000| PB 0x0000000622800000| Untracked 
| 125|0x0000000622c00000, 0x0000000622c00000, 0x0000000623000000|  0%| F|  |TAMS 0x0000000622c00000| PB 0x0000000622c00000| Untracked 
| 126|0x0000000623000000, 0x0000000623000000, 0x0000000623400000|  0%| F|  |TAMS 0x0000000623000000| PB 0x0000000623000000| Untracked 
| 127|0x0000000623400000, 0x0000000623400000, 0x0000000623800000|  0%| F|  |TAMS 0x0000000623400000| PB 0x0000000623400000| Untracked 
| 128|0x0000000623800000, 0x0000000623800000, 0x0000000623c00000|  0%| F|  |TAMS 0x0000000623800000| PB 0x0000000623800000| Untracked 
| 129|0x0000000623c00000, 0x0000000623c00000, 0x0000000624000000|  0%| F|  |TAMS 0x0000000623c00000| PB 0x0000000623c00000| Untracked 
| 130|0x0000000624000000, 0x0000000624000000, 0x0000000624400000|  0%| F|  |TAMS 0x0000000624000000| PB 0x0000000624000000| Untracked 
| 131|0x0000000624400000, 0x0000000624400000, 0x0000000624800000|  0%| F|  |TAMS 0x0000000624400000| PB 0x0000000624400000| Untracked 
| 132|0x0000000624800000, 0x0000000624800000, 0x0000000624c00000|  0%| F|  |TAMS 0x0000000624800000| PB 0x0000000624800000| Untracked 
| 133|0x0000000624c00000, 0x0000000624c00000, 0x0000000625000000|  0%| F|  |TAMS 0x0000000624c00000| PB 0x0000000624c00000| Untracked 
| 134|0x0000000625000000, 0x0000000625000000, 0x0000000625400000|  0%| F|  |TAMS 0x0000000625000000| PB 0x0000000625000000| Untracked 
| 135|0x0000000625400000, 0x0000000625400000, 0x0000000625800000|  0%| F|  |TAMS 0x0000000625400000| PB 0x0000000625400000| Untracked 
| 136|0x0000000625800000, 0x0000000625800000, 0x0000000625c00000|  0%| F|  |TAMS 0x0000000625800000| PB 0x0000000625800000| Untracked 
| 137|0x0000000625c00000, 0x0000000625c00000, 0x0000000626000000|  0%| F|  |TAMS 0x0000000625c00000| PB 0x0000000625c00000| Untracked 
| 138|0x0000000626000000, 0x0000000626000000, 0x0000000626400000|  0%| F|  |TAMS 0x0000000626000000| PB 0x0000000626000000| Untracked 
| 139|0x0000000626400000, 0x0000000626400000, 0x0000000626800000|  0%| F|  |TAMS 0x0000000626400000| PB 0x0000000626400000| Untracked 
| 140|0x0000000626800000, 0x0000000626800000, 0x0000000626c00000|  0%| F|  |TAMS 0x0000000626800000| PB 0x0000000626800000| Untracked 
| 141|0x0000000626c00000, 0x0000000626c00000, 0x0000000627000000|  0%| F|  |TAMS 0x0000000626c00000| PB 0x0000000626c00000| Untracked 
| 142|0x0000000627000000, 0x0000000627000000, 0x0000000627400000|  0%| F|  |TAMS 0x0000000627000000| PB 0x0000000627000000| Untracked 
| 143|0x0000000627400000, 0x0000000627400000, 0x0000000627800000|  0%| F|  |TAMS 0x0000000627400000| PB 0x0000000627400000| Untracked 
| 144|0x0000000627800000, 0x0000000627800000, 0x0000000627c00000|  0%| F|  |TAMS 0x0000000627800000| PB 0x0000000627800000| Untracked 
| 145|0x0000000627c00000, 0x0000000627c00000, 0x0000000628000000|  0%| F|  |TAMS 0x0000000627c00000| PB 0x0000000627c00000| Untracked 
| 146|0x0000000628000000, 0x0000000628000000, 0x0000000628400000|  0%| F|  |TAMS 0x0000000628000000| PB 0x0000000628000000| Untracked 
| 147|0x0000000628400000, 0x0000000628400000, 0x0000000628800000|  0%| F|  |TAMS 0x0000000628400000| PB 0x0000000628400000| Untracked 
| 148|0x0000000628800000, 0x0000000628800000, 0x0000000628c00000|  0%| F|  |TAMS 0x0000000628800000| PB 0x0000000628800000| Untracked 
| 149|0x0000000628c00000, 0x0000000628c00000, 0x0000000629000000|  0%| F|  |TAMS 0x0000000628c00000| PB 0x0000000628c00000| Untracked 
| 150|0x0000000629000000, 0x0000000629000000, 0x0000000629400000|  0%| F|  |TAMS 0x0000000629000000| PB 0x0000000629000000| Untracked 
| 151|0x0000000629400000, 0x0000000629400000, 0x0000000629800000|  0%| F|  |TAMS 0x0000000629400000| PB 0x0000000629400000| Untracked 
| 152|0x0000000629800000, 0x0000000629800000, 0x0000000629c00000|  0%| F|  |TAMS 0x0000000629800000| PB 0x0000000629800000| Untracked 
| 153|0x0000000629c00000, 0x0000000629c00000, 0x000000062a000000|  0%| F|  |TAMS 0x0000000629c00000| PB 0x0000000629c00000| Untracked 
| 154|0x000000062a000000, 0x000000062a2f3f10, 0x000000062a400000| 73%| E|  |TAMS 0x000000062a000000| PB 0x000000062a000000| Complete 
| 155|0x000000062a400000, 0x000000062a800000, 0x000000062a800000|100%| E|CS|TAMS 0x000000062a400000| PB 0x000000062a400000| Complete 
| 156|0x000000062a800000, 0x000000062ac00000, 0x000000062ac00000|100%| E|CS|TAMS 0x000000062a800000| PB 0x000000062a800000| Complete 
| 157|0x000000062ac00000, 0x000000062b000000, 0x000000062b000000|100%| E|CS|TAMS 0x000000062ac00000| PB 0x000000062ac00000| Complete 
| 158|0x000000062b000000, 0x000000062b400000, 0x000000062b400000|100%| S|CS|TAMS 0x000000062b000000| PB 0x000000062b000000| Complete 
| 159|0x000000062b400000, 0x000000062b800000, 0x000000062b800000|100%| S|CS|TAMS 0x000000062b400000| PB 0x000000062b400000| Complete 
| 160|0x000000062b800000, 0x000000062bc00000, 0x000000062bc00000|100%| S|CS|TAMS 0x000000062b800000| PB 0x000000062b800000| Complete 
| 161|0x000000062bc00000, 0x000000062c000000, 0x000000062c000000|100%| S|CS|TAMS 0x000000062bc00000| PB 0x000000062bc00000| Complete 
| 162|0x000000062c000000, 0x000000062c400000, 0x000000062c400000|100%| S|CS|TAMS 0x000000062c000000| PB 0x000000062c000000| Complete 
| 163|0x000000062c400000, 0x000000062c800000, 0x000000062c800000|100%| S|CS|TAMS 0x000000062c400000| PB 0x000000062c400000| Complete 
|1998|0x00000007f7000000, 0x00000007f712e768, 0x00000007f7400000| 29%| O|  |TAMS 0x00000007f7000000| PB 0x00000007f7000000| Untracked 
|1999|0x00000007f7400000, 0x00000007f7800000, 0x00000007f7800000|100%| O|  |TAMS 0x00000007f7400000| PB 0x00000007f7400000| Untracked 
|2000|0x00000007f7800000, 0x00000007f7c00000, 0x00000007f7c00000|100%| O|  |TAMS 0x00000007f7800000| PB 0x00000007f7800000| Untracked 
|2001|0x00000007f7c00000, 0x00000007f8000000, 0x00000007f8000000|100%| O|  |TAMS 0x00000007f7c00000| PB 0x00000007f7c00000| Untracked 
|2002|0x00000007f8000000, 0x00000007f8400000, 0x00000007f8400000|100%| E|CS|TAMS 0x00000007f8000000| PB 0x00000007f8000000| Complete 
|2003|0x00000007f8400000, 0x00000007f8800000, 0x00000007f8800000|100%| E|CS|TAMS 0x00000007f8400000| PB 0x00000007f8400000| Complete 
|2004|0x00000007f8800000, 0x00000007f8c00000, 0x00000007f8c00000|100%| E|CS|TAMS 0x00000007f8800000| PB 0x00000007f8800000| Complete 
|2005|0x00000007f8c00000, 0x00000007f9000000, 0x00000007f9000000|100%| E|CS|TAMS 0x00000007f8c00000| PB 0x00000007f8c00000| Complete 
|2006|0x00000007f9000000, 0x00000007f9400000, 0x00000007f9400000|100%| E|CS|TAMS 0x00000007f9000000| PB 0x00000007f9000000| Complete 
|2007|0x00000007f9400000, 0x00000007f9800000, 0x00000007f9800000|100%| E|CS|TAMS 0x00000007f9400000| PB 0x00000007f9400000| Complete 
|2008|0x00000007f9800000, 0x00000007f9c00000, 0x00000007f9c00000|100%| E|CS|TAMS 0x00000007f9800000| PB 0x00000007f9800000| Complete 
|2009|0x00000007f9c00000, 0x00000007fa000000, 0x00000007fa000000|100%| E|CS|TAMS 0x00000007f9c00000| PB 0x00000007f9c00000| Complete 
|2010|0x00000007fa000000, 0x00000007fa400000, 0x00000007fa400000|100%| E|CS|TAMS 0x00000007fa000000| PB 0x00000007fa000000| Complete 
|2011|0x00000007fa400000, 0x00000007fa7ffb80, 0x00000007fa800000| 99%| E|  |TAMS 0x00000007fa400000| PB 0x00000007fa400000| Complete 
|2012|0x00000007fa800000, 0x00000007fac00000, 0x00000007fac00000|100%| E|CS|TAMS 0x00000007fa800000| PB 0x00000007fa800000| Complete 
|2013|0x00000007fac00000, 0x00000007fb000000, 0x00000007fb000000|100%| E|CS|TAMS 0x00000007fac00000| PB 0x00000007fac00000| Complete 
|2014|0x00000007fb000000, 0x00000007fb400000, 0x00000007fb400000|100%| E|CS|TAMS 0x00000007fb000000| PB 0x00000007fb000000| Complete 
|2015|0x00000007fb400000, 0x00000007fb800000, 0x00000007fb800000|100%| E|CS|TAMS 0x00000007fb400000| PB 0x00000007fb400000| Complete 
|2016|0x00000007fb800000, 0x00000007fbc00000, 0x00000007fbc00000|100%| E|CS|TAMS 0x00000007fb800000| PB 0x00000007fb800000| Complete 
|2017|0x00000007fbc00000, 0x00000007fc000000, 0x00000007fc000000|100%| E|CS|TAMS 0x00000007fbc00000| PB 0x00000007fbc00000| Complete 
|2018|0x00000007fc000000, 0x00000007fc400000, 0x00000007fc400000|100%| E|CS|TAMS 0x00000007fc000000| PB 0x00000007fc000000| Complete 
|2019|0x00000007fc400000, 0x00000007fc800000, 0x00000007fc800000|100%| E|CS|TAMS 0x00000007fc400000| PB 0x00000007fc400000| Complete 
|2020|0x00000007fc800000, 0x00000007fcc00000, 0x00000007fcc00000|100%| E|CS|TAMS 0x00000007fc800000| PB 0x00000007fc800000| Complete 
|2021|0x00000007fcc00000, 0x00000007fd000000, 0x00000007fd000000|100%| E|CS|TAMS 0x00000007fcc00000| PB 0x00000007fcc00000| Complete 
|2022|0x00000007fd000000, 0x00000007fd400000, 0x00000007fd400000|100%| O|  |TAMS 0x00000007fd000000| PB 0x00000007fd000000| Untracked 
|2023|0x00000007fd400000, 0x00000007fd800000, 0x00000007fd800000|100%| O|  |TAMS 0x00000007fd400000| PB 0x00000007fd400000| Untracked 
|2024|0x00000007fd800000, 0x00000007fdc00000, 0x00000007fdc00000|100%| O|  |TAMS 0x00000007fd800000| PB 0x00000007fd800000| Untracked 
|2025|0x00000007fdc00000, 0x00000007fe000000, 0x00000007fe000000|100%| O|  |TAMS 0x00000007fdc00000| PB 0x00000007fdc00000| Untracked 
|2026|0x00000007fe000000, 0x00000007fe400000, 0x00000007fe400000|100%| O|  |TAMS 0x00000007fe000000| PB 0x00000007fe000000| Untracked 
|2027|0x00000007fe400000, 0x00000007fe800000, 0x00000007fe800000|100%| O|  |TAMS 0x00000007fe400000| PB 0x00000007fe400000| Untracked 
|2028|0x00000007fe800000, 0x00000007fec00000, 0x00000007fec00000|100%| O|  |TAMS 0x00000007fe800000| PB 0x00000007fe800000| Untracked 
|2029|0x00000007fec00000, 0x00000007ff000000, 0x00000007ff000000|100%| O|  |TAMS 0x00000007fec00000| PB 0x00000007fec00000| Untracked 
|2030|0x00000007ff000000, 0x00000007ff400000, 0x00000007ff400000|100%| O|  |TAMS 0x00000007ff000000| PB 0x00000007ff000000| Untracked 
|2031|0x00000007ff400000, 0x00000007ff800000, 0x00000007ff800000|100%| O|  |TAMS 0x00000007ff400000| PB 0x00000007ff400000| Untracked 
|2032|0x00000007ff800000, 0x00000007ffc00000, 0x00000007ffc00000|100%| O|  |TAMS 0x00000007ff800000| PB 0x00000007ff800000| Untracked 
|2033|0x00000007ffc00000, 0x0000000800000000, 0x0000000800000000|100%| O|  |TAMS 0x00000007ffc00000| PB 0x00000007ffc00000| Untracked 

Card table byte_map: [0x000001a440b60000,0x000001a441b50000] _byte_map_base: 0x000001a43db44000

Marking Bits: (CMBitMap*) 0x000001a425c8ba20
 Bits: [0x000001a441b50000, 0x000001a449a70000)

Polling page: 0x000001a4255d0000

Metaspace:

Usage:
  Non-class:     80.53 MB used.
      Class:      8.68 MB used.
       Both:     89.21 MB used.

Virtual space:
  Non-class space:      128.00 MB reserved,      81.12 MB ( 63%) committed,  2 nodes.
      Class space:        1.00 GB reserved,       9.25 MB ( <1%) committed,  1 nodes.
             Both:        1.12 GB reserved,      90.38 MB (  8%) committed. 

Chunk freelists:
   Non-Class:  13.98 MB
       Class:  6.72 MB
        Both:  20.70 MB

MaxMetaspaceSize: unlimited
CompressedClassSpaceSize: 1.00 GB
Initial GC threshold: 21.00 MB
Current GC threshold: 150.56 MB
CDS: on
 - commit_granule_bytes: 65536.
 - commit_granule_words: 8192.
 - virtual_space_node_default_size: 8388608.
 - enlarge_chunks_in_place: 1.
 - use_allocation_guard: 0.


Internal statistics:

num_allocs_failed_limit: 15.
num_arena_births: 1846.
num_arena_deaths: 0.
num_vsnodes_births: 3.
num_vsnodes_deaths: 0.
num_space_committed: 1439.
num_space_uncommitted: 0.
num_chunks_returned_to_freelist: 15.
num_chunks_taken_from_freelist: 4778.
num_chunk_merges: 6.
num_chunk_splits: 3174.
num_chunks_enlarged: 2076.
num_inconsistent_stats: 0.

CodeHeap 'non-profiled nmethods': size=119168Kb used=17014Kb max_used=19198Kb free=102153Kb
 bounds [0x000001a437210000, 0x000001a4385d0000, 0x000001a43e670000]
CodeHeap 'profiled nmethods': size=119104Kb used=15776Kb max_used=42415Kb free=103328Kb
 bounds [0x000001a42f670000, 0x000001a431fe0000, 0x000001a436ac0000]
CodeHeap 'non-nmethods': size=7488Kb used=4714Kb max_used=4806Kb free=2773Kb
 bounds [0x000001a436ac0000, 0x000001a436f80000, 0x000001a437210000]
 total_blobs=10180 nmethods=8384 adapters=1695
 compilation: enabled
              stopped_count=0, restarted_count=0
 full_count=0

Compilation events (20 events):
Event: 2067.027 Thread 0x000001a44d19b7d0 nmethod 30449 0x000001a42f829d90 code [0x000001a42f829f60, 0x000001a42f82a0e0]
Event: 2067.115 Thread 0x000001a44d126ac0 30450       4       net.runelite.client.plugins.Plugin::equals (6 bytes)
Event: 2067.115 Thread 0x000001a44d19b7d0 30451       3       com.google.common.collect.ImmutableMultimap$1::output (6 bytes)
Event: 2067.115 Thread 0x000001a44d19b7d0 nmethod 30451 0x000001a42f829690 code [0x000001a42f829860, 0x000001a42f829c10]
Event: 2067.115 Thread 0x000001a44d126ac0 nmethod 30450 0x000001a437875c10 code [0x000001a437875da0, 0x000001a437875e30]
Event: 2067.115 Thread 0x000001a44d126ac0 30471       4       com.google.common.collect.Iterators$5::computeNext (45 bytes)
Event: 2067.115 Thread 0x000001a44d19b7d0 30458       3       com.google.common.collect.AbstractIterator::hasNext (65 bytes)
Event: 2067.116 Thread 0x000001a44d19b7d0 nmethod 30458 0x000001a42f828f10 code [0x000001a42f829100, 0x000001a42f829508]
Event: 2067.116 Thread 0x000001a44d19b7d0 30474       2       com.google.common.collect.Multimaps$CustomListMultimap::createCollection (13 bytes)
Event: 2067.116 Thread 0x000001a5620a8380 30478       4       com.google.common.collect.ObjectArrays::checkElementsNotNull (23 bytes)
Event: 2067.116 Thread 0x000001a44d19b7d0 nmethod 30474 0x000001a42f828b10 code [0x000001a42f828cc0, 0x000001a42f828e50]
Event: 2067.116 Thread 0x000001a44d19b7d0 30480       2       com.google.common.collect.ImmutableList::construct (8 bytes)
Event: 2067.116 Thread 0x000001a5620a0fb0 30455       4       com.google.common.base.Preconditions::checkState (13 bytes)
Event: 2067.116 Thread 0x000001a5620a4d00 30483       2       com.google.common.collect.AbstractMapBasedMultimap$AsMap$AsMapIterator::next (5 bytes)
Event: 2067.116 Thread 0x000001a5620a8a50 30481       2       com.google.common.collect.ImmutableList::asImmutableList (60 bytes)
Event: 2067.116 Thread 0x000001a5620a53d0 30454       4       com.google.common.collect.AbstractListMultimap::put (7 bytes)
Event: 2067.116 Thread 0x000001a44d19b7d0 nmethod 30480 0x000001a42f828610 code [0x000001a42f8287c0, 0x000001a42f828980]
Event: 2067.116 Thread 0x000001a5620a4d00 nmethod 30483 0x000001a42f782010 code [0x000001a42f7821e0, 0x000001a42f7824a0]
Event: 2067.116 Thread 0x000001a44d19b7d0 30485       2       com.google.common.collect.AbstractMapBasedMultimap$AsMap::wrapEntry (29 bytes)
Event: 2067.116 Thread 0x000001a5620a9120 30476       4       com.google.common.collect.ObjectArrays::checkElementNotNull (33 bytes)

GC Heap History (20 events):
Event: 1676.734 GC heap before
{Heap before GC invocations=112 (full 0):
 garbage-first heap   total 761856K, used 703271K [0x0000000603800000, 0x0000000800000000)
  region size 4096K, 104 young (425984K), 3 survivors (12288K)
 Metaspace       used 91161K, committed 92352K, reserved 1179648K
  class space    used 8878K, committed 9472K, reserved 1048576K
}
Event: 1676.736 GC heap after
{Heap after GC invocations=113 (full 0):
 garbage-first heap   total 761856K, used 285954K [0x0000000603800000, 0x0000000800000000)
  region size 4096K, 3 young (12288K), 3 survivors (12288K)
 Metaspace       used 91161K, committed 92352K, reserved 1179648K
  class space    used 8878K, committed 9472K, reserved 1048576K
}
Event: 1700.691 GC heap before
{Heap before GC invocations=113 (full 0):
 garbage-first heap   total 761856K, used 703746K [0x0000000603800000, 0x0000000800000000)
  region size 4096K, 105 young (430080K), 3 survivors (12288K)
 Metaspace       used 91167K, committed 92352K, reserved 1179648K
  class space    used 8881K, committed 9472K, reserved 1048576K
}
Event: 1700.692 GC heap after
{Heap after GC invocations=114 (full 0):
 garbage-first heap   total 761856K, used 286388K [0x0000000603800000, 0x0000000800000000)
  region size 4096K, 3 young (12288K), 3 survivors (12288K)
 Metaspace       used 91167K, committed 92352K, reserved 1179648K
  class space    used 8881K, committed 9472K, reserved 1048576K
}
Event: 1724.292 GC heap before
{Heap before GC invocations=115 (full 0):
 garbage-first heap   total 761856K, used 704180K [0x0000000603800000, 0x0000000800000000)
  region size 4096K, 105 young (430080K), 3 survivors (12288K)
 Metaspace       used 91172K, committed 92352K, reserved 1179648K
  class space    used 8881K, committed 9472K, reserved 1048576K
}
Event: 1724.294 GC heap after
{Heap after GC invocations=116 (full 0):
 garbage-first heap   total 761856K, used 286600K [0x0000000603800000, 0x0000000800000000)
  region size 4096K, 3 young (12288K), 3 survivors (12288K)
 Metaspace       used 91172K, committed 92352K, reserved 1179648K
  class space    used 8881K, committed 9472K, reserved 1048576K
}
Event: 1748.174 GC heap before
{Heap before GC invocations=116 (full 0):
 garbage-first heap   total 761856K, used 704392K [0x0000000603800000, 0x0000000800000000)
  region size 4096K, 105 young (430080K), 3 survivors (12288K)
 Metaspace       used 91172K, committed 92352K, reserved 1179648K
  class space    used 8881K, committed 9472K, reserved 1048576K
}
Event: 1748.176 GC heap after
{Heap after GC invocations=117 (full 0):
 garbage-first heap   total 761856K, used 284928K [0x0000000603800000, 0x0000000800000000)
  region size 4096K, 2 young (8192K), 2 survivors (8192K)
 Metaspace       used 91172K, committed 92352K, reserved 1179648K
  class space    used 8881K, committed 9472K, reserved 1048576K
}
Event: 1771.704 GC heap before
{Heap before GC invocations=117 (full 0):
 garbage-first heap   total 761856K, used 706816K [0x0000000603800000, 0x0000000800000000)
  region size 4096K, 105 young (430080K), 2 survivors (8192K)
 Metaspace       used 91172K, committed 92352K, reserved 1179648K
  class space    used 8881K, committed 9472K, reserved 1048576K
}
Event: 1771.706 GC heap after
{Heap after GC invocations=118 (full 0):
 garbage-first heap   total 761856K, used 285554K [0x0000000603800000, 0x0000000800000000)
  region size 4096K, 2 young (8192K), 2 survivors (8192K)
 Metaspace       used 91172K, committed 92352K, reserved 1179648K
  class space    used 8881K, committed 9472K, reserved 1048576K
}
Event: 1808.304 GC heap before
{Heap before GC invocations=119 (full 0):
 garbage-first heap   total 761856K, used 707442K [0x0000000603800000, 0x0000000800000000)
  region size 4096K, 105 young (430080K), 2 survivors (8192K)
 Metaspace       used 91191K, committed 92352K, reserved 1179648K
  class space    used 8881K, committed 9472K, reserved 1048576K
}
Event: 1808.307 GC heap after
{Heap after GC invocations=120 (full 0):
 garbage-first heap   total 761856K, used 287734K [0x0000000603800000, 0x0000000800000000)
  region size 4096K, 2 young (8192K), 2 survivors (8192K)
 Metaspace       used 91191K, committed 92352K, reserved 1179648K
  class space    used 8881K, committed 9472K, reserved 1048576K
}
Event: 1847.748 GC heap before
{Heap before GC invocations=120 (full 0):
 garbage-first heap   total 761856K, used 603126K [0x0000000603800000, 0x0000000800000000)
  region size 4096K, 80 young (327680K), 2 survivors (8192K)
 Metaspace       used 91203K, committed 92352K, reserved 1179648K
  class space    used 8882K, committed 9472K, reserved 1048576K
}
Event: 1847.778 GC heap after
{Heap after GC invocations=121 (full 1):
 garbage-first heap   total 712704K, used 178998K [0x0000000603800000, 0x0000000800000000)
  region size 4096K, 0 young (0K), 0 survivors (0K)
 Metaspace       used 91203K, committed 92352K, reserved 1179648K
  class space    used 8882K, committed 9472K, reserved 1048576K
}
Event: 1992.986 GC heap before
{Heap before GC invocations=121 (full 1):
 garbage-first heap   total 712704K, used 277302K [0x0000000603800000, 0x0000000800000000)
  region size 4096K, 25 young (102400K), 0 survivors (0K)
 Metaspace       used 91280K, committed 92480K, reserved 1179648K
  class space    used 8888K, committed 9472K, reserved 1048576K
}
Event: 1992.988 GC heap after
{Heap after GC invocations=122 (full 1):
 garbage-first heap   total 712704K, used 184521K [0x0000000603800000, 0x0000000800000000)
  region size 4096K, 2 young (8192K), 2 survivors (8192K)
 Metaspace       used 91280K, committed 92480K, reserved 1179648K
  class space    used 8888K, committed 9472K, reserved 1048576K
}
Event: 1996.897 GC heap before
{Heap before GC invocations=123 (full 1):
 garbage-first heap   total 712704K, used 635081K [0x0000000603800000, 0x0000000800000000)
  region size 4096K, 104 young (425984K), 2 survivors (8192K)
 Metaspace       used 91341K, committed 92544K, reserved 1179648K
  class space    used 8888K, committed 9472K, reserved 1048576K
}
Event: 1996.907 GC heap after
{Heap after GC invocations=124 (full 1):
 garbage-first heap   total 778240K, used 294654K [0x0000000603800000, 0x0000000800000000)
  region size 4096K, 13 young (53248K), 13 survivors (53248K)
 Metaspace       used 91341K, committed 92544K, reserved 1179648K
  class space    used 8888K, committed 9472K, reserved 1048576K
}
Event: 2053.176 GC heap before
{Heap before GC invocations=124 (full 1):
 garbage-first heap   total 778240K, used 659198K [0x0000000603800000, 0x0000000800000000)
  region size 4096K, 99 young (405504K), 13 survivors (53248K)
 Metaspace       used 91349K, committed 92544K, reserved 1179648K
  class space    used 8888K, committed 9472K, reserved 1048576K
}
Event: 2053.183 GC heap after
{Heap after GC invocations=125 (full 1):
 garbage-first heap   total 819200K, used 376373K [0x0000000603800000, 0x0000000800000000)
  region size 4096K, 13 young (53248K), 13 survivors (53248K)
 Metaspace       used 91349K, committed 92544K, reserved 1179648K
  class space    used 8888K, committed 9472K, reserved 1048576K
}

Dll operation events (20 events):
Event: 0.101 Loaded shared library C:\Program Files\Java\jdk-21.0.10\bin\verify.dll
Event: 0.106 Loaded shared library C:\Program Files\Java\jdk-21.0.10\bin\jimage.dll
Event: 0.524 Loaded shared library C:\Program Files\Java\jdk-21.0.10\bin\sunmscapi.dll
Event: 0.918 Loaded shared library C:\Program Files\Java\jdk-21.0.10\bin\awt.dll
Event: 1.384 Loaded shared library C:\Program Files\Java\jdk-21.0.10\bin\freetype.dll
Event: 1.386 Loaded shared library C:\Program Files\Java\jdk-21.0.10\bin\fontmanager.dll
Event: 1.482 Loaded shared library C:\Program Files\Java\jdk-21.0.10\bin\management.dll
Event: 1.485 Loaded shared library C:\Program Files\Java\jdk-21.0.10\bin\management_ext.dll
Event: 1.536 Loaded shared library C:\Program Files\Java\jdk-21.0.10\bin\extnet.dll
Event: 4.778 Loaded shared library C:\Users\tyler\AppData\Local\Temp\jna-110840180\jna10940460492007897340.dll
Event: 6.464 Loaded shared library C:\Program Files\Java\jdk-21.0.10\bin\jsound.dll
Event: 6.541 Loaded shared library C:\Program Files\Java\jdk-21.0.10\bin\rl_gpushared_shim.dll
Event: 6.749 Loaded shared library C:\Program Files\Java\jdk-21.0.10\bin\mlib_image.dll
Event: 7.669 Loaded shared library C:\Program Files\Java\jdk-21.0.10\bin\javajpeg.dll
Event: 9.391 Loaded shared library C:\Users\tyler\AppData\Local\Temp\flatlaf.temp\flatlaf-windows-x86_64-795110133536000.dll
Event: 9.993 Loaded shared library C:\Program Files\Java\jdk-21.0.10\bin\jawt.dll
Event: 9.999 Loaded shared library C:\Users\tyler\AppData\Local\Temp\15218234475863390409rlawt.dll
Event: 12.295 Loaded shared library C:\Users\tyler\AppData\Local\Temp\18149222898878048556rlicn_amd64.dll
Event: 12.712 Loaded shared library C:\Users\tyler\AppData\Local\Temp\lwjgl-rl\3.3.2+13\x64\lwjgl.dll
Event: 12.723 Loaded shared library C:\Users\tyler\AppData\Local\Temp\lwjgl-rl\3.3.2+13\x64\lwjgl_opengl.dll

Deoptimization events (20 events):
Event: 2029.776 Thread 0x000001a493f5d6d0 DEOPT PACKING pc=0x000001a437289a24 sp=0x000000389651ecd0
Event: 2029.776 Thread 0x000001a493f5d6d0 DEOPT UNPACKING pc=0x000001a436b146a2 sp=0x000000389651ec70 mode 2
Event: 2029.777 Thread 0x000001a493f5d6d0 Uncommon trap: trap_request=0xffffff45 fr.pc=0x000001a43808371c relative=0x0000000000000a1c
Event: 2029.777 Thread 0x000001a493f5d6d0 Uncommon trap: reason=unstable_if action=reinterpret pc=0x000001a43808371c method=rl6.getWidget()Lnet/runelite/api/widgets/Widget; @ 72 c2
Event: 2029.777 Thread 0x000001a493f5d6d0 DEOPT PACKING pc=0x000001a43808371c sp=0x000000389651eb00
Event: 2029.777 Thread 0x000001a493f5d6d0 DEOPT UNPACKING pc=0x000001a436b146a2 sp=0x000000389651e9d0 mode 2
Event: 2029.778 Thread 0x000001a493f5d6d0 Uncommon trap: trap_request=0xffffff45 fr.pc=0x000001a4382245b8 relative=0x0000000000003d98
Event: 2029.778 Thread 0x000001a493f5d6d0 Uncommon trap: reason=unstable_if action=reinterpret pc=0x000001a4382245b8 method=rl6.getWidget()Lnet/runelite/api/widgets/Widget; @ 72 c2
Event: 2029.778 Thread 0x000001a493f5d6d0 DEOPT PACKING pc=0x000001a4382245b8 sp=0x000000389651e9d0
Event: 2029.778 Thread 0x000001a493f5d6d0 DEOPT UNPACKING pc=0x000001a436b146a2 sp=0x000000389651e7a0 mode 2
Event: 2030.882 Thread 0x000001a493574990 Uncommon trap: trap_request=0xffffff45 fr.pc=0x000001a4374e0238 relative=0x0000000000000218
Event: 2030.882 Thread 0x000001a493574990 Uncommon trap: reason=unstable_if action=reinterpret pc=0x000001a4374e0238 method=net.runelite.client.ui.overlay.OverlayRenderer.mouseMoved(Ljava/awt/event/MouseEvent;)Ljava/awt/event/MouseEvent; @ 17 c2
Event: 2030.882 Thread 0x000001a493574990 DEOPT PACKING pc=0x000001a4374e0238 sp=0x0000003894bfebe0
Event: 2030.882 Thread 0x000001a493574990 DEOPT UNPACKING pc=0x000001a436b146a2 sp=0x0000003894bfeb98 mode 2
Event: 2046.418 Thread 0x000001a493f5d6d0 Uncommon trap: trap_request=0xffffff3d fr.pc=0x000001a4381f10c8 relative=0x0000000000002888
Event: 2046.418 Thread 0x000001a493f5d6d0 Uncommon trap: reason=unstable_fused_if action=reinterpret pc=0x000001a4381f10c8 method=net.runelite.client.plugins.gpushared.GpuPluginShared.prepareInterfaceTexture(II)V @ 237 c2
Event: 2046.418 Thread 0x000001a493f5d6d0 DEOPT PACKING pc=0x000001a4381f10c8 sp=0x000000389651eec0
Event: 2046.418 Thread 0x000001a493f5d6d0 DEOPT UNPACKING pc=0x000001a436b146a2 sp=0x000000389651ee20 mode 2
Event: 2063.293 Thread 0x000001a493f5d040 DEOPT PACKING pc=0x000001a4306ac400 sp=0x000000389561f5f0
Event: 2063.294 Thread 0x000001a493f5d040 DEOPT UNPACKING pc=0x000001a436b14e42 sp=0x000000389561eb68 mode 0

Classes loaded (20 events):
Event: 732.094 Loading class sun/awt/windows/WInputMethod$1
Event: 732.094 Loading class sun/awt/windows/WInputMethod$1 done
Event: 732.107 Loading class java/awt/font/TextHitInfo
Event: 732.107 Loading class java/awt/font/TextHitInfo done
Event: 776.636 Loading class java/security/CodeSigner
Event: 776.636 Loading class java/security/CodeSigner done
Event: 807.057 Loading class java/awt/geom/Arc2D$Float
Event: 807.057 Loading class java/awt/geom/Arc2D$Float done
Event: 807.058 Loading class java/awt/geom/Ellipse2D$Float
Event: 807.059 Loading class java/awt/geom/Ellipse2D$Float done
Event: 807.059 Loading class java/awt/geom/EllipseIterator
Event: 807.059 Loading class java/awt/geom/EllipseIterator done
Event: 1294.916 Loading class javax/swing/text/html/BRView
Event: 1294.916 Loading class javax/swing/text/html/BRView done
Event: 1847.958 Loading class java/util/concurrent/CompletableFuture$UniAccept
Event: 1847.958 Loading class java/util/concurrent/CompletableFuture$UniCompletion
Event: 1847.958 Loading class java/util/concurrent/CompletableFuture$UniCompletion done
Event: 1847.958 Loading class java/util/concurrent/CompletableFuture$UniAccept done
Event: 1909.526 Loading class sun/net/util/SocketExceptions
Event: 1909.526 Loading class sun/net/util/SocketExceptions done

Classes unloaded (0 events):
No events

Classes redefined (0 events):
No events

Internal exceptions (20 events):
Event: 1847.960 Thread 0x000001a493f5d6d0 Implicit null exception at 0x000001a4380aaafa to 0x000001a4380ab508
Event: 1909.525 Thread 0x000001a49e892380 Exception <a 'java/net/ConnectException'{0x00000007f902e318}: Connection timed out: connect> (0x00000007f902e318) 
thrown [s\open\src\hotspot\share\prims\jni.cpp, line 539]
Event: 1992.910 Thread 0x000001a493f5d6d0 Exception <a 'java/lang/NoSuchMethodError'{0x0000000629fca338}: 'netscape.javascript.JSObject netscape.javascript.JSObject.getWindow(bv)'> (0x0000000629fca338) 
thrown [s\open\src\hotspot\share\interpreter\linkResolver.cpp, line 773]
Event: 1994.013 Thread 0x000001a493f5d6d0 Implicit null exception at 0x000001a437527516 to 0x000001a437527ed8
Event: 1994.034 Thread 0x000001a493f5d6d0 Implicit null exception at 0x000001a4383921e9 to 0x000001a438393030
Event: 1994.037 Thread 0x000001a493f5d6d0 Implicit null exception at 0x000001a42fd028ef to 0x000001a42fd05227
Event: 1994.037 Thread 0x000001a493f5d6d0 Exception <a 'java/lang/NullPointerException'{0x000000061d19ba08}> (0x000000061d19ba08) 
thrown [s\open\src\hotspot\share\runtime\sharedRuntime.cpp, line 625]
Event: 1994.039 Thread 0x000001a493f5d6d0 Implicit null exception at 0x000001a430afa1b4 to 0x000001a430afa269
Event: 1994.039 Thread 0x000001a493f5d6d0 Exception <a 'java/lang/NullPointerException'{0x000000061d1abda8}> (0x000000061d1abda8) 
thrown [s\open\src\hotspot\share\runtime\sharedRuntime.cpp, line 625]
Event: 1994.301 Thread 0x000001a493f5d6d0 Exception <a 'java/io/IOException'{0x000000061b665e08}: CreateProcess error=2, The system cannot find the file specified> (0x000000061b665e08) 
thrown [s\open\src\hotspot\share\prims\jni.cpp, line 539]
Event: 1998.315 Thread 0x000001a493f5d6d0 Implicit null exception at 0x000001a430afa1b4 to 0x000001a430afa269
Event: 1998.315 Thread 0x000001a493f5d6d0 Exception <a 'java/lang/NullPointerException'{0x00000007fc8c6cf8}> (0x00000007fc8c6cf8) 
thrown [s\open\src\hotspot\share\runtime\sharedRuntime.cpp, line 625]
Event: 2010.915 Thread 0x000001a493f5d6d0 Implicit null exception at 0x000001a430afa1b4 to 0x000001a430afa269
Event: 2010.915 Thread 0x000001a493f5d6d0 Exception <a 'java/lang/NullPointerException'{0x00000007fa3e79e0}> (0x00000007fa3e79e0) 
thrown [s\open\src\hotspot\share\runtime\sharedRuntime.cpp, line 625]
Event: 2032.514 Thread 0x000001a493f5d6d0 Implicit null exception at 0x000001a430afa1b4 to 0x000001a430afa269
Event: 2032.514 Thread 0x000001a493f5d6d0 Exception <a 'java/lang/NullPointerException'{0x0000000627758e50}> (0x0000000627758e50) 
thrown [s\open\src\hotspot\share\runtime\sharedRuntime.cpp, line 625]
Event: 2036.115 Thread 0x000001a493f5d6d0 Implicit null exception at 0x000001a430afa1b4 to 0x000001a430afa269
Event: 2036.115 Thread 0x000001a493f5d6d0 Exception <a 'java/lang/NullPointerException'{0x0000000626ad29c0}> (0x0000000626ad29c0) 
thrown [s\open\src\hotspot\share\runtime\sharedRuntime.cpp, line 625]
Event: 2046.914 Thread 0x000001a493f5d6d0 Implicit null exception at 0x000001a430afa1b4 to 0x000001a430afa269
Event: 2046.914 Thread 0x000001a493f5d6d0 Exception <a 'java/lang/NullPointerException'{0x000000062471cd30}> (0x000000062471cd30) 
thrown [s\open\src\hotspot\share\runtime\sharedRuntime.cpp, line 625]

ZGC Phase Switch (0 events):
No events

VM Operations (20 events):
Event: 2024.916 Executing VM operation: Cleanup
Event: 2024.916 Executing VM operation: Cleanup done
Event: 2030.918 Executing VM operation: Cleanup
Event: 2030.918 Executing VM operation: Cleanup done
Event: 2031.918 Executing VM operation: Cleanup
Event: 2031.918 Executing VM operation: Cleanup done
Event: 2042.324 Executing VM operation: HandshakeAllThreads (HandshakeForDeflation)
Event: 2042.324 Executing VM operation: HandshakeAllThreads (HandshakeForDeflation) done
Event: 2042.324 Executing VM operation: RendezvousGCThreads
Event: 2042.324 Executing VM operation: RendezvousGCThreads done
Event: 2045.325 Executing VM operation: Cleanup
Event: 2045.325 Executing VM operation: Cleanup done
Event: 2052.327 Executing VM operation: Cleanup
Event: 2052.327 Executing VM operation: Cleanup done
Event: 2053.176 Executing VM operation: G1CollectForAllocation (G1 Evacuation Pause)
Event: 2053.183 Executing VM operation: G1CollectForAllocation (G1 Evacuation Pause) done
Event: 2054.184 Executing VM operation: Cleanup
Event: 2054.184 Executing VM operation: Cleanup done
Event: 2064.187 Executing VM operation: Cleanup
Event: 2064.187 Executing VM operation: Cleanup done

Events (20 events):
Event: 1998.205 Thread 0x000001a5620a5aa0 Thread exited: 0x000001a5620a5aa0
Event: 2008.153 Thread 0x000001a49e88fc20 Thread exited: 0x000001a49e88fc20
Event: 2031.058 Thread 0x000001a56209cb90 Thread added: 0x000001a56209cb90
Event: 2031.403 Thread 0x000001a56209cb90 Thread exited: 0x000001a56209cb90
Event: 2038.761 Thread 0x000001a49e88ef00 Thread exited: 0x000001a49e88ef00
Event: 2048.977 Thread 0x000001a5620a2420 Thread added: 0x000001a5620a2420
Event: 2048.977 Thread 0x000001a5620a2af0 Thread added: 0x000001a5620a2af0
Event: 2049.096 Thread 0x000001a5620a2af0 Thread exited: 0x000001a5620a2af0
Event: 2050.759 Thread 0x000001a5620a2420 Thread exited: 0x000001a5620a2420
Event: 2052.951 Thread 0x000001a5620a0fb0 Thread added: 0x000001a5620a0fb0
Event: 2052.955 Thread 0x000001a5620a4d00 Thread added: 0x000001a5620a4d00
Event: 2053.415 Thread 0x000001a5620a0fb0 Thread exited: 0x000001a5620a0fb0
Event: 2059.517 Thread 0x000001a5620a4d00 Thread exited: 0x000001a5620a4d00
Event: 2067.115 Thread 0x000001a5620a0fb0 Thread added: 0x000001a5620a0fb0
Event: 2067.115 Thread 0x000001a5620a8380 Thread added: 0x000001a5620a8380
Event: 2067.115 Thread 0x000001a5620a4d00 Thread added: 0x000001a5620a4d00
Event: 2067.115 Thread 0x000001a5620a8a50 Thread added: 0x000001a5620a8a50
Event: 2067.116 Thread 0x000001a5620a53d0 Thread added: 0x000001a5620a53d0
Event: 2067.116 Thread 0x000001a5620a9120 Thread added: 0x000001a5620a9120
Event: 2067.116 Thread 0x000001a5620a5aa0 Thread added: 0x000001a5620a5aa0


Dynamic libraries:
0x00007ff6b6da0000 - 0x00007ff6b6db0000 	C:\Program Files\Java\jdk-21.0.10\bin\java.exe
0x00007fffca0e0000 - 0x00007fffca347000 	C:\WINDOWS\SYSTEM32\ntdll.dll
0x00007fffc8650000 - 0x00007fffc8719000 	C:\WINDOWS\System32\KERNEL32.DLL
0x00007fffc6d70000 - 0x00007fffc7161000 	C:\WINDOWS\System32\KERNELBASE.dll
0x00007fffc7220000 - 0x00007fffc736b000 	C:\WINDOWS\System32\ucrtbase.dll
0x00007fffa9a70000 - 0x00007fffa9a89000 	C:\Program Files\Java\jdk-21.0.10\bin\jli.dll
0x00007fffc7e80000 - 0x00007fffc7f3b000 	C:\WINDOWS\System32\ADVAPI32.dll
0x00007fffc9bc0000 - 0x00007fffc9c69000 	C:\WINDOWS\System32\msvcrt.dll
0x00007fffc8d60000 - 0x00007fffc8e07000 	C:\WINDOWS\System32\sechost.dll
0x00007fffc8760000 - 0x00007fffc8878000 	C:\WINDOWS\System32\RPCRT4.dll
0x00007fffc8b40000 - 0x00007fffc8d05000 	C:\WINDOWS\System32\USER32.dll
0x00007fffc7370000 - 0x00007fffc7397000 	C:\WINDOWS\System32\win32u.dll
0x00007fffc8530000 - 0x00007fffc855b000 	C:\WINDOWS\System32\GDI32.dll
0x00007fffc7ca0000 - 0x00007fffc7dcb000 	C:\WINDOWS\System32\gdi32full.dll
0x00007fffc7170000 - 0x00007fffc7213000 	C:\WINDOWS\System32\msvcp_win.dll
0x00007fffa8930000 - 0x00007fffa894e000 	C:\Program Files\Java\jdk-21.0.10\bin\VCRUNTIME140.dll
0x00007fffa4b30000 - 0x00007fffa4dc3000 	C:\WINDOWS\WinSxS\amd64_microsoft.windows.common-controls_6595b64144ccf1df_6.0.26100.8037_none_3e092faae333b53b\COMCTL32.dll
0x00007fffbf280000 - 0x00007fffbf28b000 	C:\WINDOWS\SYSTEM32\VERSION.dll
0x00007fffc8600000 - 0x00007fffc8631000 	C:\WINDOWS\System32\IMM32.DLL
0x00007fffc3bf0000 - 0x00007fffc3bfc000 	C:\Program Files\Java\jdk-21.0.10\bin\vcruntime140_1.dll
0x00007fffa2640000 - 0x00007fffa26cd000 	C:\Program Files\Java\jdk-21.0.10\bin\msvcp140.dll
0x00007fff4ae40000 - 0x00007fff4bb67000 	C:\Program Files\Java\jdk-21.0.10\bin\server\jvm.dll
0x00007fffc80b0000 - 0x00007fffc8124000 	C:\WINDOWS\System32\WS2_32.dll
0x00007fffc6820000 - 0x00007fffc687e000 	C:\WINDOWS\SYSTEM32\POWRPROF.dll
0x00007fffb6f30000 - 0x00007fffb6f65000 	C:\WINDOWS\SYSTEM32\WINMM.dll
0x00007fffc6800000 - 0x00007fffc6814000 	C:\WINDOWS\SYSTEM32\UMPDC.dll
0x00007fffc56e0000 - 0x00007fffc56fb000 	C:\WINDOWS\SYSTEM32\kernel.appcore.dll
0x00007fffc3680000 - 0x00007fffc368a000 	C:\Program Files\Java\jdk-21.0.10\bin\jimage.dll
0x00007fffc4910000 - 0x00007fffc4b52000 	C:\WINDOWS\SYSTEM32\DBGHELP.DLL
0x00007fffc8130000 - 0x00007fffc84b2000 	C:\WINDOWS\System32\combase.dll
0x00007fffc8a60000 - 0x00007fffc8b37000 	C:\WINDOWS\System32\OLEAUT32.dll
0x00007fff94b60000 - 0x00007fff94b9b000 	C:\WINDOWS\SYSTEM32\dbgcore.DLL
0x00007fffc7dd0000 - 0x00007fffc7e75000 	C:\WINDOWS\System32\bcryptPrimitives.dll
0x00007fffa39b0000 - 0x00007fffa39d1000 	C:\Program Files\Java\jdk-21.0.10\bin\java.dll
0x00007fffc9450000 - 0x00007fffc9baf000 	C:\WINDOWS\System32\SHELL32.dll
0x00007fffc6b40000 - 0x00007fffc6caa000 	C:\WINDOWS\System32\wintypes.dll
0x00007fffc7430000 - 0x00007fffc7c94000 	C:\WINDOWS\System32\windows.storage.dll
0x00007fffc9fa0000 - 0x00007fffca097000 	C:\WINDOWS\System32\SHCORE.dll
0x00007fffc84c0000 - 0x00007fffc8527000 	C:\WINDOWS\System32\shlwapi.dll
0x00007fffc68e0000 - 0x00007fffc6909000 	C:\WINDOWS\SYSTEM32\profapi.dll
0x00007fff8a040000 - 0x00007fff8a117000 	C:\Program Files\Java\jdk-21.0.10\bin\jsvml.dll
0x00007fffa2620000 - 0x00007fffa2631000 	C:\Program Files\Java\jdk-21.0.10\bin\net.dll
0x00007fffc0600000 - 0x00007fffc0727000 	C:\WINDOWS\SYSTEM32\WINHTTP.dll
0x00007fffc5c30000 - 0x00007fffc5c9b000 	C:\WINDOWS\system32\mswsock.dll
0x00007fffa2600000 - 0x00007fffa2616000 	C:\Program Files\Java\jdk-21.0.10\bin\nio.dll
0x00007fffa3990000 - 0x00007fffa39a8000 	C:\Program Files\Java\jdk-21.0.10\bin\zip.dll
0x00007fffa87e0000 - 0x00007fffa87f0000 	C:\Program Files\Java\jdk-21.0.10\bin\verify.dll
0x00007fffa2b30000 - 0x00007fffa2b3e000 	C:\Program Files\Java\jdk-21.0.10\bin\sunmscapi.dll
0x00007fffc69c0000 - 0x00007fffc6b37000 	C:\WINDOWS\System32\CRYPT32.dll
0x00007fffc61c0000 - 0x00007fffc61f0000 	C:\WINDOWS\SYSTEM32\ncrypt.dll
0x00007fffc6170000 - 0x00007fffc61af000 	C:\WINDOWS\SYSTEM32\NTASN1.dll
0x00007fffc6090000 - 0x00007fffc60a3000 	C:\WINDOWS\SYSTEM32\MSASN1.dll
0x00007fffc6030000 - 0x00007fffc604b000 	C:\WINDOWS\SYSTEM32\CRYPTSP.dll
0x00007fffc5640000 - 0x00007fffc5679000 	C:\WINDOWS\system32\rsaenh.dll
0x00007fffc5e90000 - 0x00007fffc5e9c000 	C:\WINDOWS\SYSTEM32\CRYPTBASE.dll
0x00007fffc68b0000 - 0x00007fffc68da000 	C:\WINDOWS\SYSTEM32\bcrypt.dll
0x00007fffc5ca0000 - 0x00007fffc5cd0000 	C:\WINDOWS\SYSTEM32\gpapi.dll
0x00007fffc5ce0000 - 0x00007fffc5d12000 	C:\WINDOWS\SYSTEM32\USERENV.dll
0x00007fffc4ff0000 - 0x00007fffc5023000 	C:\WINDOWS\SYSTEM32\IPHLPAPI.DLL
0x00007fffc80a0000 - 0x00007fffc80aa000 	C:\WINDOWS\System32\NSI.dll
0x00007ffe9e910000 - 0x00007ffe9eaa4000 	C:\Program Files\Java\jdk-21.0.10\bin\awt.dll
0x00007fffc3e70000 - 0x00007fffc3f0f000 	C:\WINDOWS\SYSTEM32\apphelp.dll
0x00007fffc4080000 - 0x00007fffc412a000 	C:\WINDOWS\system32\uxtheme.dll
0x00007fffc7f40000 - 0x00007fffc809d000 	C:\WINDOWS\System32\MSCTF.dll
0x00007fffc9c70000 - 0x00007fffc9e05000 	C:\WINDOWS\System32\ole32.dll
0x00007fffc4360000 - 0x00007fffc438e000 	C:\WINDOWS\system32\DWMAPI.DLL
0x00007fff1bc10000 - 0x00007fff1bd1e000 	C:\WINDOWS\system32\opengl32.dll
0x00007fff1bbe0000 - 0x00007fff1bc0d000 	C:\WINDOWS\SYSTEM32\GLU32.dll
0x00007fffc4180000 - 0x00007fffc41c3000 	C:\WINDOWS\SYSTEM32\dxcore.dll
0x00007fff4e1e0000 - 0x00007fff4e392000 	C:\WINDOWS\system32\d3d9.dll
0x00007fffbf2b0000 - 0x00007fffbf374000 	C:\WINDOWS\System32\DriverStore\FileRepository\nv_dispi.inf_amd64_021cb587ccc8964f\nvldumdx.dll
0x00007fffbf010000 - 0x00007fffbf04b000 	C:\WINDOWS\SYSTEM32\cryptnet.dll
0x00007fffc5f30000 - 0x00007fffc5f98000 	C:\WINDOWS\SYSTEM32\wldp.dll
0x00007fffbee90000 - 0x00007fffbf008000 	C:\WINDOWS\SYSTEM32\drvstore.dll
0x00007fffc6500000 - 0x00007fffc652d000 	C:\WINDOWS\SYSTEM32\devobj.dll
0x00007fffc6530000 - 0x00007fffc6587000 	C:\WINDOWS\SYSTEM32\cfgmgr32.dll
0x00007fffc73a0000 - 0x00007fffc7421000 	C:\WINDOWS\System32\wintrust.dll
0x00007fffc8730000 - 0x00007fffc8750000 	C:\WINDOWS\System32\imagehlp.dll
0x00007fffb8dc0000 - 0x00007fffbdd17000 	C:\WINDOWS\System32\DriverStore\FileRepository\nv_dispi.inf_amd64_021cb587ccc8964f\nvgpucomp64.dll
0x00007fffb6f70000 - 0x00007fffb70ab000 	C:\WINDOWS\System32\DriverStore\FileRepository\nv_dispi.inf_amd64_021cb587ccc8964f\NvMemMapStoragex.dll
0x00007ffe5ea90000 - 0x00007ffe611c6000 	C:\WINDOWS\System32\DriverStore\FileRepository\nv_dispi.inf_amd64_021cb587ccc8964f\nvd3dumx.dll
0x00007fffc03f0000 - 0x00007fffc0450000 	C:\WINDOWS\SYSTEM32\directxdatabasehelper.dll
0x00007fff91260000 - 0x00007fff913a7000 	C:\WINDOWS\system32\nvspcap64.dll
0x00007fffc5800000 - 0x00007fffc5836000 	C:\WINDOWS\SYSTEM32\ntmarta.dll
0x00007fff8fdc0000 - 0x00007fff904e5000 	C:\WINDOWS\System32\DriverStore\FileRepository\nv_dispi.inf_amd64_021cb587ccc8964f\nvppex.dll
0x00007ffeaf220000 - 0x00007ffeaf2a7000 	C:\Program Files\Java\jdk-21.0.10\bin\freetype.dll
0x00007ffea49e0000 - 0x00007ffea4ad1000 	C:\Program Files\Java\jdk-21.0.10\bin\fontmanager.dll
0x00007fff9a930000 - 0x00007fff9aa78000 	C:\WINDOWS\SYSTEM32\textinputframework.dll
0x00007fffa86a0000 - 0x00007fffa86aa000 	C:\Program Files\Java\jdk-21.0.10\bin\management.dll
0x00007fffa3980000 - 0x00007fffa398c000 	C:\Program Files\Java\jdk-21.0.10\bin\management_ext.dll
0x00007fffc9f90000 - 0x00007fffc9f98000 	C:\WINDOWS\System32\PSAPI.DLL
0x00007fffc5110000 - 0x00007fffc523a000 	C:\WINDOWS\SYSTEM32\DNSAPI.dll
0x00007fffc07c0000 - 0x00007fffc07cb000 	C:\Windows\System32\rasadhlp.dll
0x00007fffc3ac0000 - 0x00007fffc3be7000 	C:\WINDOWS\SYSTEM32\CoreMessaging.dll
0x00007fffbf890000 - 0x00007fffbfb72000 	C:\WINDOWS\SYSTEM32\CoreUIComponents.dll
0x00007fffbf740000 - 0x00007fffbf7c6000 	C:\WINDOWS\System32\fwpuclnt.dll
0x00007fffa30b0000 - 0x00007fffa30b9000 	C:\Program Files\Java\jdk-21.0.10\bin\extnet.dll
0x00007ffea48c0000 - 0x00007ffea4904000 	C:\Users\tyler\AppData\Local\Temp\jna-110840180\jna10940460492007897340.dll
0x00007ffe9fb20000 - 0x00007ffe9fbbc000 	C:\Users\tyler\AppData\Local\Temp\jna-110840180\jna831185782000625072.dll
0x00007ffe9e8f0000 - 0x00007ffe9e902000 	C:\Program Files\Java\jdk-21.0.10\bin\jsound.dll
0x00007fff00d10000 - 0x00007fff00da4000 	C:\WINDOWS\SYSTEM32\DSOUND.dll
0x00007fff00c50000 - 0x00007fff00d01000 	C:\WINDOWS\SYSTEM32\ResampleDmo.DLL
0x00007fff00db0000 - 0x00007fff00de7000 	C:\WINDOWS\SYSTEM32\winmmbase.dll
0x00007fff8c780000 - 0x00007fff8c78e000 	C:\WINDOWS\SYSTEM32\msdmo.dll
0x00007fffc8f00000 - 0x00007fffc8fae000 	C:\WINDOWS\System32\clbcatq.dll
0x00007fffbf610000 - 0x00007fffbf6a8000 	C:\WINDOWS\System32\MMDevApi.dll
0x00007fffacf20000 - 0x00007fffacf67000 	C:\WINDOWS\SYSTEM32\wdmaud.drv
0x00007fffc3690000 - 0x00007fffc36b3000 	C:\WINDOWS\SYSTEM32\wdmaud2.drv
0x00007fffbfe20000 - 0x00007fffbfe2b000 	C:\WINDOWS\SYSTEM32\AVRT.dll
0x00007fff874b0000 - 0x00007fff874b8000 	C:\Program Files\Java\jdk-21.0.10\bin\rl_gpushared_shim.dll
0x00007fffb0f10000 - 0x00007fffb10c2000 	C:\WINDOWS\SYSTEM32\AUDIOSES.DLL
0x00007fffc3d60000 - 0x00007fffc3d6f000 	C:\WINDOWS\SYSTEM32\msacm32.drv
0x00007fffa8700000 - 0x00007fffa8721000 	C:\WINDOWS\SYSTEM32\MSACM32.dll
0x00007fffc3790000 - 0x00007fffc379c000 	C:\WINDOWS\SYSTEM32\midimap.dll
0x00007fffc47a0000 - 0x00007fffc47b4000 	C:\WINDOWS\SYSTEM32\resourcepolicyclient.dll
0x00007fff9d1e0000 - 0x00007fff9d336000 	C:\Windows\System32\Windows.UI.dll
0x00007ffe5d2b0000 - 0x00007ffe5d331000 	C:\Program Files\Java\jdk-21.0.10\bin\mlib_image.dll
0x00007ffe5d280000 - 0x00007ffe5d2b0000 	C:\Program Files\Java\jdk-21.0.10\bin\javajpeg.dll
0x00007fff86c90000 - 0x00007fff86c96000 	C:\Users\tyler\AppData\Local\Temp\flatlaf.temp\flatlaf-windows-x86_64-795110133536000.dll
0x00007fff82ad0000 - 0x00007fff82ad7000 	C:\Program Files\Java\jdk-21.0.10\bin\jawt.dll
0x00007fffc4030000 - 0x00007fffc403e000 	C:\WINDOWS\SYSTEM32\WINNSI.DLL
0x00007ffe5d250000 - 0x00007ffe5d277000 	C:\Users\tyler\AppData\Local\Temp\15218234475863390409rlawt.dll
0x00007ffe5d220000 - 0x00007ffe5d247000 	C:\Users\tyler\AppData\Local\Temp\18149222898878048556rlicn_amd64.dll
0x00007fffc1710000 - 0x00007fffc193d000 	C:\WINDOWS\SYSTEM32\WindowsCodecs.dll
0x00007fff85150000 - 0x00007fff851aa000 	C:\WINDOWS\system32\dataexchange.dll
0x00007fffb7aa0000 - 0x00007fffb7ce4000 	C:\WINDOWS\system32\twinapi.appcore.dll
0x00007fffad450000 - 0x00007fffad50f000 	C:\WINDOWS\SYSTEM32\mscms.dll
0x00007fff94f40000 - 0x00007fff94f89000 	C:\WINDOWS\SYSTEM32\icm32.dll

dbghelp: loaded successfully - version: 4.0.5 - missing functions: none
symbol engine: initialized successfully - sym options: 0x614 - pdb path: .;C:\Program Files\Java\jdk-21.0.10\bin;C:\WINDOWS\SYSTEM32;C:\WINDOWS\WinSxS\amd64_microsoft.windows.common-controls_6595b64144ccf1df_6.0.26100.8037_none_3e092faae333b53b;C:\Program Files\Java\jdk-21.0.10\bin\server;C:\WINDOWS\System32\DriverStore\FileRepository\nv_dispi.inf_amd64_021cb587ccc8964f;C:\Users\tyler\AppData\Local\Temp\jna-110840180;C:\Users\tyler\AppData\Local\Temp\flatlaf.temp;C:\Users\tyler\AppData\Local\Temp;C:\Users\tyler\AppData\Local\Temp\lwjgl-rl\3.3.2+13\x64

VM Arguments:
jvm_args: -Dfile.encoding=UTF-8 -Duser.country=US -Duser.language=en -Duser.variant 
java_command: net.runelite.client.RuneLite
java_class_path (initial): C:\Users\tyler\Documents\code\UnrealRS2\rl-gpushared-shim\runelite-master\runelite-client\build\classes\java\main;C:\Users\tyler\Documents\code\UnrealRS2\rl-gpushared-shim\runelite-master\runelite-client\build\resources\main;C:\Users\tyler\Documents\code\UnrealRS2\rl-gpushared-shim\runelite-master\runelite-api\build\libs\runelite-api-1.12.20.jar;C:\Users\tyler\.gradle\caches\modules-2\files-2.1\net.runelite.arn\http-api\1.2.22\4c8a190097c0a98ffed6fcf89728c834f57fc05a\http-api-1.2.22.jar;C:\Users\tyler\.gradle\caches\modules-2\files-2.1\net.runelite\discord\1.4\5e3d040c8c8922d3e8cb900f532d7c08a748d687\discord-1.4.jar;C:\Users\tyler\.gradle\caches\modules-2\files-2.1\net.runelite\rlawt\1.8\f16657784ff32b98e108385bcf4ecfcf7185d67\rlawt-1.8.jar;C:\Users\tyler\Documents\code\UnrealRS2\rl-gpushared-shim\runelite-master\runelite-jshell\build\libs\jshell-1.12.20.jar;C:\Users\tyler\.gradle\caches\modules-2\files-2.1\org.slf4j\slf4j-api\1.7.25\da76ca59f6a57ee3102f8f9bd9cee742973efa8a\slf4j-api-1.7.25.jar;C:\Users\tyler\.gradle\caches\modules-2\files-2.1\ch.qos.logback\logback-classic\1.2.9\7d495522b08a9a66084bf417e70eedf95ef706bc\logback-classic-1.2.9.jar;C:\Users\tyler\.gradle\caches\modules-2\files-2.1\net.sf.jopt-simple\jopt-simple\5.0.1\20f7d76f9d06033d68f1b8e58666e7c542e91f08\jopt-simple-5.0.1.jar;C:\Users\tyler\.gradle\caches\modules-2\files-2.1\com.google.guava\guava\23.2-jre\a1a3e54263d357d2ecadcb3f5e7eb6464c66fe93\guava-23.2-jre.jar;C:\Users\tyler\.gradle\caches\modules-2\files-2.1\com.google.inject\guice\4.1.0\faf9ee8ac09eafd1128091426dd367a8c0085d55\guice-4.1.0-no_aop.jar;C:\Users\tyler\.gradle\caches\modules-2\files-2.1\com.google.code.gson\gson\2.8.5\f645ed69d595b24d4cf8b3fbb64cc505bede8829\gson-2.8.5.jar;C:\Users\tyler\.gradle\caches\modules-2\files-2.1\net.runelite\flatlaf-extras\3.2.5-rl4\1112b8c52e3c113b60747ed83d6ab9cbdb84f0\flatlaf-extras-3.2.5-rl4.jar;C:\Users\tyler\.gradle\caches\modules-2\files-2.1\net.runelite\flatlaf\3.2.5-rl4\b1fe47f883df98b5e948212089105ccb011a6ecb\flatlaf-3.2.5-rl4.jar;C:\Users\tyler\.gradle\caches\modules-2\files-2.1\org.apache.commons\commons-text\1.2\74acdec7237f576c4803fff0c1008ab8a3808b2b\commons-text-1.2.jar;C:\Users\tyler\.gradle\caches\modules-2\files-2.1\net.java.dev.jna\jna-platform\5.9.0\c535a5bda553d7d7690356c825010da74b2671b5\jna-platform-5.9.0.jar;C:\Users\tyler\.gradle\caches\modules-2\files-2.1\net.java.dev.jna\jna\5.9.0\8f503e6d9b500ceff299052d6be75b38c7257758\jna-5.9.0.jar;C:\Users\tyler\.gradle\caches\modules-2\files-2.1\com.google.code.findbugs\jsr305\3.0.2\25ea2e8b0c338a877313bd4672d3fe056ea78f0d\jsr305-3.0.2.jar;C:\Users\tyler\.gradle\caches\modules-2\files-2.1\com.google.protobuf\protobuf-javalite\3.21.12\e450dd89f2b4f79af08a9cb8ccbe62b25b1e7be8\protobuf-javalite-3.21.12.jar;C:\Users\tyler\.gradle\caches\modules-2\files-2.1\org.lwjgl\lwjgl-opengl\3.3.2\ee8e95be0b438602038bc1f02dc5e3d011b1b216\lwjgl-opengl-3.3.2.jar;C:\Users\tyler\.gradle\caches\modules-2\files-2.1\org.lwjgl\lwjgl-opengl\3.3.2\b8368430ef0d91a5acbc6fbfa47b20c3ec083aec\lwjgl-opengl-3.3.2-natives-linux.jar;C:\Users\tyler\.gradle\caches\modules-2\files-2.1\org.lwjgl\lwjgl-opengl\3.3.2\bb9eb56da6d1d549d6a767218e675e36bc568eb9\lwjgl-opengl-3.3.2-natives-linux-arm64.jar;C:\Users\tyler\.gradle\caches\modules-2\files-2.1\org.lwjgl\lwjgl-opengl\3.3.2\5141389ca737369f317b1288a570534c40db9cf\lwjgl-opengl-3.3.2-natives-macos.jar;C:\Users\tyler\.gradle\caches\modules-2\files-2.1\org.lwjgl\lwjgl-opengl\3.3.2\baadfd67936dcd7e0334dd3a9cf8dd13a0bcb009\lwjgl-opengl-3.3.2-natives-macos-arm64.jar;C:\Users\tyler\.gradle\caches\modules-2\files-2.1\org.lwjgl\lwjgl-opengl\3.3.2\22fa4149159154b24f6c1bd46a342d4958a9fba1\lwjgl-opengl-3.3.2-natives-windows-x86.jar;C:\Users\tyler\.gradle\caches\modules-2\files-2.1\org.lwjgl\lwjgl-opengl\3.3.2\83cd34469d4e0bc335bf74c7f62206530a9480bf\lwjgl-opengl-3.3.2-natives-windows.jar;C:\Users\tyler\.gradle\caches\modules-2\files-2.1\org.lwjgl\lwjgl-opengl\3.3.2\21df035bf03dbf5001f92291b24dc951da513481\lwjgl-opengl-3.3.2-natives-windows-arm64.jar;C:\Users\tyler\.gradle\caches\modules-2\files-2.1\org.lwjgl\lwjgl-opencl\3.3.2\25cefb263d7da6d3328aab9db41b6d1ea256a134\lwjgl-opencl-3.3.2.jar;C:\Users\tyler\.gradle\caches\modules-2\files-2.1\org.lwjgl\lwjgl\3.3.2\4421d94af68e35dcaa31737a6fc59136a1e61b94\lwjgl-3.3.2.jar;C:\Users\tyler\.gradle\caches\modules-2\files-2.1\org.lwjgl\lwjgl\3.3.2\767684973f259d97e7dc66a125eb153986f177e7\lwjgl-3.3.2-natives-linux.jar;C:\Users\tyler\.gradle\caches\modules-2\files-2.1\org.lwjgl\lwjgl\3.3.2\8bd89332c90a90e6bc4aa997a25c05b7db02c90a\lwjgl-3.3.2-natives-linux-arm64.jar;C:\Users\tyler\.gradle\caches\modules-2\files-2.1\org.lwjgl\lwjgl\3.3.2\3256dce7fa36d6b572afa5e5730f532cf987f3bf\lwjgl-3.3.2-natives-macos.jar;C:\Users\tyler\.gradle\caches\modules-2\files-2.1\org.lwjgl\lwjgl\3.3.2\319eea74a8829ce92fd54ce7c684b6b6557c05bb\lwjgl-3.3.2-natives-macos-arm64.jar;C:\Users\tyler\.gradle\caches\modules-2\files-2.1\org.lwjgl\lwjgl\3.3.2\ed495259b2c8f068794da0ffedfa7ae7c130b3c5\lwjgl-3.3.2-natives-windows-x86.jar;C:\Users\tyler\.gradle\caches\modules-2\files-2.1\org.lwjgl\lwjgl\3.3.2\a55169ced70ffcd15f2162daf4a9c968578f6cd5\lwjgl-3.3.2-natives-windows.jar;C:\Users\tyler\.gradle\caches\modules-2\files-2.1\org.lwjgl\lwjgl\3.3.2\d900e4678449ba97ff46fa64b22e0376bf8cd00e\lwjgl-3.3.2-natives-windows-arm64.jar;C:\Users\tyler\.gradle\caches\modules-2\files-2.1\net.runelite\injected-client\1.12.20\ee64fe98402dab52ec4f9b8f425404533e183495\injected-client-1.12.20.jar;C:\Users\tyler\.gradle\caches\modules-2\files-2.1\com.squareup.okhttp3\okhttp\3.14.9\3e6d101343c7ea687cd593e4990f73b25c878383\okhttp-3.14.9.jar;C:\Users\tyler\.gradle\caches\modules-2\files-2.1\ch.qos.logback\logback-core\1.2.9\cdaca0cf922c5791a8efa0063ec714ca974affe3\logback-core-1.2.9.jar;C:\Users\tyler\.gradle\caches\modules-2\files-2.1\javax.inject\javax.inject\1\6975da39a7040257bd51d21a231b76c915872d38\javax.inject-1.jar;C:\Users\tyler\.gradle\caches\modules-2\files-2.1\aopalliance\aopalliance\1.0\235ba8b489512805ac13a8f9ea77a1ca5ebe3e8\aopalliance-1.0.jar;C:\Users\tyler\.gradle\caches\modules-2\files-2.1\org.apache.commons\commons-lang3\3.7\557edd918fd41f9260963583ebf5a61a43a6b423\commons-lang3-3.7.jar;C:\Users\tyler\.gradle\caches\modules-2\files-2.1\com.fifesoft\autocomplete\3.1.1\462acc825af76747e8a90642d23150024cb9fd87\autocomplete-3.1.1.jar;C:\Users\tyler\.gradle\caches\modules-2\files-2.1\com.fifesoft\rsyntaxtextarea\3.1.2\d7b4588faf4e7abf5455b0b40e71a5a20249ac73\rsyntaxtextarea-3.1.2.jar;C:\Users\tyler\.gradle\caches\modules-2\files-2.1\com.github.weisj\jsvg\1.2.0\7a1dfd541dc48ca58e706c356d1604971f58db25\jsvg-1.2.0.jar;C:\Users\tyler\.gradle\caches\modules-2\files-2.1\net.runelite\rlicn\1.1\37e791f652c9f0c3390e0eca1c92215b66b4a42\rlicn-1.1-windows.jar;C:\Users\tyler\.gradle\caches\modules-2\files-2.1\org.json\json\20090211\c183aa3a2a6250293808bba12262c8920ce5a51c\json-20090211.jar;C:\Users\tyler\.gradle\caches\modules-2\files-2.1\com.squareup.okio\okio\1.17.2\78c7820b205002da4d2d137f6f312bd64b3d6049\okio-1.17.2.jar
Launcher Type: SUN_STANDARD

[Global flags]
     intx CICompilerCount                          = 12                                        {product} {ergonomic}
     uint ConcGCThreads                            = 5                                         {product} {ergonomic}
     uint G1ConcRefinementThreads                  = 18                                        {product} {ergonomic}
   size_t G1HeapRegionSize                         = 4194304                                   {product} {ergonomic}
    uintx GCDrainStackTargetSize                   = 64                                        {product} {ergonomic}
   size_t InitialHeapSize                          = 536870912                                 {product} {ergonomic}
   size_t MarkStackSize                            = 4194304                                   {product} {ergonomic}
   size_t MaxHeapSize                              = 8531214336                                {product} {ergonomic}
   size_t MaxNewSize                               = 5117050880                                {product} {ergonomic}
   size_t MinHeapDeltaBytes                        = 4194304                                   {product} {ergonomic}
   size_t MinHeapSize                              = 8388608                                   {product} {ergonomic}
    uintx NonNMethodCodeHeapSize                   = 7602480                                {pd product} {ergonomic}
    uintx NonProfiledCodeHeapSize                  = 122027880                              {pd product} {ergonomic}
    uintx ProfiledCodeHeapSize                     = 122027880                              {pd product} {ergonomic}
    uintx ReservedCodeCacheSize                    = 251658240                              {pd product} {ergonomic}
     bool SegmentedCodeCache                       = true                                      {product} {ergonomic}
   size_t SoftMaxHeapSize                          = 8531214336                             {manageable} {ergonomic}
     bool UseCompressedOops                        = true                           {product lp64_product} {ergonomic}
     bool UseG1GC                                  = true                                      {product} {ergonomic}
     bool UseLargePagesIndividualAllocation        = false                                  {pd product} {ergonomic}

Logging:
Log output configuration:
 #0: stdout all=warning uptime,level,tags foldmultilines=false
 #1: stderr all=off uptime,level,tags foldmultilines=false

Environment Variables:
PATH=C:\Program Files\Common Files\Oracle\Java\javapath;C:\Python314\Scripts\;C:\Python314\;C:\WINDOWS\system32;C:\WINDOWS;C:\WINDOWS\System32\Wbem;C:\WINDOWS\System32\WindowsPowerShell\v1.0\;C:\WINDOWS\System32\OpenSSH\;C:\Program Files\Sunshine;C:\Program Files\Sunshine\tools;C:\Program Files\NVIDIA Corporation\NVIDIA App\NvDLISR;C:\Program Files (x86)\NVIDIA Corporation\PhysX\Common;C:\Program Files\dotnet\;C:\Program Files\Git\cmd;C:\Program Files\nodejs\;C:\ProgramData\chocolatey\bin;C:\Program Files\VSCodium\bin;C:\Users\tyler\AppData\Local\Microsoft\WindowsApps;C:\Users\tyler\AppData\Local\PowerToys\DSCModules\;C:\Users\tyler\AppData\Roaming\npm;C:\Users\tyler\AppData\Local\JetBrains\Toolbox\scripts;C:\Users\tyler\AppData\Local\gitkraken\bin;C:\Users\tyler\.bun\bin;C:\Users\tyler\.local\bin;
USERNAME=tyler
OS=Windows_NT
PROCESSOR_IDENTIFIER=Intel64 Family 6 Model 151 Stepping 2, GenuineIntel
TMP=C:\Users\tyler\AppData\Local\Temp
TEMP=C:\Users\tyler\AppData\Local\Temp




Periodic native trim disabled

---------------  S Y S T E M  ---------------

OS:
 Windows 11 , 64 bit Build 26100 (10.0.26100.7920)
OS uptime: 0 days 22:39 hours
Hyper-V role detected

CPU: total 24 (initial active 24) (12 cores per cpu, 2 threads per core) family 6 model 151 stepping 2 microcode 0x36, cx8, cmov, fxsr, ht, mmx, 3dnowpref, sse, sse2, sse3, ssse3, sse4.1, sse4.2, popcnt, lzcnt, tsc, tscinvbit, avx, avx2, aes, erms, clmul, bmi1, bmi2, adx, sha, fma, vzeroupper, clflush, clflushopt, clwb, hv, serialize, rdtscp, rdpid, fsrm, f16c, cet_ibt, cet_ss
Processor Information for all 24 processors :
  Max Mhz: 3200, Current Mhz: 3200, Mhz Limit: 3200

Memory: 4k page, system-wide physical 32535M (5234M free)
TotalPageFile size 58183M (AvailPageFile size 3851M)
current process WorkingSet (physical memory assigned to process): 1145M, peak: 1644M
current process commit charge ("private bytes"): 1790M, peak: 2995M

vm_info: Java HotSpot(TM) 64-Bit Server VM (21.0.10+8-LTS-217) for windows-amd64 JRE (21.0.10+8-LTS-217), built on 2025-12-18T14:59:28Z by "mach5run" with MS VC++ 17.13 (VS2022)

END.
